core_id	gene_type	canonical_symbol	human_ensembl_id	human	chimp	macaque	marmoset	conservation_label	conservation_count
11	lncRNA	CATG00000000011.1	CATG00000000011.1	1	1	0	0	1100	2
34	lncRNA	CATG00000000034.1	CATG00000000034.1	1	1	0	0	1100	2
72	lncRNA	CATG00000000072.1	CATG00000000072.1	1	1	0	0	1100	2
183	lncRNA	CATG00000000183.1	CATG00000000183.1	1	0	0	0	1000	1
226	protein_coding	CATG00000000226.1	CATG00000000226	1	0	0	0	1000	1
227	protein_coding	CATG00000000227.1	CATG00000000227	1	0	0	0	1000	1
370	lncRNA	CATG00000000370.1	CATG00000000370.1	1	1	1	1	1111	4
380	protein_coding	CATG00000000380.1	CATG00000000380	1	0	0	0	1000	1
523	lncRNA	CATG00000000523.1	CATG00000000523.1	1	1	1	1	1111	4
681	lncRNA	CATG00000000681.1	CATG00000000681.1	1	1	1	1	1111	4
691	protein_coding	CATG00000000691.1	CATG00000000691	1	0	0	0	1000	1
703	lncRNA	CATG00000000703.1	CATG00000000703.1	1	1	1	1	1111	4
858	lncRNA	CATG00000000858.1	CATG00000000858.1	1	1	1	1	1111	4
944	lncRNA	CATG00000000944.1	CATG00000000944.1	1	1	1	1	1111	4
1034	lncRNA	CATG00000001034.1	CATG00000001034.1	1	1	1	1	1111	4
1093	lncRNA	CATG00000001093.1	CATG00000001093.1	1	1	0	1	1101	3
1365	lncRNA	CATG00000001365.1	CATG00000001365.1	1	1	1	0	1110	3
1384	protein_coding	CATG00000001384.1	CATG00000001384	1	0	0	0	1000	1
1429	protein_coding	CATG00000001429.1	CATG00000001429	1	0	0	0	1000	1
1430	lncRNA	CATG00000001430.1	CATG00000001430.1	1	1	0	1	1101	3
1493	lncRNA	CATG00000001493.1	CATG00000001493.1	1	1	1	1	1111	4
1672	lncRNA	CATG00000001672.1	CATG00000001672.1	1	1	0	1	1101	3
1676	lncRNA	CATG00000001676.1	CATG00000001676.1	1	1	0	1	1101	3
1816	protein_coding	CATG00000001816.1	CATG00000001816	1	0	0	0	1000	1
1906	lncRNA	CATG00000001906.1	CATG00000001906.1	1	1	0	1	1101	3
2023	lncRNA	CATG00000002023.1	CATG00000002023.1	1	1	0	1	1101	3
2075	lncRNA	CATG00000002075.1	CATG00000002075.1	1	1	0	1	1101	3
2235	protein_coding	CATG00000002235.1	CATG00000002235	1	0	0	0	1000	1
2236	lncRNA	CATG00000002236.1	CATG00000002236.1	1	1	0	1	1101	3
2237	lncRNA	CATG00000002237.1	CATG00000002237.1	1	1	0	1	1101	3
2239	lncRNA	CATG00000002239.1	CATG00000002239.1	1	0	0	1	1001	2
2249	lncRNA	CATG00000002249.1	CATG00000002249.1	1	0	0	1	1001	2
2256	protein_coding	CATG00000002256.1	CATG00000002256	1	0	0	0	1000	1
2261	lncRNA	CATG00000002261.1	CATG00000002261.1	1	1	0	1	1101	3
2332	lncRNA	CATG00000002332.1	CATG00000002332.1	1	0	0	1	1001	2
2334	lncRNA	CATG00000002334.1	CATG00000002334.1	1	0	0	1	1001	2
2449	protein_coding	CATG00000002449.1	CATG00000002449	1	0	0	0	1000	1
2463	lncRNA	CATG00000002463.1	CATG00000002463.1	1	1	0	0	1100	2
2667	lncRNA	CATG00000002667.1	CATG00000002667.1	1	1	1	1	1111	4
2705	lncRNA	CATG00000002705.1	CATG00000002705.1	1	1	0	1	1101	3
3034	lncRNA	CATG00000003034.1	CATG00000003034.1	1	1	1	0	1110	3
3157	lncRNA	CATG00000003157.1	CATG00000003157.1	1	1	1	0	1110	3
3162	protein_coding	CATG00000003162.1	CATG00000003162	1	0	0	0	1000	1
3300	lncRNA	CATG00000003300.1	CATG00000003300.1	1	1	1	1	1111	4
3445	protein_coding	CATG00000003445.1	CATG00000003445	1	0	0	0	1000	1
3622	lncRNA	CATG00000003622.1	CATG00000003622.1	1	1	0	0	1100	2
3643	lncRNA	CATG00000003643.1	CATG00000003643.1	1	1	1	0	1110	3
3777	protein_coding	CATG00000003777.1	CATG00000003777	1	0	0	0	1000	1
3787	lncRNA	CATG00000003787.1	CATG00000003787.1	1	1	1	1	1111	4
3892	lncRNA	CATG00000003892.1	CATG00000003892.1	1	1	1	1	1111	4
3943	protein_coding	CATG00000003943.1	CATG00000003943	1	0	0	0	1000	1
4001	lncRNA	CATG00000004001.1	CATG00000004001.1	1	1	1	1	1111	4
4005	lncRNA	CATG00000004005.1	CATG00000004005.1	1	1	1	1	1111	4
4098	protein_coding	CATG00000004098.1	CATG00000004098	1	0	0	0	1000	1
4175	lncRNA	CATG00000004175.1	CATG00000004175.1	1	1	1	1	1111	4
4289	lncRNA	CATG00000004289.1	CATG00000004289.1	1	1	1	1	1111	4
4303	protein_coding	CATG00000004303.1	CATG00000004303	1	0	0	0	1000	1
4376	protein_coding	CATG00000004376.1	CATG00000004376	1	0	0	0	1000	1
4535	protein_coding	CATG00000004535.1	CATG00000004535	1	0	0	0	1000	1
4613	protein_coding	CATG00000004613.1	CATG00000004613	1	0	0	0	1000	1
4937	lncRNA	CATG00000004937.1	CATG00000004937.1	1	1	0	0	1100	2
5247	lncRNA	CATG00000005247.1	CATG00000005247.1	1	1	0	1	1101	3
5254	lncRNA	CATG00000005254.1	CATG00000005254.1	1	1	0	1	1101	3
5272	lncRNA	CATG00000005272.1	CATG00000005272.1	1	1	0	1	1101	3
5325	lncRNA	CATG00000005325.1	CATG00000005325.1	1	1	0	1	1101	3
5391	lncRNA	CATG00000005391.1	CATG00000005391.1	1	1	0	1	1101	3
5458	lncRNA	CATG00000005458.1	CATG00000005458.1	1	1	0	1	1101	3
5468	lncRNA	CATG00000005468.1	CATG00000005468.1	1	1	0	1	1101	3
5529	lncRNA	CATG00000005529.1	CATG00000005529.1	1	1	0	1	1101	3
5551	lncRNA	CATG00000005551.1	CATG00000005551.1	1	1	0	1	1101	3
5608	lncRNA	CATG00000005608.1	CATG00000005608.1	1	0	0	1	1001	2
5609	lncRNA	CATG00000005609.1	CATG00000005609.1	1	0	0	1	1001	2
5705	lncRNA	CATG00000005705.1	CATG00000005705.1	1	1	0	1	1101	3
5706	protein_coding	CATG00000005706.1	CATG00000005706	1	0	0	0	1000	1
5744	protein_coding	CATG00000005744.1	CATG00000005744	1	0	0	0	1000	1
5765	protein_coding	CATG00000005765.1	CATG00000005765	1	0	0	0	1000	1
5774	lncRNA	CATG00000005774.1	CATG00000005774.1	1	1	0	1	1101	3
5853	lncRNA	CATG00000005853.1	CATG00000005853.1	1	1	0	1	1101	3
5854	lncRNA	CATG00000005854.1	CATG00000005854.1	1	1	0	1	1101	3
5855	lncRNA	CATG00000005855.1	CATG00000005855.1	1	1	0	1	1101	3
5866	lncRNA	CATG00000005866.1	CATG00000005866.1	1	1	0	1	1101	3
5899	lncRNA	CATG00000005899.1	CATG00000005899.1	1	1	1	1	1111	4
5914	lncRNA	CATG00000005914.1	CATG00000005914.1	1	1	0	1	1101	3
5987	lncRNA	CATG00000005987.1	CATG00000005987.1	1	1	0	0	1100	2
6127	lncRNA	CATG00000006127.1	CATG00000006127.1	1	1	1	1	1111	4
6140	lncRNA	CATG00000006140.1	CATG00000006140.1	1	1	1	0	1110	3
6223	lncRNA	CATG00000006223.1	CATG00000006223.1	1	1	1	1	1111	4
6256	lncRNA	CATG00000006256.1	CATG00000006256.1	1	1	1	0	1110	3
6264	lncRNA	CATG00000006264.1	CATG00000006264.1	1	1	1	0	1110	3
6466	lncRNA	CATG00000006466.1	CATG00000006466.1	1	1	1	0	1110	3
6482	lncRNA	CATG00000006482.1	CATG00000006482.1	1	1	1	0	1110	3
6484	lncRNA	CATG00000006484.1	CATG00000006484.1	1	1	1	1	1111	4
6489	lncRNA	CATG00000006489.1	CATG00000006489.1	1	1	1	0	1110	3
6490	lncRNA	CATG00000006490.1	CATG00000006490.1	1	1	1	0	1110	3
6600	lncRNA	CATG00000006600.1	CATG00000006600.1	1	1	0	0	1100	2
6914	lncRNA	CATG00000006914.1	CATG00000006914.1	1	1	0	1	1101	3
6919	protein_coding	CATG00000006919.1	CATG00000006919	1	0	0	0	1000	1
6982	protein_coding	CATG00000006982.1	CATG00000006982	1	0	0	0	1000	1
7117	lncRNA	CATG00000007117.1	CATG00000007117.1	1	1	1	1	1111	4
7131	lncRNA	CATG00000007131.1	CATG00000007131.1	1	1	1	1	1111	4
7149	lncRNA	CATG00000007149.1	CATG00000007149.1	1	1	1	1	1111	4
7157	lncRNA	CATG00000007157.1	CATG00000007157.1	1	1	1	0	1110	3
7158	lncRNA	CATG00000007158.1	CATG00000007158.1	1	1	1	0	1110	3
7301	lncRNA	CATG00000007301.1	CATG00000007301.1	1	1	1	1	1111	4
7308	lncRNA	CATG00000007308.1	CATG00000007308.1	1	1	1	1	1111	4
7390	lncRNA	CATG00000007390.1	CATG00000007390.1	1	1	1	1	1111	4
7588	protein_coding	CATG00000007588.1	CATG00000007588	1	0	0	0	1000	1
7659	lncRNA	CATG00000007659.1	CATG00000007659.1	1	0	0	0	1000	1
7805	lncRNA	CATG00000007805.1	CATG00000007805.1	1	1	1	1	1111	4
7931	lncRNA	CATG00000007931.1	CATG00000007931.1	1	1	1	0	1110	3
7993	lncRNA	CATG00000007993.1	CATG00000007993.1	1	1	0	0	1100	2
8117	lncRNA	CATG00000008117.1	CATG00000008117.1	1	1	1	0	1110	3
8128	lncRNA	CATG00000008128.1	CATG00000008128.1	1	1	1	0	1110	3
8226	lncRNA	CATG00000008226.1	CATG00000008226.1	1	1	1	0	1110	3
8313	protein_coding	CATG00000008313.1	CATG00000008313	1	0	0	0	1000	1
8353	lncRNA	CATG00000008353.1	CATG00000008353.1	1	1	1	1	1111	4
8709	lncRNA	CATG00000008709.1	CATG00000008709.1	1	0	1	0	1010	2
8939	lncRNA	CATG00000008939.1	CATG00000008939.1	1	1	1	1	1111	4
8961	lncRNA	CATG00000008961.1	CATG00000008961.1	1	0	1	1	1011	3
8982	protein_coding	CATG00000008982.1	CATG00000008982	1	0	0	0	1000	1
8983	lncRNA	CATG00000008983.1	CATG00000008983.1	1	0	1	1	1011	3
8986	protein_coding	CATG00000008986.1	CATG00000008986	1	0	0	0	1000	1
9016	lncRNA	CATG00000009016.1	CATG00000009016.1	1	1	1	0	1110	3
9125	lncRNA	CATG00000009125.1	CATG00000009125.1	1	1	1	1	1111	4
9163	lncRNA	CATG00000009163.1	CATG00000009163.1	1	0	1	1	1011	3
9193	lncRNA	CATG00000009193.1	CATG00000009193.1	1	0	0	0	1000	1
9365	lncRNA	CATG00000009365.1	CATG00000009365.1	1	1	1	0	1110	3
9582	lncRNA	CATG00000009582.1	CATG00000009582.1	1	1	1	1	1111	4
9676	lncRNA	CATG00000009676.1	CATG00000009676.1	1	1	0	0	1100	2
9732	lncRNA	CATG00000009732.1	CATG00000009732.1	1	1	1	0	1110	3
9873	lncRNA	CATG00000009873.1	CATG00000009873.1	1	1	1	0	1110	3
9893	lncRNA	CATG00000009893.1	CATG00000009893.1	1	1	1	0	1110	3
9912	lncRNA	CATG00000009912.1	CATG00000009912.1	1	1	1	0	1110	3
9913	lncRNA	CATG00000009913.1	CATG00000009913.1	1	1	1	0	1110	3
10165	lncRNA	CATG00000010165.1	CATG00000010165.1	1	1	1	1	1111	4
10259	lncRNA	CATG00000010259.1	CATG00000010259.1	1	1	1	1	1111	4
10261	protein_coding	CATG00000010261.1	CATG00000010261	1	0	0	0	1000	1
10277	protein_coding	CATG00000010277.1	CATG00000010277	1	0	0	0	1000	1
10279	lncRNA	CATG00000010279.1	CATG00000010279.1	1	1	1	1	1111	4
10431	lncRNA	CATG00000010431.1	CATG00000010431.1	1	1	1	1	1111	4
10476	lncRNA	CATG00000010476.1	CATG00000010476.1	1	1	1	0	1110	3
10504	lncRNA	CATG00000010504.1	CATG00000010504.1	1	1	1	1	1111	4
10577	lncRNA	CATG00000010577.1	CATG00000010577.1	1	1	0	1	1101	3
10638	lncRNA	CATG00000010638.1	CATG00000010638.1	1	1	1	0	1110	3
10710	lncRNA	CATG00000010710.1	CATG00000010710.1	1	0	1	1	1011	3
10975	lncRNA	CATG00000010975.1	CATG00000010975.1	1	1	0	1	1101	3
11105	lncRNA	CATG00000011105.1	CATG00000011105.1	1	1	1	1	1111	4
11109	lncRNA	CATG00000011109.1	CATG00000011109.1	1	1	1	1	1111	4
11192	lncRNA	CATG00000011192.1	CATG00000011192.1	1	1	1	1	1111	4
11720	lncRNA	CATG00000011720.1	CATG00000011720.1	1	0	1	0	1010	2
11999	lncRNA	CATG00000011999.1	CATG00000011999.1	1	0	1	1	1011	3
12098	lncRNA	CATG00000012098.1	CATG00000012098.1	1	1	1	1	1111	4
12346	lncRNA	CATG00000012346.1	CATG00000012346.1	1	0	1	1	1011	3
12359	lncRNA	CATG00000012359.1	CATG00000012359.1	1	1	1	1	1111	4
12605	lncRNA	CATG00000012605.1	CATG00000012605.1	1	1	1	0	1110	3
12823	lncRNA	CATG00000012823.1	CATG00000012823.1	1	1	1	0	1110	3
13067	lncRNA	CATG00000013067.1	CATG00000013067.1	1	1	1	1	1111	4
13305	lncRNA	CATG00000013305.1	CATG00000013305.1	1	1	1	1	1111	4
13312	lncRNA	CATG00000013312.1	CATG00000013312.1	1	0	1	1	1011	3
13322	lncRNA	CATG00000013322.1	CATG00000013322.1	1	1	1	1	1111	4
13334	lncRNA	CATG00000013334.1	CATG00000013334.1	1	1	1	1	1111	4
13475	lncRNA	CATG00000013475.1	CATG00000013475.1	1	1	1	1	1111	4
13480	lncRNA	CATG00000013480.1	CATG00000013480.1	1	1	1	1	1111	4
13492	lncRNA	CATG00000013492.1	CATG00000013492.1	1	1	1	1	1111	4
13615	protein_coding	CATG00000013615.1	CATG00000013615	1	0	0	0	1000	1
13773	lncRNA	CATG00000013773.1	CATG00000013773.1	1	1	1	1	1111	4
13774	protein_coding	CATG00000013774.1	CATG00000013774	1	0	0	0	1000	1
13808	protein_coding	CATG00000013808.1	CATG00000013808	1	0	0	0	1000	1
13895	lncRNA	CATG00000013895.1	CATG00000013895.1	1	1	0	1	1101	3
14020	lncRNA	CATG00000014020.1	CATG00000014020.1	1	1	1	1	1111	4
14027	lncRNA	CATG00000014027.1	CATG00000014027.1	1	1	1	0	1110	3
14051	lncRNA	CATG00000014051.1	CATG00000014051.1	1	1	1	1	1111	4
14352	protein_coding	CATG00000014352.1	CATG00000014352	1	0	0	0	1000	1
14356	lncRNA	CATG00000014356.1	CATG00000014356.1	1	0	1	1	1011	3
14359	lncRNA	CATG00000014359.1	CATG00000014359.1	1	0	1	1	1011	3
14362	lncRNA	CATG00000014362.1	CATG00000014362.1	1	0	1	1	1011	3
14466	lncRNA	CATG00000014466.1	CATG00000014466.1	1	0	1	1	1011	3
14472	lncRNA	CATG00000014472.1	CATG00000014472.1	1	0	1	1	1011	3
14801	protein_coding	CATG00000014801.1	CATG00000014801	1	0	0	0	1000	1
14806	protein_coding	CATG00000014806.1	CATG00000014806	1	0	0	0	1000	1
15047	lncRNA	CATG00000015047.1	CATG00000015047.1	1	1	1	1	1111	4
15170	lncRNA	CATG00000015170.1	CATG00000015170.1	1	1	1	0	1110	3
15453	lncRNA	CATG00000015453.1	CATG00000015453.1	1	1	1	0	1110	3
15555	lncRNA	CATG00000015555.1	CATG00000015555.1	1	1	1	0	1110	3
15927	lncRNA	CATG00000015927.1	CATG00000015927.1	1	1	1	1	1111	4
16106	protein_coding	CATG00000016106.1	CATG00000016106	1	0	0	0	1000	1
16162	lncRNA	CATG00000016162.1	CATG00000016162.1	1	1	1	1	1111	4
16231	protein_coding	CATG00000016231.1	CATG00000016231	1	0	0	0	1000	1
16250	protein_coding	CATG00000016250.1	CATG00000016250	1	0	0	0	1000	1
16254	lncRNA	CATG00000016254.1	CATG00000016254.1	1	1	1	1	1111	4
16458	lncRNA	CATG00000016458.1	CATG00000016458.1	1	1	0	0	1100	2
16466	lncRNA	CATG00000016466.1	CATG00000016466.1	1	1	0	1	1101	3
16469	lncRNA	CATG00000016469.1	CATG00000016469.1	1	1	0	1	1101	3
16481	protein_coding	CATG00000016481.1	CATG00000016481	1	0	0	0	1000	1
16488	lncRNA	CATG00000016488.1	CATG00000016488.1	1	1	1	1	1111	4
16513	lncRNA	CATG00000016513.1	CATG00000016513.1	1	1	1	1	1111	4
16516	lncRNA	CATG00000016516.1	CATG00000016516.1	1	1	0	1	1101	3
16522	lncRNA	CATG00000016522.1	CATG00000016522.1	1	1	1	1	1111	4
16645	lncRNA	CATG00000016645.1	CATG00000016645.1	1	0	0	0	1000	1
16698	lncRNA	CATG00000016698.1	CATG00000016698.1	1	1	1	1	1111	4
17432	lncRNA	CATG00000017432.1	CATG00000017432.1	1	1	1	1	1111	4
17483	lncRNA	CATG00000017483.1	CATG00000017483.1	1	1	1	1	1111	4
17558	lncRNA	CATG00000017558.1	CATG00000017558.1	1	1	1	1	1111	4
17605	lncRNA	CATG00000017605.1	CATG00000017605.1	1	1	1	1	1111	4
17625	lncRNA	CATG00000017625.1	CATG00000017625.1	1	1	1	1	1111	4
17644	lncRNA	CATG00000017644.1	CATG00000017644.1	1	1	1	1	1111	4
17658	lncRNA	CATG00000017658.1	CATG00000017658.1	1	1	1	0	1110	3
17739	lncRNA	CATG00000017739.1	CATG00000017739.1	1	1	1	1	1111	4
17860	lncRNA	CATG00000017860.1	CATG00000017860.1	1	1	1	1	1111	4
17870	protein_coding	CATG00000017870.1	CATG00000017870	1	0	0	0	1000	1
17961	lncRNA	CATG00000017961.1	CATG00000017961.1	1	1	1	1	1111	4
18053	protein_coding	CATG00000018053.1	CATG00000018053	1	0	0	0	1000	1
18149	protein_coding	CATG00000018149.1	CATG00000018149	1	0	0	0	1000	1
18232	lncRNA	CATG00000018232.1	CATG00000018232.1	1	1	1	1	1111	4
18261	protein_coding	CATG00000018261.1	CATG00000018261	1	0	0	0	1000	1
18307	lncRNA	CATG00000018307.1	CATG00000018307.1	1	1	1	1	1111	4
18363	lncRNA	CATG00000018363.1	CATG00000018363.1	1	1	1	1	1111	4
18533	lncRNA	CATG00000018533.1	CATG00000018533.1	1	1	1	1	1111	4
18535	lncRNA	CATG00000018535.1	CATG00000018535.1	1	1	1	1	1111	4
19056	lncRNA	CATG00000019056.1	CATG00000019056.1	1	1	1	0	1110	3
19058	lncRNA	CATG00000019058.1	CATG00000019058.1	1	0	1	1	1011	3
19061	lncRNA	CATG00000019061.1	CATG00000019061.1	1	1	1	1	1111	4
19062	lncRNA	CATG00000019062.1	CATG00000019062.1	1	1	1	1	1111	4
19107	lncRNA	CATG00000019107.1	CATG00000019107.1	1	1	1	1	1111	4
19186	lncRNA	CATG00000019186.1	CATG00000019186.1	1	1	1	1	1111	4
19188	lncRNA	CATG00000019188.1	CATG00000019188.1	1	1	1	1	1111	4
19279	protein_coding	CATG00000019279.1	CATG00000019279	1	0	0	0	1000	1
19375	lncRNA	CATG00000019375.1	CATG00000019375.1	1	1	1	1	1111	4
19404	lncRNA	CATG00000019404.1	CATG00000019404.1	1	1	1	1	1111	4
19406	protein_coding	CATG00000019406.1	CATG00000019406	1	0	0	0	1000	1
19461	lncRNA	CATG00000019461.1	CATG00000019461.1	1	1	1	1	1111	4
19507	lncRNA	CATG00000019507.1	CATG00000019507.1	1	1	1	1	1111	4
19532	lncRNA	CATG00000019532.1	CATG00000019532.1	1	1	1	1	1111	4
19609	lncRNA	CATG00000019609.1	CATG00000019609.1	1	1	1	1	1111	4
19710	lncRNA	CATG00000019710.1	CATG00000019710.1	1	1	1	1	1111	4
19860	lncRNA	CATG00000019860.1	CATG00000019860.1	1	1	1	1	1111	4
19861	lncRNA	CATG00000019861.1	CATG00000019861.1	1	1	1	1	1111	4
19869	protein_coding	CATG00000019869.1	CATG00000019869	1	0	0	0	1000	1
19889	lncRNA	CATG00000019889.1	CATG00000019889.1	1	1	1	1	1111	4
19935	lncRNA	CATG00000019935.1	CATG00000019935.1	1	1	1	1	1111	4
19939	lncRNA	CATG00000019939.1	CATG00000019939.1	1	1	1	1	1111	4
20162	protein_coding	CATG00000020162.1	CATG00000020162	1	0	0	0	1000	1
20216	lncRNA	CATG00000020216.1	CATG00000020216.1	1	1	1	1	1111	4
20217	lncRNA	CATG00000020217.1	CATG00000020217.1	1	1	1	1	1111	4
20379	lncRNA	CATG00000020379.1	CATG00000020379.1	1	1	1	1	1111	4
20498	lncRNA	CATG00000020498.1	CATG00000020498.1	1	1	1	1	1111	4
20659	lncRNA	CATG00000020659.1	CATG00000020659.1	1	1	1	1	1111	4
20709	lncRNA	CATG00000020709.1	CATG00000020709.1	1	1	1	1	1111	4
20715	lncRNA	CATG00000020715.1	CATG00000020715.1	1	1	1	1	1111	4
20786	lncRNA	CATG00000020786.1	CATG00000020786.1	1	1	1	1	1111	4
20788	lncRNA	CATG00000020788.1	CATG00000020788.1	1	1	1	1	1111	4
20952	lncRNA	CATG00000020952.1	CATG00000020952.1	1	1	1	1	1111	4
21091	protein_coding	CATG00000021091.1	CATG00000021091	1	0	0	0	1000	1
21181	lncRNA	CATG00000021181.1	CATG00000021181.1	1	1	1	1	1111	4
21182	lncRNA	CATG00000021182.1	CATG00000021182.1	1	1	1	1	1111	4
21184	lncRNA	CATG00000021184.1	CATG00000021184.1	1	1	1	1	1111	4
21187	lncRNA	CATG00000021187.1	CATG00000021187.1	1	1	1	1	1111	4
21189	lncRNA	CATG00000021189.1	CATG00000021189.1	1	1	1	1	1111	4
21190	lncRNA	CATG00000021190.1	CATG00000021190.1	1	1	1	1	1111	4
21193	lncRNA	CATG00000021193.1	CATG00000021193.1	1	1	1	1	1111	4
21195	protein_coding	CATG00000021195.1	CATG00000021195	1	0	0	0	1000	1
21307	lncRNA	CATG00000021307.1	CATG00000021307.1	1	1	1	1	1111	4
21324	lncRNA	CATG00000021324.1	CATG00000021324.1	1	1	1	1	1111	4
21387	lncRNA	CATG00000021387.1	CATG00000021387.1	1	1	1	1	1111	4
21439	lncRNA	CATG00000021439.1	CATG00000021439.1	1	1	1	1	1111	4
21454	protein_coding	CATG00000021454.1	CATG00000021454	1	0	0	0	1000	1
21517	protein_coding	CATG00000021517.1	CATG00000021517	1	0	0	0	1000	1
21520	lncRNA	CATG00000021520.1	CATG00000021520.1	1	1	1	1	1111	4
21813	lncRNA	CATG00000021813.1	CATG00000021813.1	1	1	1	1	1111	4
21829	lncRNA	CATG00000021829.1	CATG00000021829.1	1	1	0	1	1101	3
21832	lncRNA	CATG00000021832.1	CATG00000021832.1	1	1	1	1	1111	4
21878	lncRNA	CATG00000021878.1	CATG00000021878.1	1	1	1	1	1111	4
22014	lncRNA	CATG00000022014.1	CATG00000022014.1	1	1	1	1	1111	4
22353	lncRNA	CATG00000022353.1	CATG00000022353.1	1	1	1	1	1111	4
22433	protein_coding	CATG00000022433.1	CATG00000022433	1	0	0	0	1000	1
22536	lncRNA	CATG00000022536.1	CATG00000022536.1	1	1	1	1	1111	4
22666	lncRNA	CATG00000022666.1	CATG00000022666.1	1	1	1	1	1111	4
22687	lncRNA	CATG00000022687.1	CATG00000022687.1	1	1	1	0	1110	3
22775	lncRNA	CATG00000022775.1	CATG00000022775.1	1	1	1	1	1111	4
22790	lncRNA	CATG00000022790.1	CATG00000022790.1	1	1	1	1	1111	4
22826	lncRNA	CATG00000022826.1	CATG00000022826.1	1	1	1	1	1111	4
23019	lncRNA	CATG00000023019.1	CATG00000023019.1	1	1	1	1	1111	4
23067	lncRNA	CATG00000023067.1	CATG00000023067.1	1	1	1	1	1111	4
23077	lncRNA	CATG00000023077.1	CATG00000023077.1	1	1	1	1	1111	4
23109	lncRNA	CATG00000023109.1	CATG00000023109.1	1	1	1	1	1111	4
23177	lncRNA	CATG00000023177.1	CATG00000023177.1	1	1	1	1	1111	4
23179	lncRNA	CATG00000023179.1	CATG00000023179.1	1	1	1	1	1111	4
23332	lncRNA	CATG00000023332.1	CATG00000023332.1	1	1	1	1	1111	4
23443	lncRNA	CATG00000023443.1	CATG00000023443.1	1	1	1	1	1111	4
23542	lncRNA	CATG00000023542.1	CATG00000023542.1	1	1	1	1	1111	4
23623	lncRNA	CATG00000023623.1	CATG00000023623.1	1	1	1	0	1110	3
23625	lncRNA	CATG00000023625.1	CATG00000023625.1	1	1	1	1	1111	4
23641	lncRNA	CATG00000023641.1	CATG00000023641.1	1	1	1	1	1111	4
23642	lncRNA	CATG00000023642.1	CATG00000023642.1	1	1	1	0	1110	3
23643	lncRNA	CATG00000023643.1	CATG00000023643.1	1	1	1	0	1110	3
23677	lncRNA	CATG00000023677.1	CATG00000023677.1	1	0	0	1	1001	2
23728	lncRNA	CATG00000023728.1	CATG00000023728.1	1	1	0	0	1100	2
23739	lncRNA	CATG00000023739.1	CATG00000023739.1	1	1	1	1	1111	4
24056	lncRNA	CATG00000024056.1	CATG00000024056.1	1	1	1	0	1110	3
24255	lncRNA	CATG00000024255.1	CATG00000024255.1	1	1	1	0	1110	3
24257	lncRNA	CATG00000024257.1	CATG00000024257.1	1	1	1	0	1110	3
24264	lncRNA	CATG00000024264.1	CATG00000024264.1	1	1	1	0	1110	3
24629	lncRNA	CATG00000024629.1	CATG00000024629.1	1	1	1	0	1110	3
24667	protein_coding	CATG00000024667.1	CATG00000024667	1	0	0	0	1000	1
24759	lncRNA	CATG00000024759.1	CATG00000024759.1	1	1	1	0	1110	3
24823	lncRNA	CATG00000024823.1	CATG00000024823.1	1	1	1	1	1111	4
24861	lncRNA	CATG00000024861.1	CATG00000024861.1	1	1	1	1	1111	4
24911	lncRNA	CATG00000024911.1	CATG00000024911.1	1	1	1	1	1111	4
24916	lncRNA	CATG00000024916.1	CATG00000024916.1	1	1	1	1	1111	4
24927	lncRNA	CATG00000024927.1	CATG00000024927.1	1	1	1	1	1111	4
25046	lncRNA	CATG00000025046.1	CATG00000025046.1	1	1	1	1	1111	4
25051	lncRNA	CATG00000025051.1	CATG00000025051.1	1	1	1	0	1110	3
25177	lncRNA	CATG00000025177.1	CATG00000025177.1	1	1	1	1	1111	4
25251	lncRNA	CATG00000025251.1	CATG00000025251.1	1	1	1	1	1111	4
25276	lncRNA	CATG00000025276.1	CATG00000025276.1	1	1	1	1	1111	4
25376	lncRNA	CATG00000025376.1	CATG00000025376.1	1	0	0	0	1000	1
25392	lncRNA	CATG00000025392.1	CATG00000025392.1	1	1	1	1	1111	4
25394	lncRNA	CATG00000025394.1	CATG00000025394.1	1	1	1	1	1111	4
25410	lncRNA	CATG00000025410.1	CATG00000025410.1	1	1	1	1	1111	4
25430	protein_coding	CATG00000025430.1	CATG00000025430	1	0	0	0	1000	1
25502	lncRNA	CATG00000025502.1	CATG00000025502.1	1	1	1	0	1110	3
25537	lncRNA	CATG00000025537.1	CATG00000025537.1	1	1	1	1	1111	4
25548	lncRNA	CATG00000025548.1	CATG00000025548.1	1	1	1	1	1111	4
25549	lncRNA	CATG00000025549.1	CATG00000025549.1	1	1	1	1	1111	4
25554	lncRNA	CATG00000025554.1	CATG00000025554.1	1	1	0	0	1100	2
25559	lncRNA	CATG00000025559.1	CATG00000025559.1	1	1	1	0	1110	3
25563	lncRNA	CATG00000025563.1	CATG00000025563.1	1	1	1	1	1111	4
25564	protein_coding	CATG00000025564.1	CATG00000025564	1	0	0	0	1000	1
25575	lncRNA	CATG00000025575.1	CATG00000025575.1	1	1	1	0	1110	3
25597	lncRNA	CATG00000025597.1	CATG00000025597.1	1	1	1	0	1110	3
25620	lncRNA	CATG00000025620.1	CATG00000025620.1	1	1	1	0	1110	3
25648	lncRNA	CATG00000025648.1	CATG00000025648.1	1	1	1	1	1111	4
25651	lncRNA	CATG00000025651.1	CATG00000025651.1	1	1	1	0	1110	3
25662	lncRNA	CATG00000025662.1	CATG00000025662.1	1	1	1	1	1111	4
25823	lncRNA	CATG00000025823.1	CATG00000025823.1	1	1	1	0	1110	3
25826	protein_coding	CATG00000025826.1	CATG00000025826	1	0	0	0	1000	1
25827	lncRNA	CATG00000025827.1	CATG00000025827.1	1	1	1	0	1110	3
25912	lncRNA	CATG00000025912.1	CATG00000025912.1	1	1	0	0	1100	2
26162	lncRNA	CATG00000026162.1	CATG00000026162.1	1	0	1	1	1011	3
26412	lncRNA	CATG00000026412.1	CATG00000026412.1	1	1	1	1	1111	4
26477	lncRNA	CATG00000026477.1	CATG00000026477.1	1	1	1	1	1111	4
26604	lncRNA	CATG00000026604.1	CATG00000026604.1	1	1	1	0	1110	3
26619	protein_coding	CATG00000026619.1	CATG00000026619	1	0	0	0	1000	1
26622	lncRNA	CATG00000026622.1	CATG00000026622.1	1	1	1	0	1110	3
26811	lncRNA	CATG00000026811.1	CATG00000026811.1	1	1	0	0	1100	2
26842	protein_coding	CATG00000026842.1	CATG00000026842	1	0	0	0	1000	1
26893	lncRNA	CATG00000026893.1	CATG00000026893.1	1	1	1	1	1111	4
26925	lncRNA	CATG00000026925.1	CATG00000026925.1	1	1	1	1	1111	4
26931	lncRNA	CATG00000026931.1	CATG00000026931.1	1	1	1	1	1111	4
26936	lncRNA	CATG00000026936.1	CATG00000026936.1	1	1	1	1	1111	4
27072	lncRNA	CATG00000027072.1	CATG00000027072.1	1	1	1	0	1110	3
27097	lncRNA	CATG00000027097.1	CATG00000027097.1	1	1	1	1	1111	4
27119	lncRNA	CATG00000027119.1	CATG00000027119.1	1	1	1	1	1111	4
27238	lncRNA	CATG00000027238.1	CATG00000027238.1	1	1	1	1	1111	4
27285	lncRNA	CATG00000027285.1	CATG00000027285.1	1	1	1	1	1111	4
27297	lncRNA	CATG00000027297.1	CATG00000027297.1	1	1	1	1	1111	4
27439	lncRNA	CATG00000027439.1	CATG00000027439.1	1	1	1	1	1111	4
27615	lncRNA	CATG00000027615.1	CATG00000027615.1	1	1	1	1	1111	4
27662	lncRNA	CATG00000027662.1	CATG00000027662.1	1	1	1	1	1111	4
27715	lncRNA	CATG00000027715.1	CATG00000027715.1	1	1	1	1	1111	4
27761	lncRNA	CATG00000027761.1	CATG00000027761.1	1	1	0	0	1100	2
27790	lncRNA	CATG00000027790.1	CATG00000027790.1	1	1	0	0	1100	2
27863	protein_coding	CATG00000027863.1	CATG00000027863	1	0	0	0	1000	1
27882	protein_coding	CATG00000027882.1	CATG00000027882	1	0	0	0	1000	1
27951	lncRNA	CATG00000027951.1	CATG00000027951.1	1	1	1	1	1111	4
28017	lncRNA	CATG00000028017.1	CATG00000028017.1	1	1	1	1	1111	4
28058	lncRNA	CATG00000028058.1	CATG00000028058.1	1	1	1	1	1111	4
28088	lncRNA	CATG00000028088.1	CATG00000028088.1	1	1	1	1	1111	4
28125	protein_coding	CATG00000028125.1	CATG00000028125	1	0	0	0	1000	1
28180	protein_coding	CATG00000028180.1	CATG00000028180	1	0	0	0	1000	1
28183	lncRNA	CATG00000028183.1	CATG00000028183.1	1	1	1	1	1111	4
28304	protein_coding	CATG00000028304.1	CATG00000028304	1	0	0	0	1000	1
28322	lncRNA	CATG00000028322.1	CATG00000028322.1	1	1	0	0	1100	2
28354	lncRNA	CATG00000028354.1	CATG00000028354.1	1	1	0	0	1100	2
28379	protein_coding	CATG00000028379.1	CATG00000028379	1	0	0	0	1000	1
28560	lncRNA	CATG00000028560.1	CATG00000028560.1	1	1	1	1	1111	4
28573	lncRNA	CATG00000028573.1	CATG00000028573.1	1	1	1	1	1111	4
28709	lncRNA	CATG00000028709.1	CATG00000028709.1	1	1	1	0	1110	3
28998	lncRNA	CATG00000028998.1	CATG00000028998.1	1	1	1	1	1111	4
29009	lncRNA	CATG00000029009.1	CATG00000029009.1	1	0	0	0	1000	1
29046	lncRNA	CATG00000029046.1	CATG00000029046.1	1	1	1	1	1111	4
29047	protein_coding	CATG00000029047.1	CATG00000029047	1	0	0	0	1000	1
29072	protein_coding	CATG00000029072.1	CATG00000029072	1	0	0	0	1000	1
29081	lncRNA	CATG00000029081.1	CATG00000029081.1	1	0	1	0	1010	2
29194	lncRNA	CATG00000029194.1	CATG00000029194.1	1	1	1	1	1111	4
29199	lncRNA	CATG00000029199.1	CATG00000029199.1	1	1	1	0	1110	3
29233	protein_coding	CATG00000029233.1	CATG00000029233	1	0	0	0	1000	1
29264	protein_coding	CATG00000029264.1	CATG00000029264	1	0	0	0	1000	1
29291	lncRNA	CATG00000029291.1	CATG00000029291.1	1	1	1	1	1111	4
29307	lncRNA	CATG00000029307.1	CATG00000029307.1	1	1	0	1	1101	3
29360	lncRNA	CATG00000029360.1	CATG00000029360.1	1	1	0	0	1100	2
29361	lncRNA	CATG00000029361.1	CATG00000029361.1	1	1	1	1	1111	4
29636	lncRNA	CATG00000029636.1	CATG00000029636.1	1	1	1	1	1111	4
29677	lncRNA	CATG00000029677.1	CATG00000029677.1	1	1	1	1	1111	4
29716	lncRNA	CATG00000029716.1	CATG00000029716.1	1	1	1	1	1111	4
29759	protein_coding	CATG00000029759.1	CATG00000029759	1	0	0	0	1000	1
29903	lncRNA	CATG00000029903.1	CATG00000029903.1	1	1	1	1	1111	4
30035	protein_coding	CATG00000030035.1	CATG00000030035	1	0	0	0	1000	1
30137	lncRNA	CATG00000030137.1	CATG00000030137.1	1	0	1	1	1011	3
30178	protein_coding	CATG00000030178.1	CATG00000030178	1	0	0	0	1000	1
30195	lncRNA	CATG00000030195.1	CATG00000030195.1	1	1	0	1	1101	3
30260	protein_coding	CATG00000030260.1	CATG00000030260	1	0	0	0	1000	1
30292	protein_coding	CATG00000030292.1	CATG00000030292	1	0	0	0	1000	1
30348	protein_coding	CATG00000030348.1	CATG00000030348	1	0	0	0	1000	1
30349	protein_coding	CATG00000030349.1	CATG00000030349	1	0	0	0	1000	1
30623	lncRNA	CATG00000030623.1	CATG00000030623.1	1	0	1	0	1010	2
30638	lncRNA	CATG00000030638.1	CATG00000030638.1	1	0	0	0	1000	1
30863	lncRNA	CATG00000030863.1	CATG00000030863.1	1	0	1	0	1010	2
30910	lncRNA	CATG00000030910.1	CATG00000030910.1	1	0	1	0	1010	2
30912	protein_coding	CATG00000030912.1	CATG00000030912	1	0	0	0	1000	1
31155	lncRNA	CATG00000031155.1	CATG00000031155.1	1	0	1	0	1010	2
31157	lncRNA	CATG00000031157.1	CATG00000031157.1	1	0	1	0	1010	2
31189	lncRNA	CATG00000031189.1	CATG00000031189.1	1	0	1	0	1010	2
31299	lncRNA	CATG00000031299.1	CATG00000031299.1	1	0	1	1	1011	3
31370	lncRNA	CATG00000031370.1	CATG00000031370.1	1	0	1	1	1011	3
31418	lncRNA	CATG00000031418.1	CATG00000031418.1	1	0	1	1	1011	3
31489	protein_coding	CATG00000031489.1	CATG00000031489	1	0	0	0	1000	1
31514	protein_coding	CATG00000031514.1	CATG00000031514	1	0	0	0	1000	1
31546	lncRNA	CATG00000031546.1	CATG00000031546.1	1	0	0	0	1000	1
31558	lncRNA	CATG00000031558.1	CATG00000031558.1	1	0	1	1	1011	3
31941	lncRNA	CATG00000031941.1	CATG00000031941.1	1	1	1	0	1110	3
32178	lncRNA	CATG00000032178.1	CATG00000032178.1	1	1	0	1	1101	3
32221	lncRNA	CATG00000032221.1	CATG00000032221.1	1	1	0	1	1101	3
32272	lncRNA	CATG00000032272.1	CATG00000032272.1	1	1	1	1	1111	4
32328	lncRNA	CATG00000032328.1	CATG00000032328.1	1	1	0	1	1101	3
32335	lncRNA	CATG00000032335.1	CATG00000032335.1	1	1	1	1	1111	4
32415	lncRNA	CATG00000032415.1	CATG00000032415.1	1	1	1	0	1110	3
32416	protein_coding	CATG00000032416.1	CATG00000032416	1	0	0	0	1000	1
32421	lncRNA	CATG00000032421.1	CATG00000032421.1	1	1	1	1	1111	4
32551	protein_coding	CATG00000032551.1	CATG00000032551	1	0	0	0	1000	1
32558	protein_coding	CATG00000032558.1	CATG00000032558	1	0	0	0	1000	1
32626	lncRNA	CATG00000032626.1	CATG00000032626.1	1	1	1	1	1111	4
32682	protein_coding	CATG00000032682.1	CATG00000032682	1	0	0	0	1000	1
32792	lncRNA	CATG00000032792.1	CATG00000032792.1	1	1	1	0	1110	3
32836	lncRNA	CATG00000032836.1	CATG00000032836.1	1	1	0	1	1101	3
32950	protein_coding	CATG00000032950.1	CATG00000032950	1	0	0	0	1000	1
33237	lncRNA	CATG00000033237.1	CATG00000033237.1	1	0	0	1	1001	2
33368	protein_coding	CATG00000033368.1	CATG00000033368	1	0	0	0	1000	1
33444	lncRNA	CATG00000033444.1	CATG00000033444.1	1	0	1	0	1010	2
33586	lncRNA	CATG00000033586.1	CATG00000033586.1	1	0	1	1	1011	3
33595	protein_coding	CATG00000033595.1	CATG00000033595	1	0	0	0	1000	1
33768	lncRNA	CATG00000033768.1	CATG00000033768.1	1	0	1	0	1010	2
33813	lncRNA	CATG00000033813.1	CATG00000033813.1	1	0	1	0	1010	2
33819	lncRNA	CATG00000033819.1	CATG00000033819.1	1	0	1	1	1011	3
33883	lncRNA	CATG00000033883.1	CATG00000033883.1	1	0	1	0	1010	2
34265	lncRNA	CATG00000034265.1	CATG00000034265.1	1	1	0	1	1101	3
34307	lncRNA	CATG00000034307.1	CATG00000034307.1	1	1	1	0	1110	3
34324	lncRNA	CATG00000034324.1	CATG00000034324.1	1	1	0	0	1100	2
34394	lncRNA	CATG00000034394.1	CATG00000034394.1	1	1	1	1	1111	4
34593	lncRNA	CATG00000034593.1	CATG00000034593.1	1	1	1	1	1111	4
34711	protein_coding	CATG00000034711.1	CATG00000034711	1	0	0	0	1000	1
34724	lncRNA	CATG00000034724.1	CATG00000034724.1	1	1	1	1	1111	4
34752	lncRNA	CATG00000034752.1	CATG00000034752.1	1	1	1	1	1111	4
35185	lncRNA	CATG00000035185.1	CATG00000035185.1	1	1	0	1	1101	3
35322	lncRNA	CATG00000035322.1	CATG00000035322.1	1	1	1	1	1111	4
35489	lncRNA	CATG00000035489.1	CATG00000035489.1	1	1	1	0	1110	3
35733	lncRNA	CATG00000035733.1	CATG00000035733.1	1	1	1	1	1111	4
35995	lncRNA	CATG00000035995.1	CATG00000035995.1	1	1	1	0	1110	3
36255	lncRNA	CATG00000036255.1	CATG00000036255.1	1	1	1	1	1111	4
36259	lncRNA	CATG00000036259.1	CATG00000036259.1	1	1	1	1	1111	4
36368	lncRNA	CATG00000036368.1	CATG00000036368.1	1	1	0	0	1100	2
36566	lncRNA	CATG00000036566.1	CATG00000036566.1	1	1	0	1	1101	3
36572	lncRNA	CATG00000036572.1	CATG00000036572.1	1	1	1	0	1110	3
36575	lncRNA	CATG00000036575.1	CATG00000036575.1	1	1	1	1	1111	4
36588	protein_coding	CATG00000036588.1	CATG00000036588	1	0	0	0	1000	1
36629	protein_coding	CATG00000036629.1	CATG00000036629	1	0	0	0	1000	1
37098	lncRNA	CATG00000037098.1	CATG00000037098.1	1	1	1	1	1111	4
37194	protein_coding	CATG00000037194.1	CATG00000037194	1	0	0	0	1000	1
37230	lncRNA	CATG00000037230.1	CATG00000037230.1	1	1	1	1	1111	4
37317	lncRNA	CATG00000037317.1	CATG00000037317.1	1	1	1	1	1111	4
37381	lncRNA	CATG00000037381.1	CATG00000037381.1	1	1	1	1	1111	4
37507	lncRNA	CATG00000037507.1	CATG00000037507.1	1	1	1	1	1111	4
37594	lncRNA	CATG00000037594.1	CATG00000037594.1	1	1	1	1	1111	4
37659	lncRNA	CATG00000037659.1	CATG00000037659.1	1	1	1	1	1111	4
38094	lncRNA	CATG00000038094.1	CATG00000038094.1	1	1	1	0	1110	3
38215	protein_coding	CATG00000038215.1	CATG00000038215	1	0	0	0	1000	1
38320	lncRNA	CATG00000038320.1	CATG00000038320.1	1	1	1	1	1111	4
38372	lncRNA	CATG00000038372.1	CATG00000038372.1	1	1	0	0	1100	2
38382	lncRNA	CATG00000038382.1	CATG00000038382.1	1	1	1	1	1111	4
38520	lncRNA	CATG00000038520.1	CATG00000038520.1	1	1	1	0	1110	3
38550	lncRNA	CATG00000038550.1	CATG00000038550.1	1	1	1	1	1111	4
38595	lncRNA	CATG00000038595.1	CATG00000038595.1	1	1	1	1	1111	4
38607	protein_coding	CATG00000038607.1	CATG00000038607	1	0	0	0	1000	1
38610	lncRNA	CATG00000038610.1	CATG00000038610.1	1	1	1	1	1111	4
38643	lncRNA	CATG00000038643.1	CATG00000038643.1	1	1	1	0	1110	3
38727	lncRNA	CATG00000038727.1	CATG00000038727.1	1	1	1	1	1111	4
38737	lncRNA	CATG00000038737.1	CATG00000038737.1	1	1	1	1	1111	4
38739	lncRNA	CATG00000038739.1	CATG00000038739.1	1	1	1	0	1110	3
38743	lncRNA	CATG00000038743.1	CATG00000038743.1	1	1	0	0	1100	2
38791	lncRNA	CATG00000038791.1	CATG00000038791.1	1	0	0	0	1000	1
38834	lncRNA	CATG00000038834.1	CATG00000038834.1	1	1	1	0	1110	3
39087	lncRNA	CATG00000039087.1	CATG00000039087.1	1	1	0	1	1101	3
39206	lncRNA	CATG00000039206.1	CATG00000039206.1	1	1	1	1	1111	4
39467	lncRNA	CATG00000039467.1	CATG00000039467.1	1	1	1	1	1111	4
39482	protein_coding	CATG00000039482.1	CATG00000039482	1	0	0	0	1000	1
39489	lncRNA	CATG00000039489.1	CATG00000039489.1	1	1	1	1	1111	4
39507	protein_coding	CATG00000039507.1	CATG00000039507	1	0	0	0	1000	1
39536	lncRNA	CATG00000039536.1	CATG00000039536.1	1	1	1	1	1111	4
39537	lncRNA	CATG00000039537.1	CATG00000039537.1	1	1	1	1	1111	4
39607	lncRNA	CATG00000039607.1	CATG00000039607.1	1	0	0	0	1000	1
39609	protein_coding	CATG00000039609.1	CATG00000039609	1	0	0	0	1000	1
39685	protein_coding	CATG00000039685.1	CATG00000039685	1	0	0	0	1000	1
39757	lncRNA	CATG00000039757.1	CATG00000039757.1	1	1	1	0	1110	3
39942	lncRNA	CATG00000039942.1	CATG00000039942.1	1	1	0	0	1100	2
40147	protein_coding	CATG00000040147.1	CATG00000040147	1	0	0	0	1000	1
40459	lncRNA	CATG00000040459.1	CATG00000040459.1	1	1	1	1	1111	4
40467	lncRNA	CATG00000040467.1	CATG00000040467.1	1	0	1	1	1011	3
40501	lncRNA	CATG00000040501.1	CATG00000040501.1	1	1	1	1	1111	4
40510	lncRNA	CATG00000040510.1	CATG00000040510.1	1	1	1	0	1110	3
40513	lncRNA	CATG00000040513.1	CATG00000040513.1	1	1	1	1	1111	4
40550	lncRNA	CATG00000040550.1	CATG00000040550.1	1	1	0	0	1100	2
40659	protein_coding	CATG00000040659.1	CATG00000040659	1	0	0	0	1000	1
40683	lncRNA	CATG00000040683.1	CATG00000040683.1	1	1	1	1	1111	4
40756	lncRNA	CATG00000040756.1	CATG00000040756.1	1	1	1	1	1111	4
40865	lncRNA	CATG00000040865.1	CATG00000040865.1	1	0	1	0	1010	2
40872	lncRNA	CATG00000040872.1	CATG00000040872.1	1	0	0	0	1000	1
40873	lncRNA	CATG00000040873.1	CATG00000040873.1	1	1	0	0	1100	2
40876	lncRNA	CATG00000040876.1	CATG00000040876.1	1	1	1	0	1110	3
40992	lncRNA	CATG00000040992.1	CATG00000040992.1	1	1	1	1	1111	4
40993	protein_coding	CATG00000040993.1	CATG00000040993	1	0	0	0	1000	1
41012	lncRNA	CATG00000041012.1	CATG00000041012.1	1	1	1	1	1111	4
41128	protein_coding	CATG00000041128.1	CATG00000041128	1	0	0	0	1000	1
41148	lncRNA	CATG00000041148.1	CATG00000041148.1	1	1	1	1	1111	4
41149	lncRNA	CATG00000041149.1	CATG00000041149.1	1	1	1	1	1111	4
41150	protein_coding	CATG00000041150.1	CATG00000041150	1	0	0	0	1000	1
41154	protein_coding	CATG00000041154.1	CATG00000041154	1	0	0	0	1000	1
41274	protein_coding	CATG00000041274.1	CATG00000041274	1	0	0	0	1000	1
41280	protein_coding	CATG00000041280.1	CATG00000041280	1	0	0	0	1000	1
41413	lncRNA	CATG00000041413.1	CATG00000041413.1	1	1	1	0	1110	3
41426	lncRNA	CATG00000041426.1	CATG00000041426.1	1	1	1	1	1111	4
42135	lncRNA	CATG00000042135.1	CATG00000042135.1	1	1	1	0	1110	3
42171	lncRNA	CATG00000042171.1	CATG00000042171.1	1	1	1	1	1111	4
42214	lncRNA	CATG00000042214.1	CATG00000042214.1	1	1	1	0	1110	3
42228	protein_coding	CATG00000042228.1	CATG00000042228	1	0	0	0	1000	1
42263	protein_coding	CATG00000042263.1	CATG00000042263	1	0	0	0	1000	1
42286	protein_coding	CATG00000042286.1	CATG00000042286	1	0	0	0	1000	1
42550	lncRNA	CATG00000042550.1	CATG00000042550.1	1	1	1	0	1110	3
42601	lncRNA	CATG00000042601.1	CATG00000042601.1	1	1	1	0	1110	3
42610	lncRNA	CATG00000042610.1	CATG00000042610.1	1	1	1	0	1110	3
42805	lncRNA	CATG00000042805.1	CATG00000042805.1	1	1	1	0	1110	3
42929	lncRNA	CATG00000042929.1	CATG00000042929.1	1	1	1	0	1110	3
42932	lncRNA	CATG00000042932.1	CATG00000042932.1	1	1	1	0	1110	3
42963	lncRNA	CATG00000042963.1	CATG00000042963.1	1	1	1	0	1110	3
43006	lncRNA	CATG00000043006.1	CATG00000043006.1	1	1	1	0	1110	3
43230	lncRNA	CATG00000043230.1	CATG00000043230.1	1	1	1	0	1110	3
43283	lncRNA	CATG00000043283.1	CATG00000043283.1	1	1	0	0	1100	2
43289	lncRNA	CATG00000043289.1	CATG00000043289.1	1	1	0	0	1100	2
43315	lncRNA	CATG00000043315.1	CATG00000043315.1	1	1	0	0	1100	2
43553	lncRNA	CATG00000043553.1	CATG00000043553.1	1	1	1	0	1110	3
43719	lncRNA	CATG00000043719.1	CATG00000043719.1	1	1	1	0	1110	3
43720	lncRNA	CATG00000043720.1	CATG00000043720.1	1	1	1	0	1110	3
43721	lncRNA	CATG00000043721.1	CATG00000043721.1	1	1	1	1	1111	4
43868	lncRNA	CATG00000043868.1	CATG00000043868.1	1	1	1	1	1111	4
43915	protein_coding	CATG00000043915.1	CATG00000043915	1	0	0	0	1000	1
43927	lncRNA	CATG00000043927.1	CATG00000043927.1	1	1	1	1	1111	4
43937	lncRNA	CATG00000043937.1	CATG00000043937.1	1	1	1	0	1110	3
43952	protein_coding	CATG00000043952.1	CATG00000043952	1	0	0	0	1000	1
43953	lncRNA	CATG00000043953.1	CATG00000043953.1	1	1	1	1	1111	4
44042	protein_coding	CATG00000044042.1	CATG00000044042	1	0	0	0	1000	1
44115	lncRNA	CATG00000044115.1	CATG00000044115.1	1	1	1	1	1111	4
44216	lncRNA	CATG00000044216.1	CATG00000044216.1	1	1	1	1	1111	4
44527	protein_coding	CATG00000044527.1	CATG00000044527	1	0	0	0	1000	1
44539	lncRNA	CATG00000044539.1	CATG00000044539.1	1	1	1	0	1110	3
44674	protein_coding	CATG00000044674.1	CATG00000044674	1	0	0	0	1000	1
44709	lncRNA	CATG00000044709.1	CATG00000044709.1	1	1	0	0	1100	2
44711	lncRNA	CATG00000044711.1	CATG00000044711.1	1	1	0	0	1100	2
44871	lncRNA	CATG00000044871.1	CATG00000044871.1	1	1	1	0	1110	3
44875	lncRNA	CATG00000044875.1	CATG00000044875.1	1	1	1	0	1110	3
44878	lncRNA	CATG00000044878.1	CATG00000044878.1	1	1	1	0	1110	3
45084	lncRNA	CATG00000045084.1	CATG00000045084.1	1	1	1	0	1110	3
45085	lncRNA	CATG00000045085.1	CATG00000045085.1	1	1	1	0	1110	3
45206	lncRNA	CATG00000045206.1	CATG00000045206.1	1	1	1	0	1110	3
45466	lncRNA	CATG00000045466.1	CATG00000045466.1	1	1	1	0	1110	3
45514	lncRNA	CATG00000045514.1	CATG00000045514.1	1	1	1	0	1110	3
45621	lncRNA	CATG00000045621.1	CATG00000045621.1	1	1	1	0	1110	3
45691	lncRNA	CATG00000045691.1	CATG00000045691.1	1	1	1	0	1110	3
45707	lncRNA	CATG00000045707.1	CATG00000045707.1	1	1	1	0	1110	3
45932	lncRNA	CATG00000045932.1	CATG00000045932.1	1	1	1	1	1111	4
46013	lncRNA	CATG00000046013.1	CATG00000046013.1	1	1	1	1	1111	4
46153	lncRNA	CATG00000046153.1	CATG00000046153.1	1	1	1	0	1110	3
46162	lncRNA	CATG00000046162.1	CATG00000046162.1	1	1	1	1	1111	4
46284	lncRNA	CATG00000046284.1	CATG00000046284.1	1	1	1	1	1111	4
46290	lncRNA	CATG00000046290.1	CATG00000046290.1	1	1	1	1	1111	4
46292	lncRNA	CATG00000046292.1	CATG00000046292.1	1	1	1	1	1111	4
46393	lncRNA	CATG00000046393.1	CATG00000046393.1	1	1	0	0	1100	2
46418	lncRNA	CATG00000046418.1	CATG00000046418.1	1	1	0	1	1101	3
46523	lncRNA	CATG00000046523.1	CATG00000046523.1	1	1	1	1	1111	4
46945	lncRNA	CATG00000046945.1	CATG00000046945.1	1	1	1	1	1111	4
47017	lncRNA	CATG00000047017.1	CATG00000047017.1	1	1	1	1	1111	4
47024	lncRNA	CATG00000047024.1	CATG00000047024.1	1	1	1	1	1111	4
47316	protein_coding	CATG00000047316.1	CATG00000047316	1	0	0	0	1000	1
47962	lncRNA	CATG00000047962.1	CATG00000047962.1	1	1	1	0	1110	3
47993	lncRNA	CATG00000047993.1	CATG00000047993.1	1	1	1	1	1111	4
47995	lncRNA	CATG00000047995.1	CATG00000047995.1	1	1	1	0	1110	3
47996	lncRNA	CATG00000047996.1	CATG00000047996.1	1	1	1	0	1110	3
48115	lncRNA	CATG00000048115.1	CATG00000048115.1	1	1	1	0	1110	3
48152	lncRNA	CATG00000048152.1	CATG00000048152.1	1	0	0	0	1000	1
48482	lncRNA	CATG00000048482.1	CATG00000048482.1	1	1	1	0	1110	3
48494	protein_coding	CATG00000048494.1	CATG00000048494	1	0	0	0	1000	1
48511	lncRNA	CATG00000048511.1	CATG00000048511.1	1	1	1	1	1111	4
48536	lncRNA	CATG00000048536.1	CATG00000048536.1	1	1	1	0	1110	3
48572	lncRNA	CATG00000048572.1	CATG00000048572.1	1	1	1	0	1110	3
48576	lncRNA	CATG00000048576.1	CATG00000048576.1	1	1	1	0	1110	3
48595	lncRNA	CATG00000048595.1	CATG00000048595.1	1	1	1	0	1110	3
48636	protein_coding	CATG00000048636.1	CATG00000048636	1	0	0	0	1000	1
48657	lncRNA	CATG00000048657.1	CATG00000048657.1	1	1	1	0	1110	3
49031	lncRNA	CATG00000049031.1	CATG00000049031.1	1	1	1	0	1110	3
49033	lncRNA	CATG00000049033.1	CATG00000049033.1	1	1	1	0	1110	3
49133	lncRNA	CATG00000049133.1	CATG00000049133.1	1	1	1	0	1110	3
49433	lncRNA	CATG00000049433.1	CATG00000049433.1	1	1	0	1	1101	3
49487	lncRNA	CATG00000049487.1	CATG00000049487.1	1	0	1	0	1010	2
49535	lncRNA	CATG00000049535.1	CATG00000049535.1	1	1	1	1	1111	4
49632	lncRNA	CATG00000049632.1	CATG00000049632.1	1	1	1	1	1111	4
49697	lncRNA	CATG00000049697.1	CATG00000049697.1	1	1	1	1	1111	4
49698	lncRNA	CATG00000049698.1	CATG00000049698.1	1	1	1	1	1111	4
49699	protein_coding	CATG00000049699.1	CATG00000049699	1	0	0	0	1000	1
49779	lncRNA	CATG00000049779.1	CATG00000049779.1	1	1	1	1	1111	4
50093	protein_coding	CATG00000050093.1	CATG00000050093	1	0	0	0	1000	1
50213	lncRNA	CATG00000050213.1	CATG00000050213.1	1	1	1	0	1110	3
50219	lncRNA	CATG00000050219.1	CATG00000050219.1	1	1	1	0	1110	3
50359	lncRNA	CATG00000050359.1	CATG00000050359.1	1	1	1	0	1110	3
50387	protein_coding	CATG00000050387.1	CATG00000050387	1	0	0	0	1000	1
50525	lncRNA	CATG00000050525.1	CATG00000050525.1	1	1	1	1	1111	4
50644	lncRNA	CATG00000050644.1	CATG00000050644.1	1	1	1	0	1110	3
50657	protein_coding	CATG00000050657.1	CATG00000050657	1	0	0	0	1000	1
50881	protein_coding	CATG00000050881.1	CATG00000050881	1	0	0	0	1000	1
51164	lncRNA	CATG00000051164.1	CATG00000051164.1	1	0	0	0	1000	1
51167	lncRNA	CATG00000051167.1	CATG00000051167.1	1	1	1	1	1111	4
51276	lncRNA	CATG00000051276.1	CATG00000051276.1	1	1	1	1	1111	4
51309	lncRNA	CATG00000051309.1	CATG00000051309.1	1	1	1	1	1111	4
51532	lncRNA	CATG00000051532.1	CATG00000051532.1	1	1	1	1	1111	4
51541	protein_coding	CATG00000051541.1	CATG00000051541	1	0	0	0	1000	1
51553	lncRNA	CATG00000051553.1	CATG00000051553.1	1	1	1	1	1111	4
51556	lncRNA	CATG00000051556.1	CATG00000051556.1	1	1	1	1	1111	4
51757	lncRNA	CATG00000051757.1	CATG00000051757.1	1	1	1	1	1111	4
51777	lncRNA	CATG00000051777.1	CATG00000051777.1	1	1	1	1	1111	4
51784	lncRNA	CATG00000051784.1	CATG00000051784.1	1	1	1	1	1111	4
51865	protein_coding	CATG00000051865.1	CATG00000051865	1	0	0	0	1000	1
51923	protein_coding	CATG00000051923.1	CATG00000051923	1	0	0	0	1000	1
51935	lncRNA	CATG00000051935.1	CATG00000051935.1	1	1	1	1	1111	4
52002	lncRNA	CATG00000052002.1	CATG00000052002.1	1	1	1	1	1111	4
52054	lncRNA	CATG00000052054.1	CATG00000052054.1	1	1	1	1	1111	4
52057	lncRNA	CATG00000052057.1	CATG00000052057.1	1	1	1	1	1111	4
52138	protein_coding	CATG00000052138.1	CATG00000052138	1	0	0	0	1000	1
52211	lncRNA	CATG00000052211.1	CATG00000052211.1	1	1	0	1	1101	3
52212	protein_coding	CATG00000052212.1	CATG00000052212	1	0	0	0	1000	1
52228	protein_coding	CATG00000052228.1	CATG00000052228	1	0	0	0	1000	1
52234	lncRNA	CATG00000052234.1	CATG00000052234.1	1	1	1	0	1110	3
52248	lncRNA	CATG00000052248.1	CATG00000052248.1	1	1	1	1	1111	4
52264	lncRNA	CATG00000052264.1	CATG00000052264.1	1	1	1	1	1111	4
52343	protein_coding	CATG00000052343.1	CATG00000052343	1	0	0	0	1000	1
52397	lncRNA	CATG00000052397.1	CATG00000052397.1	1	1	0	1	1101	3
52754	lncRNA	CATG00000052754.1	CATG00000052754.1	1	1	1	1	1111	4
52780	lncRNA	CATG00000052780.1	CATG00000052780.1	1	1	1	1	1111	4
52891	protein_coding	CATG00000052891.1	CATG00000052891	1	0	0	0	1000	1
52900	protein_coding	CATG00000052900.1	CATG00000052900	1	0	0	0	1000	1
52902	lncRNA	CATG00000052902.1	CATG00000052902.1	1	1	1	1	1111	4
52943	lncRNA	CATG00000052943.1	CATG00000052943.1	1	1	0	0	1100	2
52997	lncRNA	CATG00000052997.1	CATG00000052997.1	1	1	0	0	1100	2
53077	lncRNA	CATG00000053077.1	CATG00000053077.1	1	1	0	0	1100	2
53082	lncRNA	CATG00000053082.1	CATG00000053082.1	1	1	0	0	1100	2
53087	lncRNA	CATG00000053087.1	CATG00000053087.1	1	1	0	0	1100	2
53250	lncRNA	CATG00000053250.1	CATG00000053250.1	1	1	0	1	1101	3
53253	lncRNA	CATG00000053253.1	CATG00000053253.1	1	1	0	1	1101	3
53316	protein_coding	CATG00000053316.1	CATG00000053316	1	0	0	0	1000	1
53365	lncRNA	CATG00000053365.1	CATG00000053365.1	1	1	0	1	1101	3
53458	lncRNA	CATG00000053458.1	CATG00000053458.1	1	1	1	1	1111	4
53477	lncRNA	CATG00000053477.1	CATG00000053477.1	1	1	0	0	1100	2
53512	protein_coding	CATG00000053512.1	CATG00000053512	1	0	0	0	1000	1
53515	lncRNA	CATG00000053515.1	CATG00000053515.1	1	1	0	1	1101	3
53605	lncRNA	CATG00000053605.1	CATG00000053605.1	1	1	0	0	1100	2
53704	lncRNA	CATG00000053704.1	CATG00000053704.1	1	1	0	1	1101	3
53834	lncRNA	CATG00000053834.1	CATG00000053834.1	1	1	0	1	1101	3
53835	lncRNA	CATG00000053835.1	CATG00000053835.1	1	1	0	1	1101	3
53962	protein_coding	CATG00000053962.1	CATG00000053962	1	0	0	0	1000	1
54069	lncRNA	CATG00000054069.1	CATG00000054069.1	1	1	1	1	1111	4
54071	lncRNA	CATG00000054071.1	CATG00000054071.1	1	1	1	1	1111	4
54077	lncRNA	CATG00000054077.1	CATG00000054077.1	1	1	1	1	1111	4
54226	lncRNA	CATG00000054226.1	CATG00000054226.1	1	1	1	0	1110	3
54284	protein_coding	CATG00000054284.1	CATG00000054284	1	0	0	0	1000	1
54473	lncRNA	CATG00000054473.1	CATG00000054473.1	1	1	1	1	1111	4
54650	protein_coding	CATG00000054650.1	CATG00000054650	1	0	0	0	1000	1
54684	lncRNA	CATG00000054684.1	CATG00000054684.1	1	1	0	0	1100	2
54804	lncRNA	CATG00000054804.1	CATG00000054804.1	1	1	0	1	1101	3
54808	lncRNA	CATG00000054808.1	CATG00000054808.1	1	1	0	1	1101	3
54840	protein_coding	CATG00000054840.1	CATG00000054840	1	0	0	0	1000	1
54927	lncRNA	CATG00000054927.1	CATG00000054927.1	1	1	0	1	1101	3
55064	lncRNA	CATG00000055064.1	CATG00000055064.1	1	1	0	1	1101	3
55081	lncRNA	CATG00000055081.1	CATG00000055081.1	1	1	1	1	1111	4
55084	protein_coding	CATG00000055084.1	CATG00000055084	1	0	0	0	1000	1
55118	lncRNA	CATG00000055118.1	CATG00000055118.1	1	1	0	1	1101	3
55229	lncRNA	CATG00000055229.1	CATG00000055229.1	1	1	0	1	1101	3
55461	protein_coding	CATG00000055461.1	CATG00000055461	1	0	0	0	1000	1
55464	protein_coding	CATG00000055464.1	CATG00000055464	1	0	0	0	1000	1
55568	lncRNA	CATG00000055568.1	CATG00000055568.1	1	1	0	1	1101	3
55946	lncRNA	CATG00000055946.1	CATG00000055946.1	1	1	0	1	1101	3
56029	lncRNA	CATG00000056029.1	CATG00000056029.1	1	1	0	1	1101	3
56034	protein_coding	CATG00000056034.1	CATG00000056034	1	0	0	0	1000	1
56036	lncRNA	CATG00000056036.1	CATG00000056036.1	1	1	0	1	1101	3
56050	lncRNA	CATG00000056050.1	CATG00000056050.1	1	1	0	1	1101	3
56217	protein_coding	CATG00000056217.1	CATG00000056217	1	0	0	0	1000	1
56409	lncRNA	CATG00000056409.1	CATG00000056409.1	1	1	0	1	1101	3
56415	lncRNA	CATG00000056415.1	CATG00000056415.1	1	1	0	1	1101	3
56421	lncRNA	CATG00000056421.1	CATG00000056421.1	1	1	0	1	1101	3
56741	lncRNA	CATG00000056741.1	CATG00000056741.1	1	1	0	1	1101	3
56762	lncRNA	CATG00000056762.1	CATG00000056762.1	1	1	0	0	1100	2
56788	lncRNA	CATG00000056788.1	CATG00000056788.1	1	1	0	1	1101	3
56792	lncRNA	CATG00000056792.1	CATG00000056792.1	1	1	0	1	1101	3
56839	protein_coding	CATG00000056839.1	CATG00000056839	1	0	0	0	1000	1
56939	lncRNA	CATG00000056939.1	CATG00000056939.1	1	1	1	1	1111	4
56966	lncRNA	CATG00000056966.1	CATG00000056966.1	1	0	1	0	1010	2
56975	lncRNA	CATG00000056975.1	CATG00000056975.1	1	1	0	0	1100	2
57183	lncRNA	CATG00000057183.1	CATG00000057183.1	1	1	1	1	1111	4
57187	lncRNA	CATG00000057187.1	CATG00000057187.1	1	0	1	1	1011	3
57194	lncRNA	CATG00000057194.1	CATG00000057194.1	1	1	1	0	1110	3
57195	lncRNA	CATG00000057195.1	CATG00000057195.1	1	1	0	1	1101	3
57258	lncRNA	CATG00000057258.1	CATG00000057258.1	1	0	0	0	1000	1
57408	lncRNA	CATG00000057408.1	CATG00000057408.1	1	1	1	1	1111	4
57414	lncRNA	CATG00000057414.1	CATG00000057414.1	1	1	1	1	1111	4
57419	protein_coding	CATG00000057419.1	CATG00000057419	1	0	0	0	1000	1
57423	lncRNA	CATG00000057423.1	CATG00000057423.1	1	1	1	1	1111	4
57430	lncRNA	CATG00000057430.1	CATG00000057430.1	1	1	1	1	1111	4
57669	protein_coding	CATG00000057669.1	CATG00000057669	1	0	0	0	1000	1
57735	protein_coding	CATG00000057735.1	CATG00000057735	1	0	0	0	1000	1
57756	lncRNA	CATG00000057756.1	CATG00000057756.1	1	1	1	0	1110	3
57783	lncRNA	CATG00000057783.1	CATG00000057783.1	1	1	1	1	1111	4
57844	protein_coding	CATG00000057844.1	CATG00000057844	1	0	0	0	1000	1
57855	lncRNA	CATG00000057855.1	CATG00000057855.1	1	1	1	1	1111	4
57992	lncRNA	CATG00000057992.1	CATG00000057992.1	1	1	0	0	1100	2
58059	lncRNA	CATG00000058059.1	CATG00000058059.1	1	1	1	1	1111	4
58062	lncRNA	CATG00000058062.1	CATG00000058062.1	1	1	1	0	1110	3
58070	protein_coding	CATG00000058070.1	CATG00000058070	1	0	0	0	1000	1
58214	protein_coding	CATG00000058214.1	CATG00000058214	1	0	0	0	1000	1
58233	lncRNA	CATG00000058233.1	CATG00000058233.1	1	1	0	0	1100	2
58300	lncRNA	CATG00000058300.1	CATG00000058300.1	1	1	1	1	1111	4
58417	lncRNA	CATG00000058417.1	CATG00000058417.1	1	1	1	1	1111	4
58505	lncRNA	CATG00000058505.1	CATG00000058505.1	1	1	1	1	1111	4
58556	protein_coding	CATG00000058556.1	CATG00000058556	1	0	0	0	1000	1
58559	lncRNA	CATG00000058559.1	CATG00000058559.1	1	1	1	1	1111	4
58571	protein_coding	CATG00000058571.1	CATG00000058571	1	0	0	0	1000	1
58583	lncRNA	CATG00000058583.1	CATG00000058583.1	1	1	1	1	1111	4
58602	lncRNA	CATG00000058602.1	CATG00000058602.1	1	1	1	1	1111	4
58631	protein_coding	CATG00000058631.1	CATG00000058631	1	0	0	0	1000	1
58647	lncRNA	CATG00000058647.1	CATG00000058647.1	1	1	1	1	1111	4
58651	lncRNA	CATG00000058651.1	CATG00000058651.1	1	1	1	1	1111	4
58672	lncRNA	CATG00000058672.1	CATG00000058672.1	1	1	1	0	1110	3
58706	lncRNA	CATG00000058706.1	CATG00000058706.1	1	1	1	1	1111	4
58727	lncRNA	CATG00000058727.1	CATG00000058727.1	1	1	1	0	1110	3
58746	lncRNA	CATG00000058746.1	CATG00000058746.1	1	1	1	0	1110	3
58903	lncRNA	CATG00000058903.1	CATG00000058903.1	1	1	1	1	1111	4
58904	lncRNA	CATG00000058904.1	CATG00000058904.1	1	0	0	0	1000	1
58905	protein_coding	CATG00000058905.1	CATG00000058905	1	0	0	0	1000	1
58910	protein_coding	CATG00000058910.1	CATG00000058910	1	0	0	0	1000	1
59199	protein_coding	CATG00000059199.1	CATG00000059199	1	0	0	0	1000	1
59204	lncRNA	CATG00000059204.1	CATG00000059204.1	1	1	0	1	1101	3
59304	protein_coding	CATG00000059304.1	CATG00000059304	1	0	0	0	1000	1
59456	lncRNA	CATG00000059456.1	CATG00000059456.1	1	1	1	1	1111	4
59730	lncRNA	CATG00000059730.1	CATG00000059730.1	1	1	1	1	1111	4
59932	lncRNA	CATG00000059932.1	CATG00000059932.1	1	1	0	0	1100	2
59952	lncRNA	CATG00000059952.1	CATG00000059952.1	1	1	0	0	1100	2
59985	lncRNA	CATG00000059985.1	CATG00000059985.1	1	1	0	1	1101	3
59988	lncRNA	CATG00000059988.1	CATG00000059988.1	1	1	0	1	1101	3
59990	lncRNA	CATG00000059990.1	CATG00000059990.1	1	1	0	1	1101	3
59992	lncRNA	CATG00000059992.1	CATG00000059992.1	1	1	0	1	1101	3
59994	lncRNA	CATG00000059994.1	CATG00000059994.1	1	1	0	1	1101	3
59995	lncRNA	CATG00000059995.1	CATG00000059995.1	1	1	0	0	1100	2
60000	lncRNA	CATG00000060000.1	CATG00000060000.1	1	1	0	1	1101	3
60079	lncRNA	CATG00000060079.1	CATG00000060079.1	1	1	0	1	1101	3
60149	lncRNA	CATG00000060149.1	CATG00000060149.1	1	1	0	1	1101	3
60194	protein_coding	CATG00000060194.1	CATG00000060194	1	0	0	0	1000	1
60295	lncRNA	CATG00000060295.1	CATG00000060295.1	1	1	0	1	1101	3
60349	lncRNA	CATG00000060349.1	CATG00000060349.1	1	1	0	1	1101	3
60530	lncRNA	CATG00000060530.1	CATG00000060530.1	1	1	0	1	1101	3
60560	protein_coding	CATG00000060560.1	CATG00000060560	1	0	0	0	1000	1
60595	lncRNA	CATG00000060595.1	CATG00000060595.1	1	1	1	1	1111	4
60738	lncRNA	CATG00000060738.1	CATG00000060738.1	1	1	1	1	1111	4
60742	lncRNA	CATG00000060742.1	CATG00000060742.1	1	1	1	1	1111	4
60862	lncRNA	CATG00000060862.1	CATG00000060862.1	1	1	1	0	1110	3
60867	lncRNA	CATG00000060867.1	CATG00000060867.1	1	1	1	0	1110	3
60907	lncRNA	CATG00000060907.1	CATG00000060907.1	1	1	1	0	1110	3
61213	protein_coding	CATG00000061213.1	CATG00000061213	1	0	0	0	1000	1
61316	lncRNA	CATG00000061316.1	CATG00000061316.1	1	1	1	1	1111	4
61378	lncRNA	CATG00000061378.1	CATG00000061378.1	1	1	1	1	1111	4
61507	lncRNA	CATG00000061507.1	CATG00000061507.1	1	1	1	0	1110	3
61552	lncRNA	CATG00000061552.1	CATG00000061552.1	1	1	1	0	1110	3
61639	protein_coding	CATG00000061639.1	CATG00000061639	1	0	0	0	1000	1
61795	protein_coding	CATG00000061795.1	CATG00000061795	1	0	0	0	1000	1
61927	protein_coding	CATG00000061927.1	CATG00000061927	1	0	0	0	1000	1
61968	lncRNA	CATG00000061968.1	CATG00000061968.1	1	1	0	1	1101	3
62213	lncRNA	CATG00000062213.1	CATG00000062213.1	1	1	0	0	1100	2
62280	protein_coding	CATG00000062280.1	CATG00000062280	1	0	0	0	1000	1
62392	protein_coding	CATG00000062392.1	CATG00000062392	1	0	0	0	1000	1
62445	lncRNA	CATG00000062445.1	CATG00000062445.1	1	1	0	0	1100	2
62787	lncRNA	CATG00000062787.1	CATG00000062787.1	1	1	0	0	1100	2
62788	lncRNA	CATG00000062788.1	CATG00000062788.1	1	1	0	0	1100	2
62825	lncRNA	CATG00000062825.1	CATG00000062825.1	1	1	0	0	1100	2
63089	lncRNA	CATG00000063089.1	CATG00000063089.1	1	1	0	1	1101	3
63194	lncRNA	CATG00000063194.1	CATG00000063194.1	1	1	1	1	1111	4
63343	protein_coding	CATG00000063343.1	CATG00000063343	1	0	0	0	1000	1
63492	lncRNA	CATG00000063492.1	CATG00000063492.1	1	1	0	0	1100	2
63724	lncRNA	CATG00000063724.1	CATG00000063724.1	1	1	0	0	1100	2
63738	lncRNA	CATG00000063738.1	CATG00000063738.1	1	1	0	1	1101	3
64155	lncRNA	CATG00000064155.1	CATG00000064155.1	1	1	1	1	1111	4
64157	protein_coding	CATG00000064157.1	CATG00000064157	1	0	0	0	1000	1
64160	lncRNA	CATG00000064160.1	CATG00000064160.1	1	1	1	1	1111	4
64169	protein_coding	CATG00000064169.1	CATG00000064169	1	0	0	0	1000	1
64202	lncRNA	CATG00000064202.1	CATG00000064202.1	1	1	1	1	1111	4
64206	lncRNA	CATG00000064206.1	CATG00000064206.1	1	1	1	1	1111	4
64299	lncRNA	CATG00000064299.1	CATG00000064299.1	1	1	0	1	1101	3
64303	lncRNA	CATG00000064303.1	CATG00000064303.1	1	1	1	1	1111	4
64422	protein_coding	CATG00000064422.1	CATG00000064422	1	0	0	0	1000	1
64482	lncRNA	CATG00000064482.1	CATG00000064482.1	1	1	0	1	1101	3
64485	lncRNA	CATG00000064485.1	CATG00000064485.1	1	1	0	1	1101	3
64486	lncRNA	CATG00000064486.1	CATG00000064486.1	1	1	0	1	1101	3
64487	lncRNA	CATG00000064487.1	CATG00000064487.1	1	1	0	1	1101	3
64488	lncRNA	CATG00000064488.1	CATG00000064488.1	1	1	0	1	1101	3
64493	lncRNA	CATG00000064493.1	CATG00000064493.1	1	1	0	1	1101	3
64587	protein_coding	CATG00000064587.1	CATG00000064587	1	0	0	0	1000	1
64591	lncRNA	CATG00000064591.1	CATG00000064591.1	1	1	0	1	1101	3
64661	lncRNA	CATG00000064661.1	CATG00000064661.1	1	1	0	1	1101	3
64781	lncRNA	CATG00000064781.1	CATG00000064781.1	1	1	0	1	1101	3
64800	lncRNA	CATG00000064800.1	CATG00000064800.1	1	1	0	1	1101	3
64897	lncRNA	CATG00000064897.1	CATG00000064897.1	1	1	0	1	1101	3
65003	lncRNA	CATG00000065003.1	CATG00000065003.1	1	1	0	1	1101	3
65324	lncRNA	CATG00000065324.1	CATG00000065324.1	1	1	1	0	1110	3
65372	lncRNA	CATG00000065372.1	CATG00000065372.1	1	1	1	0	1110	3
65374	lncRNA	CATG00000065374.1	CATG00000065374.1	1	1	1	1	1111	4
65379	protein_coding	CATG00000065379.1	CATG00000065379	1	0	0	0	1000	1
65473	lncRNA	CATG00000065473.1	CATG00000065473.1	1	1	1	0	1110	3
65811	protein_coding	CATG00000065811.1	CATG00000065811	1	0	0	0	1000	1
65837	lncRNA	CATG00000065837.1	CATG00000065837.1	1	1	1	0	1110	3
66030	lncRNA	CATG00000066030.1	CATG00000066030.1	1	1	0	0	1100	2
66148	protein_coding	CATG00000066148.1	CATG00000066148	1	0	0	0	1000	1
66151	lncRNA	CATG00000066151.1	CATG00000066151.1	1	1	0	0	1100	2
66191	lncRNA	CATG00000066191.1	CATG00000066191.1	1	1	0	1	1101	3
66195	lncRNA	CATG00000066195.1	CATG00000066195.1	1	1	0	0	1100	2
66210	lncRNA	CATG00000066210.1	CATG00000066210.1	1	0	0	0	1000	1
66211	lncRNA	CATG00000066211.1	CATG00000066211.1	1	1	1	1	1111	4
66212	lncRNA	CATG00000066212.1	CATG00000066212.1	1	1	1	0	1110	3
66323	lncRNA	CATG00000066323.1	CATG00000066323.1	1	1	0	0	1100	2
66341	lncRNA	CATG00000066341.1	CATG00000066341.1	1	1	0	1	1101	3
66407	lncRNA	CATG00000066407.1	CATG00000066407.1	1	1	1	0	1110	3
66491	protein_coding	CATG00000066491.1	CATG00000066491	1	0	0	0	1000	1
66493	lncRNA	CATG00000066493.1	CATG00000066493.1	1	1	0	0	1100	2
66599	lncRNA	CATG00000066599.1	CATG00000066599.1	1	1	1	0	1110	3
66639	lncRNA	CATG00000066639.1	CATG00000066639.1	1	1	1	1	1111	4
66791	lncRNA	CATG00000066791.1	CATG00000066791.1	1	1	0	0	1100	2
67103	lncRNA	CATG00000067103.1	CATG00000067103.1	1	1	1	1	1111	4
67147	lncRNA	CATG00000067147.1	CATG00000067147.1	1	1	1	1	1111	4
67180	lncRNA	CATG00000067180.1	CATG00000067180.1	1	1	1	1	1111	4
67389	lncRNA	CATG00000067389.1	CATG00000067389.1	1	1	0	0	1100	2
67396	lncRNA	CATG00000067396.1	CATG00000067396.1	1	1	0	0	1100	2
67610	protein_coding	CATG00000067610.1	CATG00000067610	1	0	0	0	1000	1
67653	lncRNA	CATG00000067653.1	CATG00000067653.1	1	1	0	0	1100	2
67664	protein_coding	CATG00000067664.1	CATG00000067664	1	0	0	0	1000	1
67697	protein_coding	CATG00000067697.1	CATG00000067697	1	0	0	0	1000	1
67712	lncRNA	CATG00000067712.1	CATG00000067712.1	1	1	1	0	1110	3
67721	lncRNA	CATG00000067721.1	CATG00000067721.1	1	1	1	0	1110	3
67849	lncRNA	CATG00000067849.1	CATG00000067849.1	1	1	1	0	1110	3
68131	lncRNA	CATG00000068131.1	CATG00000068131.1	1	1	1	0	1110	3
68251	lncRNA	CATG00000068251.1	CATG00000068251.1	1	1	0	0	1100	2
68362	lncRNA	CATG00000068362.1	CATG00000068362.1	1	1	1	0	1110	3
68371	lncRNA	CATG00000068371.1	CATG00000068371.1	1	1	1	0	1110	3
68456	lncRNA	CATG00000068456.1	CATG00000068456.1	1	1	1	0	1110	3
68499	protein_coding	CATG00000068499.1	CATG00000068499	1	0	0	0	1000	1
68527	lncRNA	CATG00000068527.1	CATG00000068527.1	1	1	1	1	1111	4
68553	lncRNA	CATG00000068553.1	CATG00000068553.1	1	0	1	0	1010	2
68644	lncRNA	CATG00000068644.1	CATG00000068644.1	1	0	0	0	1000	1
68938	lncRNA	CATG00000068938.1	CATG00000068938.1	1	0	0	0	1000	1
69206	lncRNA	CATG00000069206.1	CATG00000069206.1	1	0	0	0	1000	1
69305	lncRNA	CATG00000069305.1	CATG00000069305.1	1	1	1	0	1110	3
69553	lncRNA	CATG00000069553.1	CATG00000069553.1	1	1	1	0	1110	3
69628	protein_coding	CATG00000069628.1	CATG00000069628	1	0	0	0	1000	1
69727	lncRNA	CATG00000069727.1	CATG00000069727.1	1	1	1	0	1110	3
69822	lncRNA	CATG00000069822.1	CATG00000069822.1	1	1	0	0	1100	2
70055	lncRNA	CATG00000070055.1	CATG00000070055.1	1	1	1	0	1110	3
70588	lncRNA	CATG00000070588.1	CATG00000070588.1	1	1	1	1	1111	4
70617	lncRNA	CATG00000070617.1	CATG00000070617.1	1	1	1	0	1110	3
70668	lncRNA	CATG00000070668.1	CATG00000070668.1	1	1	1	0	1110	3
70702	lncRNA	CATG00000070702.1	CATG00000070702.1	1	1	1	1	1111	4
71146	lncRNA	CATG00000071146.1	CATG00000071146.1	1	1	1	0	1110	3
71168	lncRNA	CATG00000071168.1	CATG00000071168.1	1	1	1	0	1110	3
71563	protein_coding	CATG00000071563.1	CATG00000071563	1	0	0	0	1000	1
71708	protein_coding	CATG00000071708.1	CATG00000071708	1	0	0	0	1000	1
71918	lncRNA	CATG00000071918.1	CATG00000071918.1	1	0	1	0	1010	2
71996	lncRNA	CATG00000071996.1	CATG00000071996.1	1	1	1	0	1110	3
72001	protein_coding	CATG00000072001.1	CATG00000072001	1	0	0	0	1000	1
72010	lncRNA	CATG00000072010.1	CATG00000072010.1	1	1	1	0	1110	3
72024	lncRNA	CATG00000072024.1	CATG00000072024.1	1	1	1	0	1110	3
72158	lncRNA	CATG00000072158.1	CATG00000072158.1	1	1	1	0	1110	3
72159	lncRNA	CATG00000072159.1	CATG00000072159.1	1	1	1	0	1110	3
72343	lncRNA	CATG00000072343.1	CATG00000072343.1	1	1	1	0	1110	3
72415	lncRNA	CATG00000072415.1	CATG00000072415.1	1	1	1	1	1111	4
72770	lncRNA	CATG00000072770.1	CATG00000072770.1	1	0	1	1	1011	3
72858	lncRNA	CATG00000072858.1	CATG00000072858.1	1	0	0	0	1000	1
72877	lncRNA	CATG00000072877.1	CATG00000072877.1	1	0	0	0	1000	1
72898	lncRNA	CATG00000072898.1	CATG00000072898.1	1	0	0	0	1000	1
73068	lncRNA	CATG00000073068.1	CATG00000073068.1	1	1	0	0	1100	2
73114	lncRNA	CATG00000073114.1	CATG00000073114.1	1	1	1	0	1110	3
73209	lncRNA	CATG00000073209.1	CATG00000073209.1	1	1	1	0	1110	3
73317	protein_coding	CATG00000073317.1	CATG00000073317	1	0	0	0	1000	1
73375	lncRNA	CATG00000073375.1	CATG00000073375.1	1	1	0	0	1100	2
73532	lncRNA	CATG00000073532.1	CATG00000073532.1	1	1	1	0	1110	3
73556	lncRNA	CATG00000073556.1	CATG00000073556.1	1	0	1	0	1010	2
73625	lncRNA	CATG00000073625.1	CATG00000073625.1	1	1	1	0	1110	3
74129	lncRNA	CATG00000074129.1	CATG00000074129.1	1	1	1	0	1110	3
74170	lncRNA	CATG00000074170.1	CATG00000074170.1	1	1	1	0	1110	3
74265	lncRNA	CATG00000074265.1	CATG00000074265.1	1	1	1	0	1110	3
74492	lncRNA	CATG00000074492.1	CATG00000074492.1	1	1	1	0	1110	3
74496	lncRNA	CATG00000074496.1	CATG00000074496.1	1	1	1	0	1110	3
74504	lncRNA	CATG00000074504.1	CATG00000074504.1	1	1	1	0	1110	3
74949	protein_coding	CATG00000074949.1	CATG00000074949	1	0	0	0	1000	1
74959	lncRNA	CATG00000074959.1	CATG00000074959.1	1	1	0	0	1100	2
74991	protein_coding	CATG00000074991.1	CATG00000074991	1	0	0	0	1000	1
75119	lncRNA	CATG00000075119.1	CATG00000075119.1	1	1	1	0	1110	3
75144	protein_coding	CATG00000075144.1	CATG00000075144	1	0	0	0	1000	1
75148	protein_coding	CATG00000075148.1	CATG00000075148	1	0	0	0	1000	1
75260	lncRNA	CATG00000075260.1	CATG00000075260.1	1	1	1	1	1111	4
75280	lncRNA	CATG00000075280.1	CATG00000075280.1	1	1	1	1	1111	4
75373	lncRNA	CATG00000075373.1	CATG00000075373.1	1	0	1	0	1010	2
75493	lncRNA	CATG00000075493.1	CATG00000075493.1	1	1	1	1	1111	4
75534	lncRNA	CATG00000075534.1	CATG00000075534.1	1	1	1	1	1111	4
75581	lncRNA	CATG00000075581.1	CATG00000075581.1	1	0	1	0	1010	2
75637	lncRNA	CATG00000075637.1	CATG00000075637.1	1	0	1	0	1010	2
75659	lncRNA	CATG00000075659.1	CATG00000075659.1	1	0	1	0	1010	2
75661	lncRNA	CATG00000075661.1	CATG00000075661.1	1	0	1	0	1010	2
75662	lncRNA	CATG00000075662.1	CATG00000075662.1	1	0	1	0	1010	2
75665	lncRNA	CATG00000075665.1	CATG00000075665.1	1	0	1	0	1010	2
75667	lncRNA	CATG00000075667.1	CATG00000075667.1	1	0	0	0	1000	1
75669	lncRNA	CATG00000075669.1	CATG00000075669.1	1	0	1	0	1010	2
75670	lncRNA	CATG00000075670.1	CATG00000075670.1	1	0	1	0	1010	2
75693	lncRNA	CATG00000075693.1	CATG00000075693.1	1	0	1	0	1010	2
75724	protein_coding	CATG00000075724.1	CATG00000075724	1	0	0	0	1000	1
75726	protein_coding	CATG00000075726.1	CATG00000075726	1	0	0	0	1000	1
75886	protein_coding	CATG00000075886.1	CATG00000075886	1	0	0	0	1000	1
75893	lncRNA	CATG00000075893.1	CATG00000075893.1	1	0	0	0	1000	1
75926	lncRNA	CATG00000075926.1	CATG00000075926.1	1	0	1	0	1010	2
75931	lncRNA	CATG00000075931.1	CATG00000075931.1	1	0	1	0	1010	2
75973	lncRNA	CATG00000075973.1	CATG00000075973.1	1	0	1	0	1010	2
76032	lncRNA	CATG00000076032.1	CATG00000076032.1	1	0	1	0	1010	2
76106	lncRNA	CATG00000076106.1	CATG00000076106.1	1	1	1	1	1111	4
76219	lncRNA	CATG00000076219.1	CATG00000076219.1	1	0	0	0	1000	1
76307	protein_coding	CATG00000076307.1	CATG00000076307	1	0	0	0	1000	1
76590	lncRNA	CATG00000076590.1	CATG00000076590.1	1	0	1	0	1010	2
76591	lncRNA	CATG00000076591.1	CATG00000076591.1	1	0	1	0	1010	2
76629	protein_coding	CATG00000076629.1	CATG00000076629	1	0	0	0	1000	1
76640	lncRNA	CATG00000076640.1	CATG00000076640.1	1	0	1	0	1010	2
76772	lncRNA	CATG00000076772.1	CATG00000076772.1	1	1	1	0	1110	3
76837	protein_coding	CATG00000076837.1	CATG00000076837	1	0	0	0	1000	1
76960	lncRNA	CATG00000076960.1	CATG00000076960.1	1	1	1	0	1110	3
76981	lncRNA	CATG00000076981.1	CATG00000076981.1	1	1	1	0	1110	3
76989	lncRNA	CATG00000076989.1	CATG00000076989.1	1	1	1	0	1110	3
77356	protein_coding	CATG00000077356.1	CATG00000077356	1	0	0	0	1000	1
77375	lncRNA	CATG00000077375.1	CATG00000077375.1	1	1	1	0	1110	3
77438	lncRNA	CATG00000077438.1	CATG00000077438.1	1	1	1	1	1111	4
77524	protein_coding	CATG00000077524.1	CATG00000077524	1	0	0	0	1000	1
77525	lncRNA	CATG00000077525.1	CATG00000077525.1	1	0	0	0	1000	1
77532	lncRNA	CATG00000077532.1	CATG00000077532.1	1	1	1	0	1110	3
77537	lncRNA	CATG00000077537.1	CATG00000077537.1	1	1	1	0	1110	3
77543	lncRNA	CATG00000077543.1	CATG00000077543.1	1	1	1	0	1110	3
77556	protein_coding	CATG00000077556.1	CATG00000077556	1	0	0	0	1000	1
77557	lncRNA	CATG00000077557.1	CATG00000077557.1	1	1	0	0	1100	2
77563	lncRNA	CATG00000077563.1	CATG00000077563.1	1	1	0	0	1100	2
77568	lncRNA	CATG00000077568.1	CATG00000077568.1	1	1	1	0	1110	3
77624	lncRNA	CATG00000077624.1	CATG00000077624.1	1	0	1	0	1010	2
77705	lncRNA	CATG00000077705.1	CATG00000077705.1	1	1	1	1	1111	4
77763	lncRNA	CATG00000077763.1	CATG00000077763.1	1	1	1	1	1111	4
77822	lncRNA	CATG00000077822.1	CATG00000077822.1	1	1	1	1	1111	4
77862	lncRNA	CATG00000077862.1	CATG00000077862.1	1	1	1	1	1111	4
77901	lncRNA	CATG00000077901.1	CATG00000077901.1	1	1	1	1	1111	4
78081	lncRNA	CATG00000078081.1	CATG00000078081.1	1	1	1	1	1111	4
78082	lncRNA	CATG00000078082.1	CATG00000078082.1	1	1	1	1	1111	4
78085	lncRNA	CATG00000078085.1	CATG00000078085.1	1	1	1	1	1111	4
78238	lncRNA	CATG00000078238.1	CATG00000078238.1	1	1	1	1	1111	4
78399	lncRNA	CATG00000078399.1	CATG00000078399.1	1	1	1	1	1111	4
78477	lncRNA	CATG00000078477.1	CATG00000078477.1	1	1	1	0	1110	3
78727	protein_coding	CATG00000078727.1	CATG00000078727	1	0	0	0	1000	1
78836	lncRNA	CATG00000078836.1	CATG00000078836.1	1	1	1	0	1110	3
79015	protein_coding	CATG00000079015.1	CATG00000079015	1	0	0	0	1000	1
79027	lncRNA	CATG00000079027.1	CATG00000079027.1	1	1	1	1	1111	4
79057	protein_coding	CATG00000079057.1	CATG00000079057	1	0	0	0	1000	1
79065	protein_coding	CATG00000079065.1	CATG00000079065	1	0	0	0	1000	1
79107	lncRNA	CATG00000079107.1	CATG00000079107.1	1	0	0	0	1000	1
79334	lncRNA	CATG00000079334.1	CATG00000079334.1	1	1	1	1	1111	4
79506	lncRNA	CATG00000079506.1	CATG00000079506.1	1	0	1	0	1010	2
79593	lncRNA	CATG00000079593.1	CATG00000079593.1	1	0	1	0	1010	2
79596	lncRNA	CATG00000079596.1	CATG00000079596.1	1	0	1	0	1010	2
79597	lncRNA	CATG00000079597.1	CATG00000079597.1	1	0	1	0	1010	2
79598	lncRNA	CATG00000079598.1	CATG00000079598.1	1	0	1	0	1010	2
79607	lncRNA	CATG00000079607.1	CATG00000079607.1	1	0	1	0	1010	2
79611	lncRNA	CATG00000079611.1	CATG00000079611.1	1	0	1	0	1010	2
79612	lncRNA	CATG00000079612.1	CATG00000079612.1	1	0	1	0	1010	2
79615	lncRNA	CATG00000079615.1	CATG00000079615.1	1	0	1	0	1010	2
79662	lncRNA	CATG00000079662.1	CATG00000079662.1	1	0	1	0	1010	2
79667	protein_coding	CATG00000079667.1	CATG00000079667	1	0	0	0	1000	1
79793	lncRNA	CATG00000079793.1	CATG00000079793.1	1	0	1	1	1011	3
79815	lncRNA	CATG00000079815.1	CATG00000079815.1	1	1	1	1	1111	4
79825	lncRNA	CATG00000079825.1	CATG00000079825.1	1	1	1	1	1111	4
79883	lncRNA	CATG00000079883.1	CATG00000079883.1	1	0	0	0	1000	1
79979	lncRNA	CATG00000079979.1	CATG00000079979.1	1	0	1	0	1010	2
80069	protein_coding	CATG00000080069.1	CATG00000080069	1	0	0	0	1000	1
80218	lncRNA	CATG00000080218.1	CATG00000080218.1	1	1	1	1	1111	4
80231	lncRNA	CATG00000080231.1	CATG00000080231.1	1	0	1	0	1010	2
80233	lncRNA	CATG00000080233.1	CATG00000080233.1	1	1	1	0	1110	3
80377	lncRNA	CATG00000080377.1	CATG00000080377.1	1	1	0	1	1101	3
80416	lncRNA	CATG00000080416.1	CATG00000080416.1	1	0	1	0	1010	2
80429	lncRNA	CATG00000080429.1	CATG00000080429.1	1	0	1	0	1010	2
80486	lncRNA	CATG00000080486.1	CATG00000080486.1	1	0	1	0	1010	2
80572	lncRNA	CATG00000080572.1	CATG00000080572.1	1	0	1	0	1010	2
80797	lncRNA	CATG00000080797.1	CATG00000080797.1	1	1	1	0	1110	3
80821	lncRNA	CATG00000080821.1	CATG00000080821.1	1	1	1	1	1111	4
80878	lncRNA	CATG00000080878.1	CATG00000080878.1	1	1	0	1	1101	3
81067	lncRNA	CATG00000081067.1	CATG00000081067.1	1	1	1	0	1110	3
81224	lncRNA	CATG00000081224.1	CATG00000081224.1	1	1	1	0	1110	3
81246	lncRNA	CATG00000081246.1	CATG00000081246.1	1	1	1	0	1110	3
81437	lncRNA	CATG00000081437.1	CATG00000081437.1	1	1	1	1	1111	4
81639	protein_coding	CATG00000081639.1	CATG00000081639	1	0	0	0	1000	1
81694	lncRNA	CATG00000081694.1	CATG00000081694.1	1	1	1	1	1111	4
81807	lncRNA	CATG00000081807.1	CATG00000081807.1	1	1	1	0	1110	3
81953	lncRNA	CATG00000081953.1	CATG00000081953.1	1	1	1	0	1110	3
82073	lncRNA	CATG00000082073.1	CATG00000082073.1	1	1	1	0	1110	3
82156	lncRNA	CATG00000082156.1	CATG00000082156.1	1	1	1	0	1110	3
82298	protein_coding	CATG00000082298.1	CATG00000082298	1	0	0	0	1000	1
82306	lncRNA	CATG00000082306.1	CATG00000082306.1	1	1	1	0	1110	3
82365	lncRNA	CATG00000082365.1	CATG00000082365.1	1	1	1	0	1110	3
82558	lncRNA	CATG00000082558.1	CATG00000082558.1	1	1	0	0	1100	2
82843	lncRNA	CATG00000082843.1	CATG00000082843.1	1	1	1	0	1110	3
82845	lncRNA	CATG00000082845.1	CATG00000082845.1	1	1	1	1	1111	4
82898	lncRNA	CATG00000082898.1	CATG00000082898.1	1	1	1	0	1110	3
82943	lncRNA	CATG00000082943.1	CATG00000082943.1	1	1	1	0	1110	3
83162	lncRNA	CATG00000083162.1	CATG00000083162.1	1	1	1	0	1110	3
83164	lncRNA	CATG00000083164.1	CATG00000083164.1	1	1	1	0	1110	3
83238	lncRNA	CATG00000083238.1	CATG00000083238.1	1	1	1	0	1110	3
83244	lncRNA	CATG00000083244.1	CATG00000083244.1	1	1	1	0	1110	3
83264	lncRNA	CATG00000083264.1	CATG00000083264.1	1	1	1	0	1110	3
83282	lncRNA	CATG00000083282.1	CATG00000083282.1	1	1	1	0	1110	3
83332	lncRNA	CATG00000083332.1	CATG00000083332.1	1	1	1	0	1110	3
83346	lncRNA	CATG00000083346.1	CATG00000083346.1	1	1	1	0	1110	3
83347	lncRNA	CATG00000083347.1	CATG00000083347.1	1	1	1	0	1110	3
83348	lncRNA	CATG00000083348.1	CATG00000083348.1	1	1	1	1	1111	4
83349	lncRNA	CATG00000083349.1	CATG00000083349.1	1	1	1	0	1110	3
83353	lncRNA	CATG00000083353.1	CATG00000083353.1	1	1	1	0	1110	3
83355	lncRNA	CATG00000083355.1	CATG00000083355.1	1	1	1	0	1110	3
83361	lncRNA	CATG00000083361.1	CATG00000083361.1	1	1	1	0	1110	3
83438	lncRNA	CATG00000083438.1	CATG00000083438.1	1	1	1	1	1111	4
83443	protein_coding	CATG00000083443.1	CATG00000083443	1	0	0	0	1000	1
83445	lncRNA	CATG00000083445.1	CATG00000083445.1	1	1	0	0	1100	2
83447	lncRNA	CATG00000083447.1	CATG00000083447.1	1	1	0	0	1100	2
83462	lncRNA	CATG00000083462.1	CATG00000083462.1	1	1	0	1	1101	3
83478	lncRNA	CATG00000083478.1	CATG00000083478.1	1	1	1	0	1110	3
83504	protein_coding	CATG00000083504.1	CATG00000083504	1	0	0	0	1000	1
83521	protein_coding	CATG00000083521.1	CATG00000083521	1	0	0	0	1000	1
83522	lncRNA	CATG00000083522.1	CATG00000083522.1	1	1	1	1	1111	4
83550	lncRNA	CATG00000083550.1	CATG00000083550.1	1	1	1	1	1111	4
83553	lncRNA	CATG00000083553.1	CATG00000083553.1	1	1	1	1	1111	4
83556	lncRNA	CATG00000083556.1	CATG00000083556.1	1	1	1	1	1111	4
83557	lncRNA	CATG00000083557.1	CATG00000083557.1	1	1	1	1	1111	4
83570	lncRNA	CATG00000083570.1	CATG00000083570.1	1	1	0	0	1100	2
83573	lncRNA	CATG00000083573.1	CATG00000083573.1	1	1	0	1	1101	3
83574	lncRNA	CATG00000083574.1	CATG00000083574.1	1	1	1	1	1111	4
83575	lncRNA	CATG00000083575.1	CATG00000083575.1	1	1	1	1	1111	4
83577	lncRNA	CATG00000083577.1	CATG00000083577.1	1	1	0	1	1101	3
83579	lncRNA	CATG00000083579.1	CATG00000083579.1	1	1	0	0	1100	2
83580	lncRNA	CATG00000083580.1	CATG00000083580.1	1	1	0	1	1101	3
83581	lncRNA	CATG00000083581.1	CATG00000083581.1	1	1	1	1	1111	4
83589	lncRNA	CATG00000083589.1	CATG00000083589.1	1	1	1	1	1111	4
83592	lncRNA	CATG00000083592.1	CATG00000083592.1	1	1	1	0	1110	3
83596	lncRNA	CATG00000083596.1	CATG00000083596.1	1	1	0	1	1101	3
83598	lncRNA	CATG00000083598.1	CATG00000083598.1	1	1	1	1	1111	4
83609	lncRNA	CATG00000083609.1	CATG00000083609.1	1	1	1	1	1111	4
83614	lncRNA	CATG00000083614.1	CATG00000083614.1	1	1	1	1	1111	4
83624	lncRNA	CATG00000083624.1	CATG00000083624.1	1	1	0	0	1100	2
83626	lncRNA	CATG00000083626.1	CATG00000083626.1	1	1	1	1	1111	4
83629	lncRNA	CATG00000083629.1	CATG00000083629.1	1	1	1	0	1110	3
83638	protein_coding	CATG00000083638.1	CATG00000083638	1	0	0	0	1000	1
83669	lncRNA	CATG00000083669.1	CATG00000083669.1	1	1	0	0	1100	2
83874	protein_coding	CATG00000083874.1	CATG00000083874	1	0	0	0	1000	1
83913	protein_coding	CATG00000083913.1	CATG00000083913	1	0	0	0	1000	1
84292	lncRNA	CATG00000084292.1	CATG00000084292.1	1	1	1	1	1111	4
84695	lncRNA	CATG00000084695.1	CATG00000084695.1	1	1	0	1	1101	3
84711	lncRNA	CATG00000084711.1	CATG00000084711.1	1	1	1	1	1111	4
84841	protein_coding	CATG00000084841.1	CATG00000084841	1	0	0	0	1000	1
84842	lncRNA	CATG00000084842.1	CATG00000084842.1	1	1	1	1	1111	4
84929	lncRNA	CATG00000084929.1	CATG00000084929.1	1	1	0	0	1100	2
85011	protein_coding	CATG00000085011.1	CATG00000085011	1	0	0	0	1000	1
85274	lncRNA	CATG00000085274.1	CATG00000085274.1	1	1	0	0	1100	2
85288	lncRNA	CATG00000085288.1	CATG00000085288.1	1	1	0	1	1101	3
85291	lncRNA	CATG00000085291.1	CATG00000085291.1	1	1	0	1	1101	3
85339	protein_coding	CATG00000085339.1	CATG00000085339	1	0	0	0	1000	1
85605	lncRNA	CATG00000085605.1	CATG00000085605.1	1	1	0	0	1100	2
85616	lncRNA	CATG00000085616.1	CATG00000085616.1	1	1	0	1	1101	3
85700	protein_coding	CATG00000085700.1	CATG00000085700	1	0	0	0	1000	1
85737	lncRNA	CATG00000085737.1	CATG00000085737.1	1	1	0	1	1101	3
85848	lncRNA	CATG00000085848.1	CATG00000085848.1	1	1	0	1	1101	3
85904	lncRNA	CATG00000085904.1	CATG00000085904.1	1	1	0	1	1101	3
85917	lncRNA	CATG00000085917.1	CATG00000085917.1	1	1	0	0	1100	2
86133	lncRNA	CATG00000086133.1	CATG00000086133.1	1	1	0	1	1101	3
86148	lncRNA	CATG00000086148.1	CATG00000086148.1	1	1	0	1	1101	3
86150	lncRNA	CATG00000086150.1	CATG00000086150.1	1	1	0	1	1101	3
86152	lncRNA	CATG00000086152.1	CATG00000086152.1	1	1	0	1	1101	3
86155	lncRNA	CATG00000086155.1	CATG00000086155.1	1	1	0	1	1101	3
86459	lncRNA	CATG00000086459.1	CATG00000086459.1	1	1	0	0	1100	2
86506	lncRNA	CATG00000086506.1	CATG00000086506.1	1	1	0	1	1101	3
86749	lncRNA	CATG00000086749.1	CATG00000086749.1	1	1	1	1	1111	4
86753	lncRNA	CATG00000086753.1	CATG00000086753.1	1	1	1	1	1111	4
86800	lncRNA	CATG00000086800.1	CATG00000086800.1	1	1	1	0	1110	3
86814	lncRNA	CATG00000086814.1	CATG00000086814.1	1	1	1	1	1111	4
86911	protein_coding	CATG00000086911.1	CATG00000086911	1	0	0	0	1000	1
87044	lncRNA	CATG00000087044.1	CATG00000087044.1	1	1	1	1	1111	4
87050	protein_coding	CATG00000087050.1	CATG00000087050	1	0	0	0	1000	1
87051	protein_coding	CATG00000087051.1	CATG00000087051	1	0	0	0	1000	1
87082	protein_coding	CATG00000087082.1	CATG00000087082	1	0	0	0	1000	1
87322	lncRNA	CATG00000087322.1	CATG00000087322.1	1	1	1	0	1110	3
87401	lncRNA	CATG00000087401.1	CATG00000087401.1	1	1	0	1	1101	3
87410	lncRNA	CATG00000087410.1	CATG00000087410.1	1	1	0	1	1101	3
87430	lncRNA	CATG00000087430.1	CATG00000087430.1	1	1	0	1	1101	3
87443	lncRNA	CATG00000087443.1	CATG00000087443.1	1	1	1	0	1110	3
87586	lncRNA	CATG00000087586.1	CATG00000087586.1	1	1	0	0	1100	2
87800	lncRNA	CATG00000087800.1	CATG00000087800.1	1	1	1	0	1110	3
87824	lncRNA	CATG00000087824.1	CATG00000087824.1	1	1	1	0	1110	3
87827	lncRNA	CATG00000087827.1	CATG00000087827.1	1	1	1	0	1110	3
87828	lncRNA	CATG00000087828.1	CATG00000087828.1	1	1	1	0	1110	3
87830	lncRNA	CATG00000087830.1	CATG00000087830.1	1	1	1	0	1110	3
87832	protein_coding	CATG00000087832.1	CATG00000087832	1	0	0	0	1000	1
87834	lncRNA	CATG00000087834.1	CATG00000087834.1	1	1	1	0	1110	3
87835	lncRNA	CATG00000087835.1	CATG00000087835.1	1	1	1	0	1110	3
87853	lncRNA	CATG00000087853.1	CATG00000087853.1	1	1	1	0	1110	3
87855	protein_coding	CATG00000087855.1	CATG00000087855	1	0	0	0	1000	1
87870	lncRNA	CATG00000087870.1	CATG00000087870.1	1	1	1	0	1110	3
87900	lncRNA	CATG00000087900.1	CATG00000087900.1	1	1	1	0	1110	3
87911	lncRNA	CATG00000087911.1	CATG00000087911.1	1	1	1	0	1110	3
87920	lncRNA	CATG00000087920.1	CATG00000087920.1	1	0	1	0	1010	2
87923	lncRNA	CATG00000087923.1	CATG00000087923.1	1	1	1	0	1110	3
87927	lncRNA	CATG00000087927.1	CATG00000087927.1	1	1	0	0	1100	2
87941	lncRNA	CATG00000087941.1	CATG00000087941.1	1	1	0	0	1100	2
87989	lncRNA	CATG00000087989.1	CATG00000087989.1	1	1	1	1	1111	4
87995	lncRNA	CATG00000087995.1	CATG00000087995.1	1	1	1	0	1110	3
88002	lncRNA	CATG00000088002.1	CATG00000088002.1	1	1	1	1	1111	4
88019	lncRNA	CATG00000088019.1	CATG00000088019.1	1	1	0	1	1101	3
88022	protein_coding	CATG00000088022.1	CATG00000088022	1	0	0	0	1000	1
88026	lncRNA	CATG00000088026.1	CATG00000088026.1	1	1	1	1	1111	4
88029	protein_coding	CATG00000088029.1	CATG00000088029	1	0	0	0	1000	1
88030	lncRNA	CATG00000088030.1	CATG00000088030.1	1	1	1	1	1111	4
88033	lncRNA	CATG00000088033.1	CATG00000088033.1	1	1	1	1	1111	4
88039	lncRNA	CATG00000088039.1	CATG00000088039.1	1	1	1	1	1111	4
88062	lncRNA	CATG00000088062.1	CATG00000088062.1	1	0	0	1	1001	2
88064	lncRNA	CATG00000088064.1	CATG00000088064.1	1	1	0	1	1101	3
88065	lncRNA	CATG00000088065.1	CATG00000088065.1	1	1	1	1	1111	4
88069	lncRNA	CATG00000088069.1	CATG00000088069.1	1	1	0	1	1101	3
88070	lncRNA	CATG00000088070.1	CATG00000088070.1	1	1	1	0	1110	3
88071	lncRNA	CATG00000088071.1	CATG00000088071.1	1	1	0	0	1100	2
88072	lncRNA	CATG00000088072.1	CATG00000088072.1	1	1	0	1	1101	3
88073	lncRNA	CATG00000088073.1	CATG00000088073.1	1	1	0	1	1101	3
88075	protein_coding	CATG00000088075.1	CATG00000088075	1	0	0	0	1000	1
88077	lncRNA	CATG00000088077.1	CATG00000088077.1	1	1	0	1	1101	3
88082	lncRNA	CATG00000088082.1	CATG00000088082.1	1	1	1	1	1111	4
88084	lncRNA	CATG00000088084.1	CATG00000088084.1	1	1	1	1	1111	4
88085	lncRNA	CATG00000088085.1	CATG00000088085.1	1	1	0	1	1101	3
88098	lncRNA	CATG00000088098.1	CATG00000088098.1	1	1	0	1	1101	3
88142	lncRNA	CATG00000088142.1	CATG00000088142.1	1	1	1	0	1110	3
88143	lncRNA	CATG00000088143.1	CATG00000088143.1	1	1	1	1	1111	4
88206	lncRNA	CATG00000088206.1	CATG00000088206.1	1	1	1	0	1110	3
88207	lncRNA	CATG00000088207.1	CATG00000088207.1	1	1	1	1	1111	4
88274	protein_coding	CATG00000088274.1	CATG00000088274	1	0	0	0	1000	1
88304	lncRNA	CATG00000088304.1	CATG00000088304.1	1	1	1	1	1111	4
88311	lncRNA	CATG00000088311.1	CATG00000088311.1	1	1	1	1	1111	4
88333	protein_coding	CATG00000088333.1	CATG00000088333	1	0	0	0	1000	1
88343	lncRNA	CATG00000088343.1	CATG00000088343.1	1	1	0	1	1101	3
88381	protein_coding	CATG00000088381.1	CATG00000088381	1	0	0	0	1000	1
88398	lncRNA	CATG00000088398.1	CATG00000088398.1	1	1	1	1	1111	4
88618	lncRNA	CATG00000088618.1	CATG00000088618.1	1	1	1	1	1111	4
88838	lncRNA	CATG00000088838.1	CATG00000088838.1	1	1	1	1	1111	4
89225	lncRNA	CATG00000089225.1	CATG00000089225.1	1	1	1	1	1111	4
89491	lncRNA	CATG00000089491.1	CATG00000089491.1	1	1	1	1	1111	4
89498	lncRNA	CATG00000089498.1	CATG00000089498.1	1	1	1	1	1111	4
89561	protein_coding	CATG00000089561.1	CATG00000089561	1	0	0	0	1000	1
89573	lncRNA	CATG00000089573.1	CATG00000089573.1	1	1	0	1	1101	3
89605	lncRNA	CATG00000089605.1	CATG00000089605.1	1	1	0	1	1101	3
89825	lncRNA	CATG00000089825.1	CATG00000089825.1	1	1	0	1	1101	3
89895	protein_coding	CATG00000089895.1	CATG00000089895	1	0	0	0	1000	1
89910	lncRNA	CATG00000089910.1	CATG00000089910.1	1	1	0	1	1101	3
90117	protein_coding	CATG00000090117.1	CATG00000090117	1	0	0	0	1000	1
90135	lncRNA	CATG00000090135.1	CATG00000090135.1	1	1	0	1	1101	3
90176	lncRNA	CATG00000090176.1	CATG00000090176.1	1	1	0	1	1101	3
90178	lncRNA	CATG00000090178.1	CATG00000090178.1	1	1	0	1	1101	3
90190	lncRNA	CATG00000090190.1	CATG00000090190.1	1	1	0	1	1101	3
90250	lncRNA	CATG00000090250.1	CATG00000090250.1	1	1	0	1	1101	3
90413	protein_coding	CATG00000090413.1	CATG00000090413	1	0	0	0	1000	1
90511	lncRNA	CATG00000090511.1	CATG00000090511.1	1	1	0	1	1101	3
90689	protein_coding	CATG00000090689.1	CATG00000090689	1	0	0	0	1000	1
90692	protein_coding	CATG00000090692.1	CATG00000090692	1	0	0	0	1000	1
90697	lncRNA	CATG00000090697.1	CATG00000090697.1	1	1	1	1	1111	4
90731	protein_coding	CATG00000090731.1	CATG00000090731	1	0	0	0	1000	1
90795	lncRNA	CATG00000090795.1	CATG00000090795.1	1	1	1	1	1111	4
90819	protein_coding	CATG00000090819.1	CATG00000090819	1	0	0	0	1000	1
90869	lncRNA	CATG00000090869.1	CATG00000090869.1	1	1	1	1	1111	4
90870	lncRNA	CATG00000090870.1	CATG00000090870.1	1	1	1	1	1111	4
90871	protein_coding	CATG00000090871.1	CATG00000090871	1	0	0	0	1000	1
90872	lncRNA	CATG00000090872.1	CATG00000090872.1	1	1	1	1	1111	4
90897	lncRNA	CATG00000090897.1	CATG00000090897.1	1	1	0	1	1101	3
90945	protein_coding	CATG00000090945.1	CATG00000090945	1	0	0	0	1000	1
91077	lncRNA	CATG00000091077.1	CATG00000091077.1	1	1	1	0	1110	3
91079	lncRNA	CATG00000091079.1	CATG00000091079.1	1	1	1	0	1110	3
91112	lncRNA	CATG00000091112.1	CATG00000091112.1	1	1	1	0	1110	3
91247	lncRNA	CATG00000091247.1	CATG00000091247.1	1	1	0	0	1100	2
91305	lncRNA	CATG00000091305.1	CATG00000091305.1	1	1	0	0	1100	2
91366	protein_coding	CATG00000091366.1	CATG00000091366	1	0	0	0	1000	1
91387	lncRNA	CATG00000091387.1	CATG00000091387.1	1	1	0	0	1100	2
91455	lncRNA	CATG00000091455.1	CATG00000091455.1	1	1	1	0	1110	3
91612	lncRNA	CATG00000091612.1	CATG00000091612.1	1	1	0	0	1100	2
91754	lncRNA	CATG00000091754.1	CATG00000091754.1	1	1	0	0	1100	2
91811	lncRNA	CATG00000091811.1	CATG00000091811.1	1	1	0	0	1100	2
91921	lncRNA	CATG00000091921.1	CATG00000091921.1	1	1	0	1	1101	3
91985	lncRNA	CATG00000091985.1	CATG00000091985.1	1	1	0	1	1101	3
91992	lncRNA	CATG00000091992.1	CATG00000091992.1	1	1	0	1	1101	3
91993	lncRNA	CATG00000091993.1	CATG00000091993.1	1	1	0	1	1101	3
92110	lncRNA	CATG00000092110.1	CATG00000092110.1	1	1	0	1	1101	3
92113	lncRNA	CATG00000092113.1	CATG00000092113.1	1	1	0	1	1101	3
92121	protein_coding	CATG00000092121.1	CATG00000092121	1	0	0	0	1000	1
92287	lncRNA	CATG00000092287.1	CATG00000092287.1	1	1	0	1	1101	3
92568	lncRNA	CATG00000092568.1	CATG00000092568.1	1	1	1	0	1110	3
92575	lncRNA	CATG00000092575.1	CATG00000092575.1	1	1	1	0	1110	3
92598	protein_coding	CATG00000092598.1	CATG00000092598	1	0	0	0	1000	1
92610	lncRNA	CATG00000092610.1	CATG00000092610.1	1	0	0	0	1000	1
92613	lncRNA	CATG00000092613.1	CATG00000092613.1	1	0	1	0	1010	2
92614	lncRNA	CATG00000092614.1	CATG00000092614.1	1	0	1	0	1010	2
92618	lncRNA	CATG00000092618.1	CATG00000092618.1	1	0	1	0	1010	2
92705	lncRNA	CATG00000092705.1	CATG00000092705.1	1	1	0	1	1101	3
92952	protein_coding	CATG00000092952.1	CATG00000092952	1	0	0	0	1000	1
93058	lncRNA	CATG00000093058.1	CATG00000093058.1	1	1	0	1	1101	3
93267	lncRNA	CATG00000093267.1	CATG00000093267.1	1	1	1	0	1110	3
93273	lncRNA	CATG00000093273.1	CATG00000093273.1	1	1	1	0	1110	3
93280	lncRNA	CATG00000093280.1	CATG00000093280.1	1	1	1	1	1111	4
93373	lncRNA	CATG00000093373.1	CATG00000093373.1	1	1	1	1	1111	4
93384	protein_coding	CATG00000093384.1	CATG00000093384	1	0	0	0	1000	1
93417	lncRNA	CATG00000093417.1	CATG00000093417.1	1	1	0	0	1100	2
93418	protein_coding	CATG00000093418.1	CATG00000093418	1	0	0	0	1000	1
93427	lncRNA	CATG00000093427.1	CATG00000093427.1	1	1	1	1	1111	4
93917	lncRNA	CATG00000093917.1	CATG00000093917.1	1	1	1	0	1110	3
94057	lncRNA	CATG00000094057.1	CATG00000094057.1	1	1	0	0	1100	2
94163	lncRNA	CATG00000094163.1	CATG00000094163.1	1	1	1	1	1111	4
94576	lncRNA	CATG00000094576.1	CATG00000094576.1	1	1	1	0	1110	3
94577	lncRNA	CATG00000094577.1	CATG00000094577.1	1	1	1	0	1110	3
94595	protein_coding	CATG00000094595.1	CATG00000094595	1	0	0	0	1000	1
94945	lncRNA	CATG00000094945.1	CATG00000094945.1	1	0	0	0	1000	1
94965	lncRNA	CATG00000094965.1	CATG00000094965.1	1	1	1	0	1110	3
95001	lncRNA	CATG00000095001.1	CATG00000095001.1	1	1	0	0	1100	2
95021	lncRNA	CATG00000095021.1	CATG00000095021.1	1	0	1	1	1011	3
95055	lncRNA	CATG00000095055.1	CATG00000095055.1	1	1	1	1	1111	4
95118	lncRNA	CATG00000095118.1	CATG00000095118.1	1	1	0	0	1100	2
95140	lncRNA	CATG00000095140.1	CATG00000095140.1	1	1	0	0	1100	2
95143	lncRNA	CATG00000095143.1	CATG00000095143.1	1	1	0	0	1100	2
95605	lncRNA	CATG00000095605.1	CATG00000095605.1	1	1	0	0	1100	2
95666	lncRNA	CATG00000095666.1	CATG00000095666.1	1	1	0	0	1100	2
95683	lncRNA	CATG00000095683.1	CATG00000095683.1	1	1	0	1	1101	3
95783	lncRNA	CATG00000095783.1	CATG00000095783.1	1	0	0	0	1000	1
95888	lncRNA	CATG00000095888.1	CATG00000095888.1	1	1	0	1	1101	3
95892	lncRNA	CATG00000095892.1	CATG00000095892.1	1	1	0	1	1101	3
96069	lncRNA	CATG00000096069.1	CATG00000096069.1	1	0	1	0	1010	2
96154	lncRNA	CATG00000096154.1	CATG00000096154.1	1	1	1	0	1110	3
96728	lncRNA	CATG00000096728.1	CATG00000096728.1	1	1	1	1	1111	4
96738	lncRNA	CATG00000096738.1	CATG00000096738.1	1	1	1	1	1111	4
96951	lncRNA	CATG00000096951.1	CATG00000096951.1	1	1	1	1	1111	4
96985	protein_coding	CATG00000096985.1	CATG00000096985	1	0	0	0	1000	1
97152	lncRNA	CATG00000097152.1	CATG00000097152.1	1	1	0	0	1100	2
97159	lncRNA	CATG00000097159.1	CATG00000097159.1	1	1	1	0	1110	3
97320	lncRNA	CATG00000097320.1	CATG00000097320.1	1	1	1	0	1110	3
97448	lncRNA	CATG00000097448.1	CATG00000097448.1	1	1	1	0	1110	3
97494	protein_coding	CATG00000097494.1	CATG00000097494	1	0	0	0	1000	1
97501	lncRNA	CATG00000097501.1	CATG00000097501.1	1	1	1	0	1110	3
97560	lncRNA	CATG00000097560.1	CATG00000097560.1	1	1	1	0	1110	3
97733	lncRNA	CATG00000097733.1	CATG00000097733.1	1	1	1	1	1111	4
97771	lncRNA	CATG00000097771.1	CATG00000097771.1	1	1	1	1	1111	4
97901	lncRNA	CATG00000097901.1	CATG00000097901.1	1	0	0	0	1000	1
97905	lncRNA	CATG00000097905.1	CATG00000097905.1	1	0	0	0	1000	1
97921	protein_coding	CATG00000097921.1	CATG00000097921	1	0	0	0	1000	1
97954	protein_coding	CATG00000097954.1	CATG00000097954	1	0	0	0	1000	1
98023	lncRNA	CATG00000098023.1	CATG00000098023.1	1	1	1	0	1110	3
98061	lncRNA	CATG00000098061.1	CATG00000098061.1	1	1	1	1	1111	4
98161	lncRNA	CATG00000098161.1	CATG00000098161.1	1	1	1	0	1110	3
98185	lncRNA	CATG00000098185.1	CATG00000098185.1	1	1	1	1	1111	4
98315	lncRNA	CATG00000098315.1	CATG00000098315.1	1	1	1	0	1110	3
98346	lncRNA	CATG00000098346.1	CATG00000098346.1	1	1	1	0	1110	3
98439	protein_coding	CATG00000098439.1	CATG00000098439	1	0	0	0	1000	1
98445	protein_coding	CATG00000098445.1	CATG00000098445	1	0	0	0	1000	1
98473	lncRNA	CATG00000098473.1	CATG00000098473.1	1	1	1	1	1111	4
98556	lncRNA	CATG00000098556.1	CATG00000098556.1	1	1	1	1	1111	4
98665	lncRNA	CATG00000098665.1	CATG00000098665.1	1	1	1	1	1111	4
98840	lncRNA	CATG00000098840.1	CATG00000098840.1	1	1	0	0	1100	2
98860	protein_coding	CATG00000098860.1	CATG00000098860	1	0	0	0	1000	1
98900	lncRNA	CATG00000098900.1	CATG00000098900.1	1	1	0	1	1101	3
98972	lncRNA	CATG00000098972.1	CATG00000098972.1	1	1	1	0	1110	3
98986	lncRNA	CATG00000098986.1	CATG00000098986.1	1	1	1	1	1111	4
98989	lncRNA	CATG00000098989.1	CATG00000098989.1	1	1	1	1	1111	4
99192	lncRNA	CATG00000099192.1	CATG00000099192.1	1	1	1	1	1111	4
99197	lncRNA	CATG00000099197.1	CATG00000099197.1	1	1	0	1	1101	3
99405	lncRNA	CATG00000099405.1	CATG00000099405.1	1	1	1	1	1111	4
99437	lncRNA	CATG00000099437.1	CATG00000099437.1	1	0	1	1	1011	3
99461	lncRNA	CATG00000099461.1	CATG00000099461.1	1	1	1	1	1111	4
99535	lncRNA	CATG00000099535.1	CATG00000099535.1	1	1	1	1	1111	4
99735	lncRNA	CATG00000099735.1	CATG00000099735.1	1	1	1	1	1111	4
99849	lncRNA	CATG00000099849.1	CATG00000099849.1	1	1	1	1	1111	4
99987	lncRNA	CATG00000099987.1	CATG00000099987.1	1	1	1	0	1110	3
100215	protein_coding	CATG00000100215.1	CATG00000100215	1	0	0	0	1000	1
100377	lncRNA	CATG00000100377.1	CATG00000100377.1	1	1	1	0	1110	3
100379	lncRNA	CATG00000100379.1	CATG00000100379.1	1	1	1	0	1110	3
100659	protein_coding	CATG00000100659.1	CATG00000100659	1	0	0	0	1000	1
100664	protein_coding	CATG00000100664.1	CATG00000100664	1	0	0	0	1000	1
100669	lncRNA	CATG00000100669.1	CATG00000100669.1	1	1	0	0	1100	2
100676	lncRNA	CATG00000100676.1	CATG00000100676.1	1	1	0	0	1100	2
100696	lncRNA	CATG00000100696.1	CATG00000100696.1	1	1	1	0	1110	3
100722	protein_coding	CATG00000100722.1	CATG00000100722	1	0	0	0	1000	1
100857	lncRNA	CATG00000100857.1	CATG00000100857.1	1	1	1	0	1110	3
100858	lncRNA	CATG00000100858.1	CATG00000100858.1	1	1	1	0	1110	3
101011	lncRNA	CATG00000101011.1	CATG00000101011.1	1	1	1	0	1110	3
101020	lncRNA	CATG00000101020.1	CATG00000101020.1	1	1	1	0	1110	3
101268	protein_coding	CATG00000101268.1	CATG00000101268	1	0	0	0	1000	1
101272	lncRNA	CATG00000101272.1	CATG00000101272.1	1	0	1	0	1010	2
101542	lncRNA	CATG00000101542.1	CATG00000101542.1	1	1	1	1	1111	4
101639	lncRNA	CATG00000101639.1	CATG00000101639.1	1	0	0	0	1000	1
101644	protein_coding	CATG00000101644.1	CATG00000101644	1	0	0	0	1000	1
101661	lncRNA	CATG00000101661.1	CATG00000101661.1	1	0	0	0	1000	1
101708	lncRNA	CATG00000101708.1	CATG00000101708.1	1	1	1	0	1110	3
101757	lncRNA	CATG00000101757.1	CATG00000101757.1	1	1	1	0	1110	3
101813	protein_coding	CATG00000101813.1	CATG00000101813	1	0	0	0	1000	1
101916	lncRNA	CATG00000101916.1	CATG00000101916.1	1	1	1	0	1110	3
101933	lncRNA	CATG00000101933.1	CATG00000101933.1	1	1	0	0	1100	2
101985	lncRNA	CATG00000101985.1	CATG00000101985.1	1	1	0	0	1100	2
101994	protein_coding	CATG00000101994.1	CATG00000101994	1	0	0	0	1000	1
102147	lncRNA	CATG00000102147.1	CATG00000102147.1	1	1	1	1	1111	4
102312	lncRNA	CATG00000102312.1	CATG00000102312.1	1	1	1	1	1111	4
102488	protein_coding	CATG00000102488.1	CATG00000102488	1	0	0	0	1000	1
102490	lncRNA	CATG00000102490.1	CATG00000102490.1	1	1	0	1	1101	3
102491	lncRNA	CATG00000102491.1	CATG00000102491.1	1	1	1	1	1111	4
102516	lncRNA	CATG00000102516.1	CATG00000102516.1	1	1	1	1	1111	4
102559	lncRNA	CATG00000102559.1	CATG00000102559.1	1	1	1	1	1111	4
102623	lncRNA	CATG00000102623.1	CATG00000102623.1	1	1	0	1	1101	3
102654	lncRNA	CATG00000102654.1	CATG00000102654.1	1	1	1	1	1111	4
102657	lncRNA	CATG00000102657.1	CATG00000102657.1	1	1	0	1	1101	3
102807	lncRNA	CATG00000102807.1	CATG00000102807.1	1	1	1	1	1111	4
102810	lncRNA	CATG00000102810.1	CATG00000102810.1	1	1	1	1	1111	4
102872	lncRNA	CATG00000102872.1	CATG00000102872.1	1	1	1	1	1111	4
102988	lncRNA	CATG00000102988.1	CATG00000102988.1	1	1	1	1	1111	4
103117	lncRNA	CATG00000103117.1	CATG00000103117.1	1	1	1	1	1111	4
103144	lncRNA	CATG00000103144.1	CATG00000103144.1	1	1	1	1	1111	4
103151	lncRNA	CATG00000103151.1	CATG00000103151.1	1	1	1	1	1111	4
103361	lncRNA	CATG00000103361.1	CATG00000103361.1	1	1	1	0	1110	3
103518	lncRNA	CATG00000103518.1	CATG00000103518.1	1	0	1	0	1010	2
103728	lncRNA	CATG00000103728.1	CATG00000103728.1	1	1	1	0	1110	3
103788	protein_coding	CATG00000103788.1	CATG00000103788	1	0	0	0	1000	1
104066	lncRNA	CATG00000104066.1	CATG00000104066.1	1	1	1	0	1110	3
104067	protein_coding	CATG00000104067.1	CATG00000104067	1	0	0	0	1000	1
104069	lncRNA	CATG00000104069.1	CATG00000104069.1	1	1	1	0	1110	3
104071	lncRNA	CATG00000104071.1	CATG00000104071.1	1	1	1	0	1110	3
104081	lncRNA	CATG00000104081.1	CATG00000104081.1	1	1	1	0	1110	3
104155	protein_coding	CATG00000104155.1	CATG00000104155	1	0	0	0	1000	1
104184	lncRNA	CATG00000104184.1	CATG00000104184.1	1	1	1	0	1110	3
104208	lncRNA	CATG00000104208.1	CATG00000104208.1	1	1	1	0	1110	3
104357	protein_coding	CATG00000104357.1	CATG00000104357	1	0	0	0	1000	1
104364	lncRNA	CATG00000104364.1	CATG00000104364.1	1	1	1	1	1111	4
104367	lncRNA	CATG00000104367.1	CATG00000104367.1	1	1	1	1	1111	4
104369	lncRNA	CATG00000104369.1	CATG00000104369.1	1	1	1	1	1111	4
104381	lncRNA	CATG00000104381.1	CATG00000104381.1	1	1	1	1	1111	4
104418	protein_coding	CATG00000104418.1	CATG00000104418	1	0	0	0	1000	1
104458	lncRNA	CATG00000104458.1	CATG00000104458.1	1	1	1	1	1111	4
104592	lncRNA	CATG00000104592.1	CATG00000104592.1	1	1	0	1	1101	3
104622	lncRNA	CATG00000104622.1	CATG00000104622.1	1	1	0	1	1101	3
104629	lncRNA	CATG00000104629.1	CATG00000104629.1	1	1	0	0	1100	2
104690	lncRNA	CATG00000104690.1	CATG00000104690.1	1	1	0	0	1100	2
105110	protein_coding	CATG00000105110.1	CATG00000105110	1	0	0	0	1000	1
105112	lncRNA	CATG00000105112.1	CATG00000105112.1	1	1	0	1	1101	3
105265	lncRNA	CATG00000105265.1	CATG00000105265.1	1	1	1	1	1111	4
105357	protein_coding	CATG00000105357.1	CATG00000105357	1	0	0	0	1000	1
105415	protein_coding	CATG00000105415.1	CATG00000105415	1	0	0	0	1000	1
105590	lncRNA	CATG00000105590.1	CATG00000105590.1	1	1	1	0	1110	3
105780	lncRNA	CATG00000105780.1	CATG00000105780.1	1	1	1	0	1110	3
105927	lncRNA	CATG00000105927.1	CATG00000105927.1	1	1	1	0	1110	3
105977	lncRNA	CATG00000105977.1	CATG00000105977.1	1	1	0	0	1100	2
106066	lncRNA	CATG00000106066.1	CATG00000106066.1	1	1	1	1	1111	4
106127	lncRNA	CATG00000106127.1	CATG00000106127.1	1	1	1	0	1110	3
106133	lncRNA	CATG00000106133.1	CATG00000106133.1	1	1	1	1	1111	4
106168	lncRNA	CATG00000106168.1	CATG00000106168.1	1	1	1	1	1111	4
106179	protein_coding	CATG00000106179.1	CATG00000106179	1	0	0	0	1000	1
106315	lncRNA	CATG00000106315.1	CATG00000106315.1	1	1	0	1	1101	3
106346	lncRNA	CATG00000106346.1	CATG00000106346.1	1	1	0	1	1101	3
106711	lncRNA	CATG00000106711.1	CATG00000106711.1	1	1	0	1	1101	3
106714	lncRNA	CATG00000106714.1	CATG00000106714.1	1	1	1	1	1111	4
106819	lncRNA	CATG00000106819.1	CATG00000106819.1	1	1	0	1	1101	3
106960	protein_coding	CATG00000106960.1	CATG00000106960	1	0	0	0	1000	1
106961	lncRNA	CATG00000106961.1	CATG00000106961.1	1	1	0	1	1101	3
106963	lncRNA	CATG00000106963.1	CATG00000106963.1	1	1	0	1	1101	3
106964	lncRNA	CATG00000106964.1	CATG00000106964.1	1	1	0	1	1101	3
106965	lncRNA	CATG00000106965.1	CATG00000106965.1	1	1	0	1	1101	3
107019	lncRNA	CATG00000107019.1	CATG00000107019.1	1	1	0	1	1101	3
107234	lncRNA	CATG00000107234.1	CATG00000107234.1	1	1	0	1	1101	3
107275	lncRNA	CATG00000107275.1	CATG00000107275.1	1	1	0	1	1101	3
107334	lncRNA	CATG00000107334.1	CATG00000107334.1	1	1	1	1	1111	4
107335	protein_coding	CATG00000107335.1	CATG00000107335	1	0	0	0	1000	1
107364	protein_coding	CATG00000107364.1	CATG00000107364	1	0	0	0	1000	1
107547	lncRNA	CATG00000107547.1	CATG00000107547.1	1	0	1	0	1010	2
107551	lncRNA	CATG00000107551.1	CATG00000107551.1	1	1	0	0	1100	2
107753	lncRNA	CATG00000107753.1	CATG00000107753.1	1	1	0	1	1101	3
108287	lncRNA	CATG00000108287.1	CATG00000108287.1	1	1	0	0	1100	2
108574	lncRNA	CATG00000108574.1	CATG00000108574.1	1	1	1	0	1110	3
108665	lncRNA	CATG00000108665.1	CATG00000108665.1	1	1	1	0	1110	3
108815	lncRNA	CATG00000108815.1	CATG00000108815.1	1	1	1	0	1110	3
108955	protein_coding	CATG00000108955.1	CATG00000108955	1	0	0	0	1000	1
108976	protein_coding	CATG00000108976.1	CATG00000108976	1	0	0	0	1000	1
108997	protein_coding	CATG00000108997.1	CATG00000108997	1	0	0	0	1000	1
109054	lncRNA	CATG00000109054.1	CATG00000109054.1	1	1	1	1	1111	4
109065	protein_coding	CATG00000109065.1	CATG00000109065	1	0	0	0	1000	1
109155	lncRNA	CATG00000109155.1	CATG00000109155.1	1	1	0	1	1101	3
109156	lncRNA	CATG00000109156.1	CATG00000109156.1	1	1	0	1	1101	3
109173	protein_coding	CATG00000109173.1	CATG00000109173	1	0	0	0	1000	1
109197	lncRNA	CATG00000109197.1	CATG00000109197.1	1	1	0	1	1101	3
109375	lncRNA	CATG00000109375.1	CATG00000109375.1	1	1	0	1	1101	3
109559	lncRNA	CATG00000109559.1	CATG00000109559.1	1	1	0	1	1101	3
109561	lncRNA	CATG00000109561.1	CATG00000109561.1	1	1	0	1	1101	3
109672	lncRNA	CATG00000109672.1	CATG00000109672.1	1	1	0	1	1101	3
109735	lncRNA	CATG00000109735.1	CATG00000109735.1	1	1	0	1	1101	3
109807	protein_coding	CATG00000109807.1	CATG00000109807	1	0	0	0	1000	1
109846	lncRNA	CATG00000109846.1	CATG00000109846.1	1	1	0	1	1101	3
109909	lncRNA	CATG00000109909.1	CATG00000109909.1	1	1	1	1	1111	4
110012	lncRNA	CATG00000110012.1	CATG00000110012.1	1	1	1	1	1111	4
110402	lncRNA	CATG00000110402.1	CATG00000110402.1	1	1	1	1	1111	4
110445	lncRNA	CATG00000110445.1	CATG00000110445.1	1	0	1	1	1011	3
111100	lncRNA	CATG00000111100.1	CATG00000111100.1	1	1	1	1	1111	4
111123	lncRNA	CATG00000111123.1	CATG00000111123.1	1	1	1	1	1111	4
111166	protein_coding	CATG00000111166.1	CATG00000111166	1	0	0	0	1000	1
112270	lncRNA	CATG00000112270.1	CATG00000112270.1	1	1	0	0	1100	2
112881	protein_coding	CATG00000112881.1	CATG00000112881	1	0	0	0	1000	1
113378	lncRNA	CATG00000113378.1	CATG00000113378.1	1	1	1	0	1110	3
113892	lncRNA	CATG00000113892.1	CATG00000113892.1	1	1	1	1	1111	4
114024	protein_coding	CATG00000114024.1	CATG00000114024	1	0	0	0	1000	1
114046	lncRNA	CATG00000114046.1	CATG00000114046.1	1	1	0	1	1101	3
114756	lncRNA	CATG00000114756.1	CATG00000114756.1	1	1	1	1	1111	4
115340	lncRNA	CATG00000115340.1	CATG00000115340.1	1	1	0	0	1100	2
115361	lncRNA	CATG00000115361.1	CATG00000115361.1	1	1	0	0	1100	2
115496	lncRNA	CATG00000115496.1	CATG00000115496.1	1	1	0	0	1100	2
115498	lncRNA	CATG00000115498.1	CATG00000115498.1	1	1	0	0	1100	2
115633	lncRNA	CATG00000115633.1	CATG00000115633.1	1	1	0	0	1100	2
115856	protein_coding	CATG00000115856.1	CATG00000115856	1	0	0	0	1000	1
115920	protein_coding	CATG00000115920.1	CATG00000115920	1	0	0	0	1000	1
115951	lncRNA	CATG00000115951.1	CATG00000115951.1	1	1	1	1	1111	4
116021	lncRNA	CATG00000116021.1	CATG00000116021.1	1	1	1	1	1111	4
116089	protein_coding	CATG00000116089.1	CATG00000116089	1	0	0	0	1000	1
116100	lncRNA	CATG00000116100.1	CATG00000116100.1	1	1	1	1	1111	4
116175	protein_coding	CATG00000116175.1	CATG00000116175	1	0	0	0	1000	1
116207	lncRNA	CATG00000116207.1	CATG00000116207.1	1	1	1	1	1111	4
116275	lncRNA	CATG00000116275.1	CATG00000116275.1	1	1	1	1	1111	4
116278	lncRNA	CATG00000116278.1	CATG00000116278.1	1	1	1	1	1111	4
116280	lncRNA	CATG00000116280.1	CATG00000116280.1	1	1	1	1	1111	4
116287	protein_coding	CATG00000116287.1	CATG00000116287	1	0	0	0	1000	1
116439	lncRNA	CATG00000116439.1	CATG00000116439.1	1	1	1	1	1111	4
116524	protein_coding	CATG00000116524.1	CATG00000116524	1	0	0	0	1000	1
116615	lncRNA	CATG00000116615.1	CATG00000116615.1	1	1	1	1	1111	4
116804	protein_coding	CATG00000116804.1	CATG00000116804	1	0	0	0	1000	1
116828	lncRNA	CATG00000116828.1	CATG00000116828.1	1	1	1	1	1111	4
116959	lncRNA	CATG00000116959.1	CATG00000116959.1	1	1	1	1	1111	4
116981	protein_coding	CATG00000116981.1	CATG00000116981	1	0	0	0	1000	1
117086	protein_coding	CATG00000117086.1	CATG00000117086	1	0	0	0	1000	1
117105	lncRNA	CATG00000117105.1	CATG00000117105.1	1	1	1	0	1110	3
117205	lncRNA	CATG00000117205.1	CATG00000117205.1	1	1	1	1	1111	4
117213	lncRNA	CATG00000117213.1	CATG00000117213.1	1	1	1	1	1111	4
117227	lncRNA	CATG00000117227.1	CATG00000117227.1	1	1	1	1	1111	4
117277	lncRNA	CATG00000117277.1	CATG00000117277.1	1	1	1	1	1111	4
117479	lncRNA	CATG00000117479.1	CATG00000117479.1	1	1	1	0	1110	3
117568	lncRNA	CATG00000117568.1	CATG00000117568.1	1	1	1	1	1111	4
117745	protein_coding	CATG00000117745.1	CATG00000117745	1	0	0	0	1000	1
117746	lncRNA	CATG00000117746.1	CATG00000117746.1	1	1	1	1	1111	4
117930	lncRNA	CATG00000117930.1	CATG00000117930.1	1	0	1	1	1011	3
118054	lncRNA	CATG00000118054.1	CATG00000118054.1	1	0	0	0	1000	1
118063	lncRNA	CATG00000118063.1	CATG00000118063.1	1	1	1	1	1111	4
118069	protein_coding	CATG00000118069.1	CATG00000118069	1	0	0	0	1000	1
118070	lncRNA	CATG00000118070.1	CATG00000118070.1	1	0	1	1	1011	3
118075	lncRNA	CATG00000118075.1	CATG00000118075.1	1	1	1	1	1111	4
118077	lncRNA	CATG00000118077.1	CATG00000118077.1	1	1	1	1	1111	4
118146	lncRNA	CATG00000118146.1	CATG00000118146.1	1	1	1	1	1111	4
118280	lncRNA	CATG00000118280.1	CATG00000118280.1	1	1	0	0	1100	2
118295	lncRNA	CATG00000118295.1	CATG00000118295.1	1	1	0	0	1100	2
118297	lncRNA	CATG00000118297.1	CATG00000118297.1	1	1	0	0	1100	2
118299	lncRNA	CATG00000118299.1	CATG00000118299.1	1	1	0	0	1100	2
118316	lncRNA	CATG00000118316.1	CATG00000118316.1	1	1	0	1	1101	3
118331	lncRNA	CATG00000118331.1	CATG00000118331.1	1	1	0	0	1100	2
118375	lncRNA	CATG00000118375.1	CATG00000118375.1	1	1	0	0	1100	2
500000971	protein_coding	CFH	ENSG00000000971	1	1	0	1	1101	3
500001167	protein_coding	NFYA	ENSG00000001167	1	1	1	1	1111	4
500001626	protein_coding	CFTR	ENSG00000001626	1	1	1	1	1111	4
500001629	protein_coding	ANKIB1	ENSG00000001629	1	1	1	1	1111	4
500001631	protein_coding	KRIT1	ENSG00000001631	1	1	1	1	1111	4
500002745	protein_coding	WNT16	ENSG00000002745	1	1	1	0	1110	3
500003147	protein_coding	ICA1	ENSG00000003147	1	1	1	1	1111	4
500003756	protein_coding	RBM5	ENSG00000003756	1	1	1	1	1111	4
500003987	protein_coding	MTMR7	ENSG00000003987	1	1	1	1	1111	4
500004534	protein_coding	RBM6	ENSG00000004534	1	1	1	1	1111	4
500004660	protein_coding	CAMKK1	ENSG00000004660	1	1	1	1	1111	4
500004939	protein_coding	SLC4A1	ENSG00000004939	1	1	1	1	1111	4
500005020	protein_coding	SKAP2	ENSG00000005020	1	1	1	1	1111	4
500005059	protein_coding	CCDC109B	ENSG00000005059	1	0	0	1	1001	2
500005108	protein_coding	THSD7A	ENSG00000005108	1	1	1	1	1111	4
500005238	protein_coding	FAM214B	ENSG00000005238	1	1	1	1	1111	4
500005249	protein_coding	PRKAR2B	ENSG00000005249	1	1	1	1	1111	4
500005339	protein_coding	CREBBP	ENSG00000005339	1	1	1	1	1111	4
500005379	protein_coding	BZRAP1	ENSG00000005379	1	0	0	1	1001	2
500005483	protein_coding	KMT2E	ENSG00000005483	1	1	1	1	1111	4
500005844	protein_coding	ITGAL	ENSG00000005844	1	1	1	1	1111	4
500005981	protein_coding	ASB4	ENSG00000005981	1	1	1	1	1111	4
500006071	protein_coding	ABCC8	ENSG00000006071	1	1	1	1	1111	4
500006210	protein_coding	CX3CL1	ENSG00000006210	1	1	1	0	1110	3
500006283	protein_coding	CACNA1G	ENSG00000006283	1	1	1	1	1111	4
500006432	protein_coding	MAP3K9	ENSG00000006432	1	1	1	1	1111	4
500006611	protein_coding	USH1C	ENSG00000006611	1	1	1	1	1111	4
500006715	protein_coding	VPS41	ENSG00000006715	1	1	1	1	1111	4
500006740	protein_coding	ARHGAP44	ENSG00000006740	1	1	1	1	1111	4
500006747	protein_coding	SCIN	ENSG00000006747	1	1	1	1	1111	4
500006831	protein_coding	ADIPOR2	ENSG00000006831	1	1	1	1	1111	4
500007372	protein_coding	PAX6	ENSG00000007372	1	1	1	1	1111	4
500007944	protein_coding	MYLIP	ENSG00000007944	1	1	1	0	1110	3
500008196	protein_coding	TFAP2B	ENSG00000008196	1	1	1	1	1111	4
500008513	protein_coding	ST3GAL1	ENSG00000008513	1	1	1	1	1111	4
500008516	protein_coding	MMP25	ENSG00000008516	1	1	1	0	1110	3
500008735	protein_coding	MAPK8IP2	ENSG00000008735	1	1	1	1	1111	4
500008869	protein_coding	HEATR5B	ENSG00000008869	1	1	1	1	1111	4
500008988	protein_coding	RPS20	ENSG00000008988	1	1	1	1	1111	4
500009950	protein_coding	MLXIPL	ENSG00000009950	1	1	1	1	1111	4
500010030	protein_coding	ETV7	ENSG00000010030	1	1	1	1	1111	4
500010282	protein_coding	HHATL	ENSG00000010282	1	1	0	1	1101	3
500010327	protein_coding	STAB1	ENSG00000010327	1	1	1	1	1111	4
500010379	protein_coding	SLC6A13	ENSG00000010379	1	1	0	1	1101	3
500010404	protein_coding	IDS	ENSG00000010404	1	0	1	1	1011	3
500011275	protein_coding	RNF216	ENSG00000011275	1	1	1	1	1111	4
500011347	protein_coding	SYT7	ENSG00000011347	1	1	1	1	1111	4
500011422	protein_coding	PLAUR	ENSG00000011422	1	1	1	1	1111	4
500011426	protein_coding	ANLN	ENSG00000011426	1	1	1	1	1111	4
500012223	protein_coding	LTF	ENSG00000012223	1	1	1	1	1111	4
500012779	protein_coding	ALOX5	ENSG00000012779	1	1	1	1	1111	4
500013297	protein_coding	CLDN11	ENSG00000013297	1	1	1	0	1110	3
500013725	protein_coding	CD6	ENSG00000013725	1	1	1	1	1111	4
500013810	protein_coding	TACC3	ENSG00000013810	1	1	1	1	1111	4
500015520	protein_coding	NPC1L1	ENSG00000015520	1	1	1	1	1111	4
500015592	protein_coding	STMN4	ENSG00000015592	1	1	1	1	1111	4
500016391	protein_coding	CHDH	ENSG00000016391	1	1	1	1	1111	4
500018236	protein_coding	CNTN1	ENSG00000018236	1	1	1	1	1111	4
500018625	protein_coding	ATP1A2	ENSG00000018625	1	1	1	0	1110	3
500020633	protein_coding	RUNX3	ENSG00000020633	1	1	1	0	1110	3
500021300	protein_coding	PLEKHB1	ENSG00000021300	1	1	1	1	1111	4
500021461	protein_coding	CYP3A43	ENSG00000021461	1	1	1	0	1110	3
500021574	protein_coding	SPAST	ENSG00000021574	1	1	1	1	1111	4
500022567	protein_coding	SLC45A4	ENSG00000022567	1	1	1	1	1111	4
500023171	protein_coding	GRAMD1B	ENSG00000023171	1	1	1	1	1111	4
500023287	protein_coding	RB1CC1	ENSG00000023287	1	1	1	1	1111	4
500023892	protein_coding	DEF6	ENSG00000023892	1	1	1	1	1111	4
500023902	protein_coding	PLEKHO1	ENSG00000023902	1	1	1	1	1111	4
500024048	protein_coding	UBR2	ENSG00000024048	1	1	1	1	1111	4
500025293	protein_coding	PHF20	ENSG00000025293	1	1	1	1	1111	4
500025708	protein_coding	TYMP	ENSG00000025708	1	1	0	1	1101	3
500025770	protein_coding	NCAPH2	ENSG00000025770	1	1	1	1	1111	4
500026103	protein_coding	FAS	ENSG00000026103	1	1	0	1	1101	3
500026297	protein_coding	RNASET2	ENSG00000026297	1	1	1	1	1111	4
500026652	protein_coding	AGPAT4	ENSG00000026652	1	1	1	1	1111	4
500026751	protein_coding	SLAMF7	ENSG00000026751	1	1	1	1	1111	4
500026950	protein_coding	BTN3A1	ENSG00000026950	1	1	0	0	1100	2
500027075	protein_coding	PRKCH	ENSG00000027075	1	1	0	1	1101	3
500027869	protein_coding	SH2D2A	ENSG00000027869	1	1	1	1	1111	4
500028137	protein_coding	TNFRSF1B	ENSG00000028137	1	1	1	1	1111	4
500029534	protein_coding	ANK1	ENSG00000029534	1	1	1	1	1111	4
500031081	protein_coding	ARHGAP31	ENSG00000031081	1	1	1	1	1111	4
500031691	protein_coding	CENPQ	ENSG00000031691	1	1	1	1	1111	4
500032742	protein_coding	IFT88	ENSG00000032742	1	1	1	1	1111	4
500033122	protein_coding	LRRC7	ENSG00000033122	1	1	1	1	1111	4
500033327	protein_coding	GAB2	ENSG00000033327	1	1	1	1	1111	4
500034713	protein_coding	GABARAPL2	ENSG00000034713	1	1	1	0	1110	3
500035681	protein_coding	NSMAF	ENSG00000035681	1	1	0	1	1101	3
500035928	protein_coding	RFC1	ENSG00000035928	1	1	1	1	1111	4
500036054	protein_coding	TBC1D23	ENSG00000036054	1	1	1	0	1110	3
500036828	protein_coding	CASR	ENSG00000036828	1	1	1	1	1111	4
500037965	protein_coding	HOXC8	ENSG00000037965	1	1	1	0	1110	3
500038532	protein_coding	CLEC16A	ENSG00000038532	1	1	1	1	1111	4
500039123	protein_coding	SKIV2L2	ENSG00000039123	1	0	0	1	1001	2
500040341	protein_coding	STAU2	ENSG00000040341	1	1	1	1	1111	4
500040608	protein_coding	RTN4R	ENSG00000040608	1	1	1	0	1110	3
500041515	protein_coding	MYO16	ENSG00000041515	1	1	1	1	1111	4
500042304	protein_coding	C2orf83	ENSG00000042304	1	0	0	0	1000	1
500042317	protein_coding	SPATA7	ENSG00000042317	1	1	1	1	1111	4
500042781	protein_coding	USH2A	ENSG00000042781	1	1	1	1	1111	4
500043355	protein_coding	ZIC2	ENSG00000043355	1	1	1	1	1111	4
500043591	protein_coding	ADRB1	ENSG00000043591	1	1	1	1	1111	4
500044459	protein_coding	CNTLN	ENSG00000044459	1	1	1	1	1111	4
500044524	protein_coding	EPHA3	ENSG00000044524	1	1	1	1	1111	4
500047365	protein_coding	ARAP2	ENSG00000047365	1	1	1	1	1111	4
500047578	protein_coding	KIAA0556	ENSG00000047578	1	1	1	1	1111	4
500047617	protein_coding	ANO2	ENSG00000047617	1	1	0	1	1101	3
500047662	protein_coding	FAM184B	ENSG00000047662	1	1	1	1	1111	4
500047936	protein_coding	ROS1	ENSG00000047936	1	1	0	1	1101	3
500048052	protein_coding	HDAC9	ENSG00000048052	1	1	1	1	1111	4
500048471	protein_coding	SNX29	ENSG00000048471	1	1	1	1	1111	4
500048649	protein_coding	RSF1	ENSG00000048649	1	1	1	1	1111	4
500048991	protein_coding	R3HDM1	ENSG00000048991	1	1	1	1	1111	4
500049247	protein_coding	UTS2	ENSG00000049247	1	1	1	1	1111	4
500049249	protein_coding	TNFRSF9	ENSG00000049249	1	1	1	1	1111	4
500049759	protein_coding	NEDD4L	ENSG00000049759	1	0	1	1	1011	3
500051108	protein_coding	HERPUD1	ENSG00000051108	1	1	1	1	1111	4
500053108	protein_coding	FSTL4	ENSG00000053108	1	1	1	1	1111	4
500053254	protein_coding	FOXN3	ENSG00000053254	1	1	1	1	1111	4
500053702	protein_coding	NRIP2	ENSG00000053702	1	1	1	1	1111	4
500054118	protein_coding	THRAP3	ENSG00000054118	1	1	1	1	1111	4
500054282	protein_coding	SDCCAG8	ENSG00000054282	1	1	1	1	1111	4
500054523	protein_coding	KIF1B	ENSG00000054523	1	1	1	1	1111	4
500054611	protein_coding	TBC1D22A	ENSG00000054611	1	1	1	1	1111	4
500054803	protein_coding	CBLN4	ENSG00000054803	1	1	1	1	1111	4
500054967	protein_coding	RELT	ENSG00000054967	1	1	1	1	1111	4
500054983	protein_coding	GALC	ENSG00000054983	1	1	1	1	1111	4
500055118	protein_coding	KCNH2	ENSG00000055118	1	1	1	1	1111	4
500055163	protein_coding	CYFIP2	ENSG00000055163	1	1	1	1	1111	4
500055208	protein_coding	TAB2	ENSG00000055208	1	1	1	1	1111	4
500055813	protein_coding	CCDC85A	ENSG00000055813	1	1	1	1	1111	4
500056558	protein_coding	TRAF1	ENSG00000056558	1	1	1	1	1111	4
500057593	protein_coding	F7	ENSG00000057593	1	1	1	1	1111	4
500057657	protein_coding	PRDM1	ENSG00000057657	1	1	1	1	1111	4
500058091	protein_coding	CDK14	ENSG00000058091	1	1	1	1	1111	4
500058335	protein_coding	RASGRF1	ENSG00000058335	1	1	1	1	1111	4
500058404	protein_coding	CAMK2B	ENSG00000058404	1	1	1	1	1111	4
500059377	protein_coding	TBXAS1	ENSG00000059377	1	1	1	1	1111	4
500059728	protein_coding	MXD1	ENSG00000059728	1	1	1	1	1111	4
500059758	protein_coding	CDK17	ENSG00000059758	1	1	1	1	1111	4
500059915	protein_coding	PSD	ENSG00000059915	1	1	1	1	1111	4
500060237	protein_coding	WNK1	ENSG00000060237	1	1	1	1	1111	4
500060339	protein_coding	CCAR1	ENSG00000060339	1	1	1	1	1111	4
500060642	protein_coding	PIGV	ENSG00000060642	1	1	1	0	1110	3
500060709	protein_coding	RIMBP2	ENSG00000060709	1	1	1	1	1111	4
500061273	protein_coding	HDAC7	ENSG00000061273	1	1	1	1	1111	4
500061656	protein_coding	SPAG4	ENSG00000061656	1	1	1	1	1111	4
500062194	protein_coding	GPBP1	ENSG00000062194	1	1	1	0	1110	3
500062282	protein_coding	DGAT2	ENSG00000062282	1	1	1	1	1111	4
500062650	protein_coding	WAPAL	ENSG00000062650	1	0	0	1	1001	2
500062716	protein_coding	VMP1	ENSG00000062716	1	1	0	1	1101	3
500062822	protein_coding	POLD1	ENSG00000062822	1	1	1	0	1110	3
500063127	protein_coding	SLC6A16	ENSG00000063127	1	1	1	0	1110	3
500064012	protein_coding	CASP8	ENSG00000064012	1	1	1	1	1111	4
500064201	protein_coding	TSPAN32	ENSG00000064201	1	1	1	0	1110	3
500064225	protein_coding	ST3GAL6	ENSG00000064225	1	1	1	1	1111	4
500064687	protein_coding	ABCA7	ENSG00000064687	1	1	1	1	1111	4
500064787	protein_coding	BCAS1	ENSG00000064787	1	1	1	1	1111	4
500064932	protein_coding	SBNO2	ENSG00000064932	1	1	1	0	1110	3
500065135	protein_coding	GNAI3	ENSG00000065135	1	1	1	1	1111	4
500065413	protein_coding	ANKRD44	ENSG00000065413	1	1	1	1	1111	4
500065559	protein_coding	MAP2K4	ENSG00000065559	1	1	1	0	1110	3
500065609	protein_coding	SNAP91	ENSG00000065609	1	1	1	1	1111	4
500065621	protein_coding	GSTO2	ENSG00000065621	1	1	1	1	1111	4
500065675	protein_coding	PRKCQ	ENSG00000065675	1	1	1	1	1111	4
500065882	protein_coding	TBC1D1	ENSG00000065882	1	1	1	1	1111	4
500065970	protein_coding	FOXJ2	ENSG00000065970	1	1	1	1	1111	4
500066032	protein_coding	CTNNA2	ENSG00000066032	1	1	1	1	1111	4
500066248	protein_coding	NGEF	ENSG00000066248	1	1	1	1	1111	4
500066294	protein_coding	CD84	ENSG00000066294	1	1	1	1	1111	4
500066336	protein_coding	SPI1	ENSG00000066336	1	1	1	1	1111	4
500066382	protein_coding	MPPED2	ENSG00000066382	1	1	1	1	1111	4
500066468	protein_coding	FGFR2	ENSG00000066468	1	1	1	1	1111	4
500066827	protein_coding	ZFAT	ENSG00000066827	1	1	1	1	1111	4
500066923	protein_coding	STAG3	ENSG00000066923	1	1	1	1	1111	4
500067066	protein_coding	SP100	ENSG00000067066	1	1	1	1	1111	4
500067182	protein_coding	TNFRSF1A	ENSG00000067182	1	1	1	1	1111	4
500067369	protein_coding	TP53BP1	ENSG00000067369	1	1	1	1	1111	4
500067606	protein_coding	PRKCZ	ENSG00000067606	1	0	1	1	1011	3
500067715	protein_coding	SYT1	ENSG00000067715	1	1	1	1	1111	4
500067900	protein_coding	ROCK1	ENSG00000067900	1	1	1	1	1111	4
500068024	protein_coding	HDAC4	ENSG00000068024	1	1	1	1	1111	4
500068615	protein_coding	REEP1	ENSG00000068615	1	1	0	0	1100	2
500068781	protein_coding	STON1-GTF2A1L	ENSG00000068781	1	0	0	1	1001	2
500068831	protein_coding	RASGRP2	ENSG00000068831	1	1	1	1	1111	4
500068878	protein_coding	PSME4	ENSG00000068878	1	1	1	1	1111	4
500069275	protein_coding	NUCKS1	ENSG00000069275	1	1	1	1	1111	4
500069399	protein_coding	BCL3	ENSG00000069399	1	1	1	0	1110	3
500069493	protein_coding	CLEC2D	ENSG00000069493	1	1	1	0	1110	3
500069667	protein_coding	RORA	ENSG00000069667	1	1	1	1	1111	4
500069702	protein_coding	TGFBR3	ENSG00000069702	1	1	1	1	1111	4
500070501	protein_coding	POLB	ENSG00000070501	1	1	1	1	1111	4
500070601	protein_coding	FRMPD1	ENSG00000070601	1	1	1	1	1111	4
500070748	protein_coding	CHAT	ENSG00000070748	1	1	1	1	1111	4
500070759	protein_coding	TESK2	ENSG00000070759	1	1	1	1	1111	4
500070808	protein_coding	CAMK2A	ENSG00000070808	1	1	1	1	1111	4
500071073	protein_coding	MGAT4A	ENSG00000071073	1	1	1	1	1111	4
500071189	protein_coding	SNX13	ENSG00000071189	1	1	1	1	1111	4
500071909	protein_coding	MYO3B	ENSG00000071909	1	1	1	1	1111	4
500072080	protein_coding	SPP2	ENSG00000072080	1	1	1	0	1110	3
500072274	protein_coding	TFRC	ENSG00000072274	1	1	1	1	1111	4
500072401	protein_coding	UBE2D1	ENSG00000072401	1	1	1	1	1111	4
500072682	protein_coding	P4HA2	ENSG00000072682	1	1	1	1	1111	4
500072858	protein_coding	SIDT1	ENSG00000072858	1	1	1	1	1111	4
500073060	protein_coding	SCARB1	ENSG00000073060	1	1	1	1	1111	4
500073282	protein_coding	TP63	ENSG00000073282	1	1	1	1	1111	4
500073331	protein_coding	ALPK1	ENSG00000073331	1	1	1	1	1111	4
500073417	protein_coding	PDE8A	ENSG00000073417	1	1	1	1	1111	4
500073670	protein_coding	ADAM11	ENSG00000073670	1	1	1	1	1111	4
500073734	protein_coding	ABCB11	ENSG00000073734	1	1	1	1	1111	4
500073756	protein_coding	PTGS2	ENSG00000073756	1	1	1	1	1111	4
500073849	protein_coding	ST6GAL1	ENSG00000073849	1	1	1	0	1110	3
500073861	protein_coding	TBX21	ENSG00000073861	1	1	1	1	1111	4
500073910	protein_coding	FRY	ENSG00000073910	1	1	1	1	1111	4
500073921	protein_coding	PICALM	ENSG00000073921	1	1	1	1	1111	4
500073969	protein_coding	NSF	ENSG00000073969	1	1	1	1	1111	4
500074211	protein_coding	PPP2R2C	ENSG00000074211	1	1	1	1	1111	4
500074266	protein_coding	EED	ENSG00000074266	1	1	1	1	1111	4
500074319	protein_coding	TSG101	ENSG00000074319	1	1	1	1	1111	4
500074657	protein_coding	ZNF532	ENSG00000074657	1	0	1	0	1010	2
500074660	protein_coding	SCARF1	ENSG00000074660	1	1	1	1	1111	4
500074706	protein_coding	IPCEF1	ENSG00000074706	1	1	1	1	1111	4
500074855	protein_coding	ANO8	ENSG00000074855	1	1	1	0	1110	3
500074964	protein_coding	ARHGEF10L	ENSG00000074964	1	1	1	1	1111	4
500075035	protein_coding	WSCD2	ENSG00000075035	1	1	1	1	1111	4
500075292	protein_coding	ZNF638	ENSG00000075292	1	1	1	0	1110	3
500075340	protein_coding	ADD2	ENSG00000075340	1	1	1	1	1111	4
500075420	protein_coding	FNDC3B	ENSG00000075420	1	1	1	1	1111	4
500075426	protein_coding	FOSL2	ENSG00000075426	1	1	1	1	1111	4
500075945	protein_coding	KIFAP3	ENSG00000075945	1	1	1	1	1111	4
500076108	protein_coding	BAZ2A	ENSG00000076108	1	1	1	1	1111	4
500076351	protein_coding	SLC46A1	ENSG00000076351	1	1	1	1	1111	4
500076641	protein_coding	PAG1	ENSG00000076641	1	1	1	1	1111	4
500076685	protein_coding	NT5C2	ENSG00000076685	1	1	1	1	1111	4
500077044	protein_coding	DGKD	ENSG00000077044	1	1	1	1	1111	4
500077063	protein_coding	CTTNBP2	ENSG00000077063	1	1	1	1	1111	4
500077080	protein_coding	ACTL6B	ENSG00000077080	1	1	1	1	1111	4
500077157	protein_coding	PPP1R12B	ENSG00000077157	1	1	1	1	1111	4
500077238	protein_coding	IL4R	ENSG00000077238	1	1	1	1	1111	4
500077380	protein_coding	DYNC1I2	ENSG00000077380	1	1	1	1	1111	4
500077420	protein_coding	APBB1IP	ENSG00000077420	1	1	1	1	1111	4
500077498	protein_coding	TYR	ENSG00000077498	1	1	1	1	1111	4
500077984	protein_coding	CST7	ENSG00000077984	1	1	1	0	1110	3
500078114	protein_coding	NEBL	ENSG00000078114	1	1	1	1	1111	4
500078124	protein_coding	ACER3	ENSG00000078124	1	1	1	1	1111	4
500078269	protein_coding	SYNJ2	ENSG00000078269	1	1	1	1	1111	4
500078295	protein_coding	ADCY2	ENSG00000078295	1	1	1	1	1111	4
500078328	protein_coding	RBFOX1	ENSG00000078328	1	1	1	1	1111	4
500078401	protein_coding	EDN1	ENSG00000078401	1	1	1	0	1110	3
500078487	protein_coding	ZCWPW1	ENSG00000078487	1	1	1	1	1111	4
500078549	protein_coding	ADCYAP1R1	ENSG00000078549	1	1	1	1	1111	4
500078579	protein_coding	FGF20	ENSG00000078579	1	1	1	1	1111	4
500078618	protein_coding	NRD1	ENSG00000078618	1	0	0	1	1001	2
500078674	protein_coding	PCM1	ENSG00000078674	1	1	1	1	1111	4
500078725	protein_coding	BRINP1	ENSG00000078725	1	1	1	1	1111	4
500078795	protein_coding	PKD2L2	ENSG00000078795	1	1	1	1	1111	4
500078804	protein_coding	TP53INP2	ENSG00000078804	1	1	1	0	1110	3
500078814	protein_coding	MYH7B	ENSG00000078814	1	1	1	1	1111	4
500079156	protein_coding	OSBPL6	ENSG00000079156	1	1	1	1	1111	4
500079215	protein_coding	SLC1A3	ENSG00000079215	1	1	1	1	1111	4
500079263	protein_coding	SP140	ENSG00000079263	1	1	1	1	1111	4
500079805	protein_coding	DNM2	ENSG00000079805	1	1	1	1	1111	4
500079819	protein_coding	EPB41L2	ENSG00000079819	1	1	1	1	1111	4
500080007	protein_coding	DDX43	ENSG00000080007	1	1	1	1	1111	4
500080224	protein_coding	EPHA6	ENSG00000080224	1	1	1	1	1111	4
500080493	protein_coding	SLC4A4	ENSG00000080493	1	1	1	1	1111	4
500080503	protein_coding	SMARCA2	ENSG00000080503	1	1	1	1	1111	4
500080608	protein_coding	KIAA0020	ENSG00000080608	1	0	0	1	1001	2
500080644	protein_coding	CHRNA3	ENSG00000080644	1	1	1	1	1111	4
500080709	protein_coding	KCNN2	ENSG00000080709	1	1	1	1	1111	4
500080815	protein_coding	PSEN1	ENSG00000080815	1	1	1	1	1111	4
500080823	protein_coding	MOK	ENSG00000080823	1	1	1	1	1111	4
500080824	protein_coding	HSP90AA1	ENSG00000080824	1	1	1	1	1111	4
500080854	protein_coding	IGSF9B	ENSG00000080854	1	1	1	1	1111	4
500081019	protein_coding	RSBN1	ENSG00000081019	1	1	1	1	1111	4
500081026	protein_coding	MAGI3	ENSG00000081026	1	1	1	1	1111	4
500081041	protein_coding	CXCL2	ENSG00000081041	1	1	0	0	1100	2
500081052	protein_coding	COL4A4	ENSG00000081052	1	1	1	1	1111	4
500081059	protein_coding	TCF7	ENSG00000081059	1	1	1	1	1111	4
500081237	protein_coding	PTPRC	ENSG00000081237	1	1	1	1	1111	4
500081320	protein_coding	STK17B	ENSG00000081320	1	1	1	1	1111	4
500081818	protein_coding	PCDHB4	ENSG00000081818	1	1	1	0	1110	3
500081842	protein_coding	PCDHA6	ENSG00000081842	1	1	0	0	1100	2
500081853	protein_coding	PCDHGA2	ENSG00000081853	1	0	0	0	1000	1
500081923	protein_coding	ATP8B1	ENSG00000081923	1	1	1	1	1111	4
500081985	protein_coding	IL12RB2	ENSG00000081985	1	1	1	1	1111	4
500082438	protein_coding	COBLL1	ENSG00000082438	1	1	1	1	1111	4
500082805	protein_coding	ERC1	ENSG00000082805	1	1	1	1	1111	4
500083067	protein_coding	TRPM3	ENSG00000083067	1	1	1	1	1111	4
500083099	protein_coding	LYRM2	ENSG00000083099	1	0	1	1	1011	3
500083223	protein_coding	ZCCHC6	ENSG00000083223	1	0	0	1	1001	2
500083535	protein_coding	PIBF1	ENSG00000083535	1	1	1	1	1111	4
500083544	protein_coding	TDRD3	ENSG00000083544	1	1	1	1	1111	4
500083720	protein_coding	OXCT1	ENSG00000083720	1	1	1	1	1111	4
500083799	protein_coding	CYLD	ENSG00000083799	1	1	1	1	1111	4
500084674	protein_coding	APOB	ENSG00000084674	1	1	1	1	1111	4
500084710	protein_coding	EFR3B	ENSG00000084710	1	1	1	1	1111	4
500084734	protein_coding	GCKR	ENSG00000084734	1	1	1	1	1111	4
500084764	protein_coding	MAPRE3	ENSG00000084764	1	1	1	1	1111	4
500085117	protein_coding	CD82	ENSG00000085117	1	1	1	1	1111	4
500085274	protein_coding	MYNN	ENSG00000085274	1	1	1	1	1111	4
500085978	protein_coding	ATG16L1	ENSG00000085978	1	1	1	1	1111	4
500086061	protein_coding	DNAJA1	ENSG00000086061	1	1	0	1	1101	3
500086062	protein_coding	B4GALT1	ENSG00000086062	1	1	1	0	1110	3
500086205	protein_coding	FOLH1	ENSG00000086205	1	1	1	1	1111	4
500087074	protein_coding	PPP1R15A	ENSG00000087074	1	1	1	1	1111	4
500087085	protein_coding	ACHE	ENSG00000087085	1	1	1	1	1111	4
500087086	protein_coding	FTL	ENSG00000087086	1	1	1	1	1111	4
500087157	protein_coding	PGS1	ENSG00000087157	1	1	1	1	1111	4
500087206	protein_coding	UIMC1	ENSG00000087206	1	1	1	1	1111	4
500087237	protein_coding	CETP	ENSG00000087237	1	1	1	1	1111	4
500087253	protein_coding	LPCAT2	ENSG00000087253	1	1	1	1	1111	4
500087266	protein_coding	SH3BP2	ENSG00000087266	1	1	1	1	1111	4
500087301	protein_coding	TXNDC16	ENSG00000087301	1	1	1	1	1111	4
500087470	protein_coding	DNM1L	ENSG00000087470	1	1	1	1	1111	4
500087903	protein_coding	RFX2	ENSG00000087903	1	1	1	1	1111	4
500088002	protein_coding	SULT2B1	ENSG00000088002	1	1	1	1	1111	4
500088053	protein_coding	GP6	ENSG00000088053	1	1	1	0	1110	3
500088325	protein_coding	TPX2	ENSG00000088325	1	1	1	1	1111	4
500088340	protein_coding	FER1L4	ENSG00000088340	1	0	0	0	1000	1
500088387	protein_coding	DOCK9	ENSG00000088387	1	1	1	1	1111	4
500088538	protein_coding	DOCK3	ENSG00000088538	1	1	1	1	1111	4
500088876	protein_coding	ZNF343	ENSG00000088876	1	1	1	0	1110	3
500088926	protein_coding	F11	ENSG00000088926	1	1	1	1	1111	4
500089012	protein_coding	SIRPG	ENSG00000089012	1	1	1	1	1111	4
500089048	protein_coding	ESF1	ENSG00000089048	1	1	1	1	1111	4
500089159	protein_coding	PXN	ENSG00000089159	1	1	1	1	1111	4
500089169	protein_coding	RPH3A	ENSG00000089169	1	1	1	1	1111	4
500089225	protein_coding	TBX5	ENSG00000089225	1	1	1	1	1111	4
500089250	protein_coding	NOS1	ENSG00000089250	1	1	1	1	1111	4
500089505	protein_coding	CMTM1	ENSG00000089505	1	0	1	1	1011	3
500089639	protein_coding	GMIP	ENSG00000089639	1	1	1	1	1111	4
500089775	protein_coding	ZBTB25	ENSG00000089775	1	1	1	1	1111	4
500089902	protein_coding	RCOR1	ENSG00000089902	1	1	1	1	1111	4
500090060	protein_coding	PAPOLA	ENSG00000090060	1	1	1	1	1111	4
500090104	protein_coding	RGS1	ENSG00000090104	1	1	1	1	1111	4
500090316	protein_coding	MAEA	ENSG00000090316	1	1	1	0	1110	3
500090339	protein_coding	ICAM1	ENSG00000090339	1	1	1	0	1110	3
500090372	protein_coding	STRN4	ENSG00000090372	1	1	1	1	1111	4
500090376	protein_coding	IRAK3	ENSG00000090376	1	1	1	1	1111	4
500090512	protein_coding	FETUB	ENSG00000090512	1	1	1	1	1111	4
500090674	protein_coding	MCOLN1	ENSG00000090674	1	1	1	1	1111	4
500090905	protein_coding	TNRC6A	ENSG00000090905	1	1	1	1	1111	4
500091039	protein_coding	OSBPL8	ENSG00000091039	1	1	1	1	1111	4
500091106	protein_coding	NLRC4	ENSG00000091106	1	1	1	0	1110	3
500091129	protein_coding	NRCAM	ENSG00000091129	1	1	1	1	1111	4
500091317	protein_coding	CMTM6	ENSG00000091317	1	1	1	0	1110	3
500091513	protein_coding	TF	ENSG00000091513	1	1	1	1	1111	4
500091536	protein_coding	MYO15A	ENSG00000091536	1	1	1	1	1111	4
500091592	protein_coding	NLRP1	ENSG00000091592	1	1	1	1	1111	4
500091656	protein_coding	ZFHX4	ENSG00000091656	1	1	1	1	1111	4
500091831	protein_coding	ESR1	ENSG00000091831	1	1	1	1	1111	4
500092020	protein_coding	PPP2R3C	ENSG00000092020	1	1	1	0	1110	3
500092054	protein_coding	MYH7	ENSG00000092054	1	1	1	1	1111	4
500092098	protein_coding	RNF31	ENSG00000092098	1	1	1	1	1111	4
500092345	protein_coding	DAZL	ENSG00000092345	1	1	1	0	1110	3
500092421	protein_coding	SEMA6A	ENSG00000092421	1	1	1	1	1111	4
500092758	protein_coding	COL9A3	ENSG00000092758	1	1	0	1	1101	3
500092820	protein_coding	EZR	ENSG00000092820	1	1	1	1	1111	4
500092931	protein_coding	MFSD11	ENSG00000092931	1	1	1	1	1111	4
500092978	protein_coding	GPATCH2	ENSG00000092978	1	1	1	0	1110	3
500095015	protein_coding	MAP3K1	ENSG00000095015	1	1	1	1	1111	4
500095110	protein_coding	NXPE1	ENSG00000095110	1	1	1	0	1110	3
500095587	protein_coding	TLL2	ENSG00000095587	1	1	1	1	1111	4
500095794	protein_coding	CREM	ENSG00000095794	1	1	1	1	1111	4
500095951	protein_coding	HIVEP1	ENSG00000095951	1	1	1	1	1111	4
500095970	protein_coding	TREM2	ENSG00000095970	1	1	1	1	1111	4
500096401	protein_coding	CDC5L	ENSG00000096401	1	1	1	1	1111	4
500096654	protein_coding	ZNF184	ENSG00000096654	1	1	1	1	1111	4
500096746	protein_coding	HNRNPH3	ENSG00000096746	1	1	1	1	1111	4
500096872	protein_coding	IFT74	ENSG00000096872	1	1	1	1	1111	4
500096968	protein_coding	JAK2	ENSG00000096968	1	1	1	1	1111	4
500097096	protein_coding	SYDE2	ENSG00000097096	1	1	1	1	1111	4
500099282	protein_coding	TSPAN15	ENSG00000099282	1	1	1	1	1111	4
500099308	protein_coding	MAST3	ENSG00000099308	1	1	1	1	1111	4
500099331	protein_coding	MYO9B	ENSG00000099331	1	1	0	1	1101	3
500099365	protein_coding	STX1B	ENSG00000099365	1	1	0	1	1101	3
500099985	protein_coding	OSM	ENSG00000099985	1	1	1	0	1110	3
500099995	protein_coding	SF3A1	ENSG00000099995	1	1	1	1	1111	4
500100027	protein_coding	YPEL1	ENSG00000100027	1	1	1	0	1110	3
500100030	protein_coding	MAPK1	ENSG00000100030	1	1	1	1	1111	4
500100031	protein_coding	GGT1	ENSG00000100031	1	0	0	1	1001	2
500100034	protein_coding	PPM1F	ENSG00000100034	1	1	1	0	1110	3
500100055	protein_coding	CYTH4	ENSG00000100055	1	1	1	1	1111	4
500100083	protein_coding	GGA1	ENSG00000100083	1	1	1	1	1111	4
500100092	protein_coding	SH3BP1	ENSG00000100092	1	1	1	1	1111	4
500100095	protein_coding	SEZ6L	ENSG00000100095	1	1	1	1	1111	4
500100100	protein_coding	PIK3IP1	ENSG00000100100	1	1	1	1	1111	4
500100147	protein_coding	CCDC134	ENSG00000100147	1	1	1	1	1111	4
500100150	protein_coding	DEPDC5	ENSG00000100150	1	1	0	1	1101	3
500100154	protein_coding	TTC28	ENSG00000100154	1	1	1	1	1111	4
500100167	protein_coding	SEPT3	ENSG00000100167	1	1	0	0	1100	2
500100191	protein_coding	SLC5A4	ENSG00000100191	1	1	1	0	1110	3
500100207	protein_coding	TCF20	ENSG00000100207	1	1	1	1	1111	4
500100221	protein_coding	JOSD1	ENSG00000100221	1	1	1	1	1111	4
500100225	protein_coding	FBXO7	ENSG00000100225	1	1	1	1	1111	4
500100226	protein_coding	GTPBP1	ENSG00000100226	1	1	1	1	1111	4
500100242	protein_coding	SUN2	ENSG00000100242	1	1	1	1	1111	4
500100266	protein_coding	PACSIN2	ENSG00000100266	1	1	0	1	1101	3
500100284	protein_coding	TOM1	ENSG00000100284	1	1	1	1	1111	4
500100294	protein_coding	MCAT	ENSG00000100294	1	1	1	1	1111	4
500100314	protein_coding	CABP7	ENSG00000100314	1	1	1	1	1111	4
500100320	protein_coding	RBFOX2	ENSG00000100320	1	1	1	1	1111	4
500100330	protein_coding	MTMR3	ENSG00000100330	1	1	1	1	1111	4
500100341	protein_coding	PNPLA5	ENSG00000100341	1	1	1	1	1111	4
500100344	protein_coding	PNPLA3	ENSG00000100344	1	1	1	1	1111	4
500100345	protein_coding	MYH9	ENSG00000100345	1	1	1	1	1111	4
500100346	protein_coding	CACNA1I	ENSG00000100346	1	1	1	0	1110	3
500100354	protein_coding	TNRC6B	ENSG00000100354	1	1	1	1	1111	4
500100362	protein_coding	PVALB	ENSG00000100362	1	1	1	1	1111	4
500100368	protein_coding	CSF2RB	ENSG00000100368	1	1	1	1	1111	4
500100385	protein_coding	IL2RB	ENSG00000100385	1	1	1	1	1111	4
500100393	protein_coding	EP300	ENSG00000100393	1	1	1	1	1111	4
500100427	protein_coding	MLC1	ENSG00000100427	1	0	1	1	1011	3
500100453	protein_coding	GZMB	ENSG00000100453	1	1	1	1	1111	4
500100485	protein_coding	SOS2	ENSG00000100485	1	1	1	1	1111	4
500100490	protein_coding	CDKL1	ENSG00000100490	1	1	1	1	1111	4
500100503	protein_coding	NIN	ENSG00000100503	1	1	1	1	1111	4
500100504	protein_coding	PYGL	ENSG00000100504	1	1	1	1	1111	4
500100523	protein_coding	DDHD1	ENSG00000100523	1	1	1	1	1111	4
500100554	protein_coding	ATP6V1D	ENSG00000100554	1	1	1	1	1111	4
500100605	protein_coding	ITPK1	ENSG00000100605	1	1	1	1	1111	4
500100612	protein_coding	DHRS7	ENSG00000100612	1	1	1	1	1111	4
500100614	protein_coding	PPM1A	ENSG00000100614	1	1	1	0	1110	3
500100626	protein_coding	GALNT16	ENSG00000100626	1	1	1	1	1111	4
500100644	protein_coding	HIF1A	ENSG00000100644	1	1	1	1	1111	4
500100731	protein_coding	PCNX	ENSG00000100731	1	0	0	1	1001	2
500100883	protein_coding	SRP54	ENSG00000100883	1	0	1	1	1011	3
500100916	protein_coding	BRMS1L	ENSG00000100916	1	1	1	0	1110	3
500100982	protein_coding	PCIF1	ENSG00000100982	1	1	1	1	1111	4
500100985	protein_coding	MMP9	ENSG00000100985	1	1	1	1	1111	4
500100991	protein_coding	TRPC4AP	ENSG00000100991	1	1	1	1	1111	4
500101017	protein_coding	CD40	ENSG00000101017	1	1	1	1	1111	4
500101076	protein_coding	HNF4A	ENSG00000101076	1	1	1	1	1111	4
500101096	protein_coding	NFATC2	ENSG00000101096	1	1	1	1	1111	4
500101098	protein_coding	RIMS4	ENSG00000101098	1	1	1	1	1111	4
500101134	protein_coding	DOK5	ENSG00000101134	1	1	1	1	1111	4
500101160	protein_coding	CTSZ	ENSG00000101160	1	1	1	1	1111	4
500101162	protein_coding	TUBB1	ENSG00000101162	1	1	1	1	1111	4
500101222	protein_coding	SPEF1	ENSG00000101222	1	1	1	0	1110	3
500101265	protein_coding	RASSF2	ENSG00000101265	1	1	1	1	1111	4
500101292	protein_coding	PROKR2	ENSG00000101292	1	1	1	0	1110	3
500101307	protein_coding	SIRPB1	ENSG00000101307	1	0	0	0	1000	1
500101333	protein_coding	PLCB4	ENSG00000101333	1	1	1	1	1111	4
500101367	protein_coding	MAPRE1	ENSG00000101367	1	1	1	1	1111	4
500101425	protein_coding	BPI	ENSG00000101425	1	1	1	1	1111	4
500101460	protein_coding	MAP1LC3A	ENSG00000101460	1	1	1	0	1110	3
500101474	protein_coding	APMAP	ENSG00000101474	1	1	0	0	1100	2
500101489	protein_coding	CELF4	ENSG00000101489	1	1	1	1	1111	4
500101577	protein_coding	LPIN2	ENSG00000101577	1	1	1	1	1111	4
500101605	protein_coding	MYOM1	ENSG00000101605	1	1	1	1	1111	4
500101746	protein_coding	NOL4	ENSG00000101746	1	1	1	1	1111	4
500102452	protein_coding	NALCN	ENSG00000102452	1	1	1	1	1111	4
500102466	protein_coding	FGF14	ENSG00000102466	1	1	1	0	1110	3
500102524	protein_coding	TNFSF13B	ENSG00000102524	1	1	1	1	1111	4
500102890	protein_coding	ELMO3	ENSG00000102890	1	1	1	1	1111	4
500102904	protein_coding	TSNAXIP1	ENSG00000102904	1	1	1	1	1111	4
500102908	protein_coding	NFAT5	ENSG00000102908	1	1	1	1	1111	4
500102921	protein_coding	N4BP1	ENSG00000102921	1	1	1	1	1111	4
500102981	protein_coding	PARD6A	ENSG00000102981	1	1	1	1	1111	4
500102996	protein_coding	MMP15	ENSG00000102996	1	1	1	1	1111	4
500103021	protein_coding	CCDC113	ENSG00000103021	1	1	1	1	1111	4
500103034	protein_coding	NDRG4	ENSG00000103034	1	1	1	1	1111	4
500103056	protein_coding	SMPD3	ENSG00000103056	1	1	1	1	1111	4
500103089	protein_coding	FA2H	ENSG00000103089	1	1	1	1	1111	4
500103148	protein_coding	NPRL3	ENSG00000103148	1	1	1	1	1111	4
500103184	protein_coding	SEC14L5	ENSG00000103184	1	1	1	1	1111	4
500103194	protein_coding	USP10	ENSG00000103194	1	1	0	1	1101	3
500103313	protein_coding	MEFV	ENSG00000103313	1	1	1	0	1110	3
500103449	protein_coding	SALL1	ENSG00000103449	1	1	1	1	1111	4
500103490	protein_coding	PYCARD	ENSG00000103490	1	1	1	1	1111	4
500103494	protein_coding	RPGRIP1L	ENSG00000103494	1	1	1	1	1111	4
500103496	protein_coding	STX4	ENSG00000103496	1	1	1	1	1111	4
500103510	protein_coding	KAT8	ENSG00000103510	1	1	1	1	1111	4
500103522	protein_coding	IL21R	ENSG00000103522	1	1	1	1	1111	4
500103549	protein_coding	RNF40	ENSG00000103549	1	1	1	1	1111	4
500103642	protein_coding	LACTB	ENSG00000103642	1	1	1	1	1111	4
500103653	protein_coding	CSK	ENSG00000103653	1	1	1	1	1111	4
500103811	protein_coding	CTSH	ENSG00000103811	1	1	1	1	1111	4
500104043	protein_coding	ATP8B4	ENSG00000104043	1	1	1	1	1111	4
500104044	protein_coding	OCA2	ENSG00000104044	1	1	1	1	1111	4
500104055	protein_coding	TGM5	ENSG00000104055	1	1	1	1	1111	4
500104059	protein_coding	FAM189A1	ENSG00000104059	1	1	1	1	1111	4
500104067	protein_coding	TJP1	ENSG00000104067	1	1	1	1	1111	4
500104081	protein_coding	BMF	ENSG00000104081	1	1	1	0	1110	3
500104093	protein_coding	DMXL2	ENSG00000104093	1	1	1	1	1111	4
500104112	protein_coding	SCG3	ENSG00000104112	1	1	1	1	1111	4
500104177	protein_coding	MYEF2	ENSG00000104177	1	1	1	1	1111	4
500104219	protein_coding	ZDHHC2	ENSG00000104219	1	1	1	1	1111	4
500104267	protein_coding	CA2	ENSG00000104267	1	1	1	1	1111	4
500104312	protein_coding	RIPK2	ENSG00000104312	1	1	1	0	1110	3
500104327	protein_coding	CALB1	ENSG00000104327	1	1	1	1	1111	4
500104361	protein_coding	NIPAL2	ENSG00000104361	1	1	1	0	1110	3
500104381	protein_coding	GDAP1	ENSG00000104381	1	1	1	0	1110	3
500104412	protein_coding	EMC2	ENSG00000104412	1	1	1	1	1111	4
500104450	protein_coding	SPAG1	ENSG00000104450	1	1	1	1	1111	4
500104714	protein_coding	ERICH1	ENSG00000104714	1	1	1	1	1111	4
500104723	protein_coding	TUSC3	ENSG00000104723	1	1	1	1	1111	4
500104728	protein_coding	ARHGEF10	ENSG00000104728	1	1	1	0	1110	3
500104765	protein_coding	BNIP3L	ENSG00000104765	1	1	1	1	1111	4
500104783	protein_coding	KCNN4	ENSG00000104783	1	1	1	1	1111	4
500104804	protein_coding	TULP2	ENSG00000104804	1	1	1	0	1110	3
500104856	protein_coding	RELB	ENSG00000104856	1	1	1	1	1111	4
500104859	protein_coding	CLASRP	ENSG00000104859	1	1	1	1	1111	4
500104885	protein_coding	DOT1L	ENSG00000104885	1	1	1	1	1111	4
500104889	protein_coding	RNASEH2A	ENSG00000104889	1	1	1	1	1111	4
500104892	protein_coding	KLC3	ENSG00000104892	1	1	1	1	1111	4
500104894	protein_coding	CD37	ENSG00000104894	1	1	1	0	1110	3
500104973	protein_coding	MED25	ENSG00000104973	1	1	1	1	1111	4
500105088	protein_coding	OLFM2	ENSG00000105088	1	1	1	1	1111	4
500105146	protein_coding	AURKC	ENSG00000105146	1	1	0	1	1101	3
500105173	protein_coding	CCNE1	ENSG00000105173	1	1	1	1	1111	4
500105278	protein_coding	ZFR2	ENSG00000105278	1	1	1	0	1110	3
500105287	protein_coding	PRKD2	ENSG00000105287	1	1	1	0	1110	3
500105329	protein_coding	TGFB1	ENSG00000105329	1	1	1	1	1111	4
500105339	protein_coding	DENND3	ENSG00000105339	1	1	1	1	1111	4
500105397	protein_coding	TYK2	ENSG00000105397	1	1	1	1	1111	4
500105398	protein_coding	SULT2A1	ENSG00000105398	1	1	1	1	1111	4
500105479	protein_coding	CCDC114	ENSG00000105479	1	1	0	1	1101	3
500105483	protein_coding	CARD8	ENSG00000105483	1	1	0	1	1101	3
500105523	protein_coding	FAM83E	ENSG00000105523	1	1	1	1	1111	4
500105550	protein_coding	FGF21	ENSG00000105550	1	1	1	1	1111	4
500105610	protein_coding	KLF1	ENSG00000105610	1	1	1	1	1111	4
500105656	protein_coding	ELL	ENSG00000105656	1	1	1	1	1111	4
500105663	lncRNA	ENSG00000105663.10	ENSG00000105663.10	1	1	1	1	1111	4
500105696	protein_coding	TMEM59L	ENSG00000105696	1	1	1	1	1111	4
500105705	protein_coding	SUGP1	ENSG00000105705	1	1	1	1	1111	4
500105835	protein_coding	NAMPT	ENSG00000105835	1	0	1	0	1010	2
500105851	protein_coding	PIK3CG	ENSG00000105851	1	1	1	1	1111	4
500105877	protein_coding	DNAH11	ENSG00000105877	1	1	1	1	1111	4
500105926	protein_coding	MPP6	ENSG00000105926	1	1	1	1	1111	4
500105963	protein_coding	ADAP1	ENSG00000105963	1	0	1	1	1011	3
500105967	protein_coding	TFEC	ENSG00000105967	1	1	1	0	1110	3
500105983	protein_coding	LMBR1	ENSG00000105983	1	1	1	1	1111	4
500106003	protein_coding	LFNG	ENSG00000106003	1	1	1	0	1110	3
500106009	protein_coding	BRAT1	ENSG00000106009	1	1	1	1	1111	4
500106012	protein_coding	IQCE	ENSG00000106012	1	1	1	1	1111	4
500106031	protein_coding	HOXA13	ENSG00000106031	1	1	1	1	1111	4
500106052	protein_coding	TAX1BP1	ENSG00000106052	1	1	1	1	1111	4
500106069	protein_coding	CHN2	ENSG00000106069	1	1	1	1	1111	4
500106070	protein_coding	GRB10	ENSG00000106070	1	1	1	1	1111	4
500106113	protein_coding	CRHR2	ENSG00000106113	1	1	1	1	1111	4
500106268	protein_coding	NUDT1	ENSG00000106268	1	1	1	0	1110	3
500106327	protein_coding	TFR2	ENSG00000106327	1	1	1	1	1111	4
500106346	protein_coding	USP42	ENSG00000106346	1	1	1	1	1111	4
500106443	protein_coding	PHF14	ENSG00000106443	1	1	1	1	1111	4
500106537	protein_coding	TSPAN13	ENSG00000106537	1	1	1	0	1110	3
500106560	protein_coding	GIMAP2	ENSG00000106560	1	1	1	0	1110	3
500106565	protein_coding	TMEM176B	ENSG00000106565	1	1	1	1	1111	4
500106633	protein_coding	GCK	ENSG00000106633	1	1	1	1	1111	4
500106686	protein_coding	SPATA6L	ENSG00000106686	1	1	1	1	1111	4
500106689	protein_coding	LHX2	ENSG00000106689	1	1	1	1	1111	4
500106692	protein_coding	FKTN	ENSG00000106692	1	1	1	1	1111	4
500106829	protein_coding	TLE4	ENSG00000106829	1	1	1	1	1111	4
500106852	protein_coding	LHX6	ENSG00000106852	1	1	1	1	1111	4
500106952	protein_coding	TNFSF8	ENSG00000106952	1	1	1	0	1110	3
500106976	protein_coding	DNM1	ENSG00000106976	1	1	1	1	1111	4
500107099	protein_coding	DOCK8	ENSG00000107099	1	1	1	1	1111	4
500107104	protein_coding	KANK1	ENSG00000107104	1	1	1	1	1111	4
500107165	protein_coding	TYRP1	ENSG00000107165	1	1	1	1	1111	4
500107186	protein_coding	MPDZ	ENSG00000107186	1	1	1	1	1111	4
500107187	protein_coding	LHX3	ENSG00000107187	1	1	1	1	1111	4
500107201	protein_coding	DDX58	ENSG00000107201	1	1	1	1	1111	4
500107242	protein_coding	PIP5K1B	ENSG00000107242	1	1	1	1	1111	4
500107263	protein_coding	RAPGEF1	ENSG00000107263	1	1	1	1	1111	4
500107341	protein_coding	UBE2R2	ENSG00000107341	1	1	1	0	1110	3
500107372	protein_coding	ZFAND5	ENSG00000107372	1	1	1	0	1110	3
500107485	protein_coding	GATA3	ENSG00000107485	1	1	1	0	1110	3
500107518	protein_coding	ATRNL1	ENSG00000107518	1	1	1	1	1111	4
500107554	protein_coding	DNMBP	ENSG00000107554	1	1	1	1	1111	4
500107593	protein_coding	PKD2L1	ENSG00000107593	1	1	1	0	1110	3
500107614	protein_coding	TRDMT1	ENSG00000107614	1	1	1	1	1111	4
500107736	protein_coding	CDH23	ENSG00000107736	1	1	1	1	1111	4
500107738	protein_coding	C10orf54	ENSG00000107738	1	0	0	0	1000	1
500107798	protein_coding	LIPA	ENSG00000107798	1	1	1	1	1111	4
500107864	protein_coding	CPEB3	ENSG00000107864	1	1	1	1	1111	4
500107902	protein_coding	LHPP	ENSG00000107902	1	1	1	1	1111	4
500107954	protein_coding	NEURL	ENSG00000107954	1	0	0	0	1000	1
500107968	protein_coding	MAP3K8	ENSG00000107968	1	1	1	1	1111	4
500108018	protein_coding	SORCS1	ENSG00000108018	1	1	1	1	1111	4
500108100	protein_coding	CCNY	ENSG00000108100	1	1	1	1	1111	4
500108175	protein_coding	ZMIZ1	ENSG00000108175	1	1	1	1	1111	4
500108179	protein_coding	PPIF	ENSG00000108179	1	1	1	1	1111	4
500108239	protein_coding	TBC1D12	ENSG00000108239	1	1	1	1	1111	4
500108242	protein_coding	CYP2C18	ENSG00000108242	1	0	1	0	1010	2
500108270	protein_coding	AATF	ENSG00000108270	1	1	1	0	1110	3
500108306	protein_coding	FBXL20	ENSG00000108306	1	1	1	1	1111	4
500108375	protein_coding	RNF43	ENSG00000108375	1	1	0	1	1101	3
500108379	protein_coding	WNT3	ENSG00000108379	1	1	1	1	1111	4
500108387	protein_coding	SEPT4	ENSG00000108387	1	1	0	0	1100	2
500108389	protein_coding	MTMR4	ENSG00000108389	1	1	1	1	1111	4
500108395	protein_coding	TRIM37	ENSG00000108395	1	1	1	1	1111	4
500108654	protein_coding	DDX5	ENSG00000108654	1	1	1	1	1111	4
500108669	protein_coding	CYTH1	ENSG00000108669	1	1	1	1	1111	4
500108684	protein_coding	ASIC2	ENSG00000108684	1	1	1	1	1111	4
500108688	protein_coding	CCL7	ENSG00000108688	1	1	1	0	1110	3
500108691	protein_coding	CCL2	ENSG00000108691	1	1	1	0	1110	3
500108753	protein_coding	HNF1B	ENSG00000108753	1	1	1	0	1110	3
500108774	protein_coding	RAB5C	ENSG00000108774	1	1	1	1	1111	4
500108798	protein_coding	ABI3	ENSG00000108798	1	1	1	1	1111	4
500108852	protein_coding	MPP2	ENSG00000108852	1	1	1	1	1111	4
500108854	protein_coding	SMURF2	ENSG00000108854	1	1	1	1	1111	4
500109046	protein_coding	WSB1	ENSG00000109046	1	1	1	0	1110	3
500109158	protein_coding	GABRA4	ENSG00000109158	1	1	1	1	1111	4
500109220	protein_coding	CHIC2	ENSG00000109220	1	1	1	0	1110	3
500109320	protein_coding	NFKB1	ENSG00000109320	1	1	1	1	1111	4
500109323	protein_coding	MANBA	ENSG00000109323	1	1	1	1	1111	4
500109339	protein_coding	MAPK10	ENSG00000109339	1	1	1	1	1111	4
500109381	protein_coding	ELF2	ENSG00000109381	1	1	1	1	1111	4
500109466	protein_coding	KLHL2	ENSG00000109466	1	1	1	1	1111	4
500109471	protein_coding	IL2	ENSG00000109471	1	1	1	0	1110	3
500109472	protein_coding	CPE	ENSG00000109472	1	1	1	1	1111	4
500109670	protein_coding	FBXW7	ENSG00000109670	1	1	1	1	1111	4
500109684	protein_coding	CLNK	ENSG00000109684	1	1	1	1	1111	4
500109756	protein_coding	RAPGEF2	ENSG00000109756	1	1	1	1	1111	4
500109762	protein_coding	SNX25	ENSG00000109762	1	1	1	1	1111	4
500109794	protein_coding	FAM149A	ENSG00000109794	1	1	1	1	1111	4
500109819	protein_coding	PPARGC1A	ENSG00000109819	1	1	1	1	1111	4
500109881	protein_coding	CCDC34	ENSG00000109881	1	1	1	1	1111	4
500109906	protein_coding	ZBTB16	ENSG00000109906	1	1	1	1	1111	4
500109944	protein_coding	C11orf63	ENSG00000109944	1	0	0	1	1001	2
500109956	protein_coding	B3GAT1	ENSG00000109956	1	1	1	1	1111	4
500110013	protein_coding	SIAE	ENSG00000110013	1	1	1	1	1111	4
500110031	protein_coding	LPXN	ENSG00000110031	1	1	1	1	1111	4
500110077	protein_coding	MS4A6A	ENSG00000110077	1	1	1	1	1111	4
500110148	protein_coding	CCKBR	ENSG00000110148	1	1	1	1	1111	4
500110243	protein_coding	APOA5	ENSG00000110243	1	1	1	1	1111	4
500110274	protein_coding	CEP164	ENSG00000110274	1	1	1	1	1111	4
500110324	protein_coding	IL10RA	ENSG00000110324	1	1	1	1	1111	4
500110330	protein_coding	BIRC2	ENSG00000110330	1	1	1	1	1111	4
500110347	lncRNA	ENSG00000110347.7	ENSG00000110347.7	1	1	1	1	1111	4
500110367	protein_coding	DDX6	ENSG00000110367	1	1	1	1	1111	4
500110395	protein_coding	CBL	ENSG00000110395	1	1	1	1	1111	4
500110427	protein_coding	KIAA1549L	ENSG00000110427	1	1	1	1	1111	4
500110436	protein_coding	SLC1A2	ENSG00000110436	1	1	1	1	1111	4
500110448	protein_coding	CD5	ENSG00000110448	1	1	1	1	1111	4
500110665	protein_coding	C11orf21	ENSG00000110665	1	1	1	0	1110	3
500110693	protein_coding	SOX6	ENSG00000110693	1	1	1	1	1111	4
500110756	protein_coding	HPS5	ENSG00000110756	1	1	1	1	1111	4
500110777	protein_coding	POU2AF1	ENSG00000110777	1	1	1	0	1110	3
500110786	protein_coding	PTPN5	ENSG00000110786	1	1	1	1	1111	4
500110848	protein_coding	CD69	ENSG00000110848	1	1	1	1	1111	4
500110944	protein_coding	IL23A	ENSG00000110944	1	1	1	0	1110	3
500110975	protein_coding	SYT10	ENSG00000110975	1	1	1	1	1111	4
500110987	protein_coding	BCL7A	ENSG00000110987	1	1	1	0	1110	3
500111011	protein_coding	RSRC2	ENSG00000111011	1	1	1	1	1111	4
500111110	protein_coding	PPM1H	ENSG00000111110	1	1	1	1	1111	4
500111181	protein_coding	SLC6A12	ENSG00000111181	1	1	1	1	1111	4
500111206	protein_coding	FOXM1	ENSG00000111206	1	1	1	1	1111	4
500111229	protein_coding	ARPC3	ENSG00000111229	1	1	1	0	1110	3
500111249	protein_coding	CUX2	ENSG00000111249	1	1	1	1	1111	4
500111252	protein_coding	SH2B3	ENSG00000111252	1	1	1	1	1111	4
500111266	protein_coding	DUSP16	ENSG00000111266	1	1	1	1	1111	4
500111275	protein_coding	ALDH2	ENSG00000111275	1	1	0	1	1101	3
500111276	protein_coding	CDKN1B	ENSG00000111276	1	1	1	1	1111	4
500111348	protein_coding	ARHGDIB	ENSG00000111348	1	1	1	0	1110	3
500111404	protein_coding	RERGL	ENSG00000111404	1	1	1	0	1110	3
500111424	protein_coding	VDR	ENSG00000111424	1	1	1	1	1111	4
500111490	protein_coding	TBC1D30	ENSG00000111490	1	1	1	1	1111	4
500111642	protein_coding	CHD4	ENSG00000111642	1	1	1	1	1111	4
500111679	protein_coding	PTPN6	ENSG00000111679	1	1	1	1	1111	4
500111696	protein_coding	NT5DC3	ENSG00000111696	1	1	0	1	1101	3
500111700	protein_coding	SLCO1B3	ENSG00000111700	1	1	0	1	1101	3
500111752	protein_coding	PHC1	ENSG00000111752	1	1	1	1	1111	4
500111783	protein_coding	RFX4	ENSG00000111783	1	1	1	1	1111	4
500111785	protein_coding	RIC8B	ENSG00000111785	1	1	1	1	1111	4
500111801	protein_coding	BTN3A3	ENSG00000111801	1	1	1	1	1111	4
500111802	protein_coding	TDP2	ENSG00000111802	1	1	1	1	1111	4
500111816	protein_coding	FRK	ENSG00000111816	1	1	1	1	1111	4
500111859	protein_coding	NEDD9	ENSG00000111859	1	1	1	1	1111	4
500111912	protein_coding	NCOA7	ENSG00000111912	1	1	1	1	1111	4
500111913	protein_coding	FAM65B	ENSG00000111913	1	0	0	1	1001	2
500111961	protein_coding	SASH1	ENSG00000111961	1	1	1	1	1111	4
500112078	protein_coding	KCTD20	ENSG00000112078	1	1	1	1	1111	4
500112137	protein_coding	PHACTR1	ENSG00000112137	1	1	1	1	1111	4
500112149	protein_coding	CD83	ENSG00000112149	1	1	1	0	1110	3
500112182	protein_coding	BACH2	ENSG00000112182	1	1	1	1	1111	4
500112195	protein_coding	TREML2	ENSG00000112195	1	1	1	1	1111	4
500112214	protein_coding	FHL5	ENSG00000112214	1	1	1	1	1111	4
500112242	protein_coding	E2F3	ENSG00000112242	1	1	1	1	1111	4
500112290	protein_coding	WASF1	ENSG00000112290	1	1	1	1	1111	4
500112293	protein_coding	GPLD1	ENSG00000112293	1	1	1	1	1111	4
500112309	protein_coding	B3GAT2	ENSG00000112309	1	1	1	0	1110	3
500112337	protein_coding	SLC17A2	ENSG00000112337	1	1	1	1	1111	4
500112343	protein_coding	TRIM38	ENSG00000112343	1	1	1	1	1111	4
500112379	protein_coding	KIAA1244	ENSG00000112379	1	0	0	1	1001	2
500112394	protein_coding	SLC16A10	ENSG00000112394	1	1	1	1	1111	4
500112414	protein_coding	GPR126	ENSG00000112414	1	0	0	1	1001	2
500112486	protein_coding	CCR6	ENSG00000112486	1	0	1	1	1011	3
500112499	protein_coding	SLC22A2	ENSG00000112499	1	1	1	1	1111	4
500112511	protein_coding	PHF1	ENSG00000112511	1	1	1	1	1111	4
500112541	protein_coding	PDE10A	ENSG00000112541	1	1	1	1	1111	4
500112576	protein_coding	CCND3	ENSG00000112576	1	1	1	1	1111	4
500112619	protein_coding	PRPH2	ENSG00000112619	1	1	1	1	1111	4
500112742	protein_coding	TTK	ENSG00000112742	1	1	1	1	1111	4
500112812	protein_coding	PRSS16	ENSG00000112812	1	1	1	1	1111	4
500112941	protein_coding	PAPD7	ENSG00000112941	1	0	0	1	1001	2
500112981	protein_coding	NME5	ENSG00000112981	1	1	1	1	1111	4
500113108	protein_coding	APBB3	ENSG00000113108	1	1	1	1	1111	4
500113119	protein_coding	TMCO6	ENSG00000113119	1	1	1	1	1111	4
500113141	protein_coding	IK	ENSG00000113141	1	1	1	1	1111	4
500113205	protein_coding	PCDHB3	ENSG00000113205	1	0	1	1	1011	3
500113209	protein_coding	PCDHB5	ENSG00000113209	1	1	1	0	1110	3
500113249	protein_coding	HAVCR1	ENSG00000113249	1	1	0	0	1100	2
500113312	protein_coding	TTC1	ENSG00000113312	1	1	1	1	1111	4
500113319	protein_coding	RASGRF2	ENSG00000113319	1	1	1	1	1111	4
500113356	protein_coding	POLR3G	ENSG00000113356	1	1	1	1	1111	4
500113369	protein_coding	ARRDC3	ENSG00000113369	1	1	1	1	1111	4
500113396	protein_coding	SLC27A6	ENSG00000113396	1	1	1	1	1111	4
500113448	protein_coding	PDE4D	ENSG00000113448	1	1	1	1	1111	4
500113532	protein_coding	ST8SIA4	ENSG00000113532	1	1	1	1	1111	4
500113594	protein_coding	LIFR	ENSG00000113594	1	1	1	1	1111	4
500113638	protein_coding	TTC33	ENSG00000113638	1	1	0	0	1100	2
500113645	protein_coding	WWC1	ENSG00000113645	1	1	1	1	1111	4
500113719	protein_coding	ERGIC1	ENSG00000113719	1	1	1	1	1111	4
500113742	protein_coding	CPEB4	ENSG00000113742	1	1	1	1	1111	4
500113763	protein_coding	UNC5A	ENSG00000113763	1	1	1	1	1111	4
500113805	protein_coding	CNTN3	ENSG00000113805	1	1	1	1	1111	4
500113851	protein_coding	CRBN	ENSG00000113851	1	1	1	1	1111	4
500113889	protein_coding	KNG1	ENSG00000113889	1	1	1	1	1111	4
500113905	protein_coding	HRG	ENSG00000113905	1	1	1	1	1111	4
500114013	protein_coding	CD86	ENSG00000114013	1	1	1	1	1111	4
500114126	protein_coding	TFDP2	ENSG00000114126	1	1	1	1	1111	4
500114166	protein_coding	KAT2B	ENSG00000114166	1	1	1	1	1111	4
500114268	protein_coding	PFKFB4	ENSG00000114268	1	1	1	1	1111	4
500114316	protein_coding	USP4	ENSG00000114316	1	1	1	1	1111	4
500114423	protein_coding	CBLB	ENSG00000114423	1	1	1	1	1111	4
500114439	protein_coding	BBX	ENSG00000114439	1	1	1	1	1111	4
500114541	protein_coding	FRMD4B	ENSG00000114541	1	1	1	1	1111	4
500114573	protein_coding	ATP6V1A	ENSG00000114573	1	1	1	1	1111	4
500114656	protein_coding	KIAA1257	ENSG00000114656	1	0	0	0	1000	1
500114742	protein_coding	WDR48	ENSG00000114742	1	1	1	1	1111	4
500114757	protein_coding	PEX5L	ENSG00000114757	1	1	1	1	1111	4
500114861	protein_coding	FOXP1	ENSG00000114861	1	1	1	1	1111	4
500115138	protein_coding	POMC	ENSG00000115138	1	1	1	0	1110	3
500115183	protein_coding	TANC1	ENSG00000115183	1	1	1	1	1111	4
500115194	protein_coding	SLC30A3	ENSG00000115194	1	1	1	1	1111	4
500115226	protein_coding	FNDC4	ENSG00000115226	1	1	1	0	1110	3
500115232	protein_coding	ITGA4	ENSG00000115232	1	1	1	1	1111	4
500115252	protein_coding	PDE1A	ENSG00000115252	1	1	1	1	1111	4
500115267	protein_coding	IFIH1	ENSG00000115267	1	1	0	1	1101	3
500115310	protein_coding	RTN4	ENSG00000115310	1	1	1	1	1111	4
500115355	protein_coding	CCDC88A	ENSG00000115355	1	1	1	1	1111	4
500115415	protein_coding	STAT1	ENSG00000115415	1	1	1	1	1111	4
500115423	protein_coding	DNAH6	ENSG00000115423	1	1	1	1	1111	4
500115464	protein_coding	USP34	ENSG00000115464	1	1	1	0	1110	3
500115468	protein_coding	EFHD1	ENSG00000115468	1	1	1	0	1110	3
500115504	protein_coding	EHBP1	ENSG00000115504	1	1	1	1	1111	4
500115520	protein_coding	COQ10B	ENSG00000115520	1	1	1	0	1110	3
500115524	protein_coding	SF3B1	ENSG00000115524	1	1	1	1	1111	4
500115548	protein_coding	KDM3A	ENSG00000115548	1	1	1	1	1111	4
500115556	protein_coding	PLCD4	ENSG00000115556	1	1	1	0	1110	3
500115590	protein_coding	IL1R2	ENSG00000115590	1	1	1	1	1111	4
500115598	protein_coding	IL1RL2	ENSG00000115598	1	1	1	1	1111	4
500115602	protein_coding	IL1RL1	ENSG00000115602	1	0	1	1	1011	3
500115604	protein_coding	IL18R1	ENSG00000115604	1	1	1	1	1111	4
500115607	protein_coding	IL18RAP	ENSG00000115607	1	1	1	1	1111	4
500115616	protein_coding	SLC9A2	ENSG00000115616	1	1	1	1	1111	4
500115705	protein_coding	TPO	ENSG00000115705	1	1	1	1	1111	4
500115756	protein_coding	HPCAL1	ENSG00000115756	1	1	1	0	1110	3
500115808	protein_coding	STRN	ENSG00000115808	1	1	1	1	1111	4
500115840	protein_coding	SLC25A12	ENSG00000115840	1	1	1	1	1111	4
500115896	protein_coding	PLCL1	ENSG00000115896	1	1	1	1	1111	4
500115956	protein_coding	PLEK	ENSG00000115956	1	1	1	1	1111	4
500115977	protein_coding	AAK1	ENSG00000115977	1	1	1	1	1111	4
500116017	protein_coding	ARID3A	ENSG00000116017	1	1	1	0	1110	3
500116141	protein_coding	MARK1	ENSG00000116141	1	1	1	1	1111	4
500116147	protein_coding	TNR	ENSG00000116147	1	1	1	1	1111	4
500116329	protein_coding	OPRD1	ENSG00000116329	1	1	0	1	1101	3
500116337	protein_coding	AMPD2	ENSG00000116337	1	1	1	1	1111	4
500116514	protein_coding	RNF19B	ENSG00000116514	1	1	1	1	1111	4
500116574	protein_coding	RHOU	ENSG00000116574	1	1	1	0	1110	3
500116584	protein_coding	ARHGEF2	ENSG00000116584	1	1	1	1	1111	4
500116661	protein_coding	FBXO2	ENSG00000116661	1	1	1	1	1111	4
500116668	protein_coding	SWT1	ENSG00000116668	1	1	1	1	1111	4
500116675	protein_coding	DNAJC6	ENSG00000116675	1	1	1	1	1111	4
500116688	protein_coding	MFN2	ENSG00000116688	1	1	1	1	1111	4
500116701	protein_coding	NCF2	ENSG00000116701	1	1	1	1	1111	4
500116711	protein_coding	PLA2G4A	ENSG00000116711	1	1	1	1	1111	4
500116741	protein_coding	RGS2	ENSG00000116741	1	1	1	1	1111	4
500116748	protein_coding	AMPD1	ENSG00000116748	1	1	1	1	1111	4
500116750	protein_coding	UCHL5	ENSG00000116750	1	1	1	1	1111	4
500116785	protein_coding	CFHR3	ENSG00000116785	1	0	0	0	1000	1
500116793	protein_coding	PHTF1	ENSG00000116793	1	1	1	1	1111	4
500116815	protein_coding	CD58	ENSG00000116815	1	1	1	1	1111	4
500116819	protein_coding	TFAP2E	ENSG00000116819	1	1	1	1	1111	4
500116833	protein_coding	NR5A2	ENSG00000116833	1	1	1	1	1111	4
500116852	protein_coding	KIF21B	ENSG00000116852	1	1	1	1	1111	4
500116883	protein_coding	RP11-268J15.5	ENSG00000116883	1	0	0	0	1000	1
500116981	protein_coding	NT5C1A	ENSG00000116981	1	1	1	1	1111	4
500116984	protein_coding	MTR	ENSG00000116984	1	1	1	1	1111	4
500117020	protein_coding	AKT3	ENSG00000117020	1	1	1	1	1111	4
500117090	protein_coding	SLAMF1	ENSG00000117090	1	1	1	1	1111	4
500117115	protein_coding	PADI2	ENSG00000117115	1	1	1	1	1111	4
500117154	protein_coding	IGSF21	ENSG00000117154	1	1	1	1	1111	4
500117174	protein_coding	ZNHIT6	ENSG00000117174	1	1	1	1	1111	4
500117298	protein_coding	ECE1	ENSG00000117298	1	1	1	1	1111	4
500117335	protein_coding	CD46	ENSG00000117335	1	1	1	1	1111	4
500117410	protein_coding	ATP6V0B	ENSG00000117410	1	1	0	1	1101	3
500117475	protein_coding	BLZF1	ENSG00000117475	1	1	1	1	1111	4
500117477	protein_coding	CCDC181	ENSG00000117477	1	1	1	1	1111	4
500117569	protein_coding	PTBP2	ENSG00000117569	1	1	1	1	1111	4
500117616	protein_coding	C1orf63	ENSG00000117616	1	0	0	1	1001	2
500117632	protein_coding	STMN1	ENSG00000117632	1	1	1	0	1110	3
500117707	protein_coding	PROX1	ENSG00000117707	1	1	1	1	1111	4
500117713	protein_coding	ARID1A	ENSG00000117713	1	1	1	1	1111	4
500117724	protein_coding	CENPF	ENSG00000117724	1	1	1	0	1110	3
500117859	protein_coding	OSBPL9	ENSG00000117859	1	1	1	1	1111	4
500117971	protein_coding	CHRNB4	ENSG00000117971	1	1	1	1	1111	4
500118007	protein_coding	STAG1	ENSG00000118007	1	1	1	1	1111	4
500118058	protein_coding	KMT2A	ENSG00000118058	1	1	0	1	1101	3
500118263	protein_coding	KLF7	ENSG00000118263	1	1	1	1	1111	4
500118271	protein_coding	TTR	ENSG00000118271	1	1	1	0	1110	3
500118276	protein_coding	B4GALT6	ENSG00000118276	1	1	1	1	1111	4
500118298	protein_coding	CA14	ENSG00000118298	1	1	1	1	1111	4
500118308	protein_coding	LRMP	ENSG00000118308	1	1	1	0	1110	3
500118407	protein_coding	FILIP1	ENSG00000118407	1	1	1	1	1111	4
500118473	protein_coding	SGIP1	ENSG00000118473	1	1	1	1	1111	4
500118492	protein_coding	ADGB	ENSG00000118492	1	1	1	1	1111	4
500118503	protein_coding	TNFAIP3	ENSG00000118503	1	1	1	1	1111	4
500118513	protein_coding	MYB	ENSG00000118513	1	1	1	1	1111	4
500118515	protein_coding	SGK1	ENSG00000118515	1	1	1	1	1111	4
500118520	protein_coding	ARG1	ENSG00000118520	1	1	1	0	1110	3
500118557	protein_coding	PMFBP1	ENSG00000118557	1	1	1	1	1111	4
500118564	protein_coding	FBXL5	ENSG00000118564	1	1	1	1	1111	4
500118689	protein_coding	FOXO3	ENSG00000118689	1	1	1	1	1111	4
500118729	protein_coding	CASQ2	ENSG00000118729	1	1	1	1	1111	4
500118733	protein_coding	OLFM3	ENSG00000118733	1	1	1	0	1110	3
500118777	protein_coding	ABCG2	ENSG00000118777	1	1	0	0	1100	2
500118898	protein_coding	PPL	ENSG00000118898	1	1	1	1	1111	4
500118985	protein_coding	ELL2	ENSG00000118985	1	1	1	1	1111	4
500119125	protein_coding	GDA	ENSG00000119125	1	1	1	1	1111	4
500119314	protein_coding	PTBP3	ENSG00000119314	1	1	1	1	1111	4
500119397	protein_coding	CNTRL	ENSG00000119397	1	1	1	1	1111	4
500119522	protein_coding	DENND1A	ENSG00000119522	1	1	1	1	1111	4
500119596	protein_coding	YLPM1	ENSG00000119596	1	1	1	1	1111	4
500119636	protein_coding	CCDC176	ENSG00000119636	1	0	0	1	1001	2
500119669	protein_coding	IRF2BPL	ENSG00000119669	1	1	0	1	1101	3
500119699	protein_coding	TGFB3	ENSG00000119699	1	1	1	1	1111	4
500119707	protein_coding	RBM25	ENSG00000119707	1	1	1	1	1111	4
500119737	protein_coding	GPR75	ENSG00000119737	1	0	1	1	1011	3
500119782	protein_coding	FKBP1B	ENSG00000119782	1	1	1	1	1111	4
500119787	protein_coding	ATL2	ENSG00000119787	1	1	1	1	1111	4
500119866	protein_coding	BCL11A	ENSG00000119866	1	1	1	1	1111	4
500119900	protein_coding	OGFRL1	ENSG00000119900	1	1	1	1	1111	4
500119950	protein_coding	MXI1	ENSG00000119950	1	1	1	0	1110	3
500120051	protein_coding	CCDC147	ENSG00000120051	1	0	0	1	1001	2
500120053	protein_coding	GOT1	ENSG00000120053	1	1	1	1	1111	4
500120054	protein_coding	CPN1	ENSG00000120054	1	1	1	1	1111	4
500120063	protein_coding	GNA13	ENSG00000120063	1	1	1	1	1111	4
500120068	protein_coding	HOXB8	ENSG00000120068	1	1	1	0	1110	3
500120075	protein_coding	HOXB5	ENSG00000120075	1	1	1	1	1111	4
500120088	protein_coding	CRHR1	ENSG00000120088	1	1	1	0	1110	3
500120093	protein_coding	HOXB3	ENSG00000120093	1	1	0	1	1101	3
500120158	protein_coding	RCL1	ENSG00000120158	1	1	1	1	1111	4
500120162	protein_coding	MOB3B	ENSG00000120162	1	1	1	0	1110	3
500120341	protein_coding	SEC16B	ENSG00000120341	1	1	1	1	1111	4
500120436	protein_coding	GPR31	ENSG00000120436	1	1	1	1	1111	4
500120594	protein_coding	PLXDC2	ENSG00000120594	1	1	1	1	1111	4
500120658	protein_coding	ENOX1	ENSG00000120658	1	1	1	1	1111	4
500120659	protein_coding	TNFSF11	ENSG00000120659	1	1	1	1	1111	4
500120664	protein_coding	SPG20OS	ENSG00000120664	1	0	0	0	1000	1
500120690	protein_coding	ELF1	ENSG00000120690	1	1	1	1	1111	4
500120709	protein_coding	FAM53C	ENSG00000120709	1	1	1	0	1110	3
500120733	protein_coding	KDM3B	ENSG00000120733	1	1	1	1	1111	4
500120756	protein_coding	PLS1	ENSG00000120756	1	1	1	1	1111	4
500120784	protein_coding	ZFP30	ENSG00000120784	1	1	1	0	1110	3
500120885	protein_coding	CLU	ENSG00000120885	1	1	1	1	1111	4
500120907	protein_coding	ADRA1A	ENSG00000120907	1	1	1	0	1110	3
500120910	protein_coding	PPP3CC	ENSG00000120910	1	1	1	1	1111	4
500120915	protein_coding	EPHX2	ENSG00000120915	1	1	1	1	1111	4
500121207	protein_coding	LRAT	ENSG00000121207	1	1	1	0	1110	3
500121316	protein_coding	PLBD1	ENSG00000121316	1	1	1	1	1111	4
500121440	protein_coding	PDZRN3	ENSG00000121440	1	1	1	1	1111	4
500121594	protein_coding	CD80	ENSG00000121594	1	1	1	1	1111	4
500121716	protein_coding	PILRB	ENSG00000121716	1	0	0	1	1001	2
500121766	protein_coding	ZCCHC17	ENSG00000121766	1	1	1	1	1111	4
500121797	protein_coding	CCRL2	ENSG00000121797	1	1	1	1	1111	4
500121807	protein_coding	CCR2	ENSG00000121807	1	1	1	1	1111	4
500121871	protein_coding	SLITRK3	ENSG00000121871	1	1	1	1	1111	4
500121879	protein_coding	PIK3CA	ENSG00000121879	1	1	1	1	1111	4
500121903	protein_coding	ZSCAN20	ENSG00000121903	1	1	1	1	1111	4
500121904	protein_coding	CSMD2	ENSG00000121904	1	1	1	1	1111	4
500121964	protein_coding	GTDC1	ENSG00000121964	1	1	1	1	1111	4
500122008	protein_coding	POLK	ENSG00000122008	1	1	1	1	1111	4
500122223	protein_coding	CD244	ENSG00000122223	1	1	1	1	1111	4
500122224	protein_coding	LY9	ENSG00000122224	1	1	0	1	1101	3
500122299	protein_coding	ZC3H7A	ENSG00000122299	1	1	1	1	1111	4
500122484	protein_coding	RPAP2	ENSG00000122484	1	1	1	1	1111	4
500122490	protein_coding	PQLC1	ENSG00000122490	1	1	0	1	1101	3
500122547	protein_coding	EEPD1	ENSG00000122547	1	1	1	1	1111	4
500122574	protein_coding	WIPF3	ENSG00000122574	1	1	1	1	1111	4
500122861	protein_coding	PLAU	ENSG00000122861	1	1	1	1	1111	4
500122877	protein_coding	EGR2	ENSG00000122877	1	1	1	0	1110	3
500122970	protein_coding	IFT81	ENSG00000122970	1	1	1	1	1111	4
500122971	protein_coding	ACADS	ENSG00000122971	1	1	1	1	1111	4
500123066	protein_coding	MED13L	ENSG00000123066	1	1	1	1	1111	4
500123104	protein_coding	ITPR2	ENSG00000123104	1	1	1	0	1110	3
500123106	protein_coding	CCDC91	ENSG00000123106	1	1	1	0	1110	3
500123178	protein_coding	SPRYD7	ENSG00000123178	1	1	1	1	1111	4
500123191	protein_coding	ATP7B	ENSG00000123191	1	1	1	1	1111	4
500123201	protein_coding	GUCY1B2	ENSG00000123201	1	0	0	0	1000	1
500123405	protein_coding	NFE2	ENSG00000123405	1	1	1	1	1111	4
500123411	protein_coding	IKZF4	ENSG00000123411	1	1	1	1	1111	4
500123636	protein_coding	BAZ2B	ENSG00000123636	1	1	1	1	1111	4
500123643	protein_coding	SLC36A1	ENSG00000123643	1	1	1	1	1111	4
500123838	protein_coding	C4BPA	ENSG00000123838	1	1	1	1	1111	4
500123843	protein_coding	C4BPB	ENSG00000123843	1	1	1	1	1111	4
500124126	protein_coding	PREX1	ENSG00000124126	1	1	1	1	1111	4
500124134	protein_coding	KCNS1	ENSG00000124134	1	1	1	1	1111	4
500124140	protein_coding	SLC12A5	ENSG00000124140	1	1	1	1	1111	4
500124194	protein_coding	GDAP1L1	ENSG00000124194	1	1	1	1	1111	4
500124203	protein_coding	ZNF831	ENSG00000124203	1	1	1	0	1110	3
500124216	protein_coding	SNAI1	ENSG00000124216	1	1	1	1	1111	4
500124374	protein_coding	PAIP2B	ENSG00000124374	1	1	1	1	1111	4
500124399	protein_coding	RP11-663P9.2	ENSG00000124399	1	0	0	0	1000	1
500124479	protein_coding	NDP	ENSG00000124479	1	1	1	1	1111	4
500124508	protein_coding	BTN2A2	ENSG00000124508	1	1	1	1	1111	4
500124529	protein_coding	HIST1H4B	ENSG00000124529	1	0	0	0	1000	1
500124564	protein_coding	SLC17A3	ENSG00000124564	1	1	1	1	1111	4
500124568	protein_coding	SLC17A1	ENSG00000124568	1	1	1	1	1111	4
500124575	protein_coding	HIST1H1D	ENSG00000124575	1	1	1	0	1110	3
500124610	protein_coding	HIST1H1A	ENSG00000124610	1	1	1	0	1110	3
500124613	protein_coding	ZNF391	ENSG00000124613	1	1	1	1	1111	4
500124635	protein_coding	HIST1H2BJ	ENSG00000124635	1	1	1	0	1110	3
500124693	protein_coding	HIST1H3B	ENSG00000124693	1	0	0	0	1000	1
500124721	protein_coding	DNAH8	ENSG00000124721	1	1	1	1	1111	4
500124772	protein_coding	CPNE5	ENSG00000124772	1	1	1	1	1111	4
500124789	protein_coding	NUP153	ENSG00000124789	1	1	1	1	1111	4
500124831	protein_coding	LRRFIP1	ENSG00000124831	1	1	1	1	1111	4
500124920	protein_coding	MYRF	ENSG00000124920	1	1	1	1	1111	4
500125122	protein_coding	LRRC29	ENSG00000125122	1	1	1	1	1111	4
500125245	protein_coding	GPR18	ENSG00000125245	1	1	1	0	1110	3
500125347	protein_coding	IRF1	ENSG00000125347	1	1	1	1	1111	4
500125505	protein_coding	MBOAT7	ENSG00000125505	1	1	1	1	1111	4
500125531	protein_coding	C20orf195	ENSG00000125531	1	0	0	1	1001	2
500125538	protein_coding	IL1B	ENSG00000125538	1	1	1	1	1111	4
500125618	protein_coding	PAX8	ENSG00000125618	1	1	1	1	1111	4
500125633	protein_coding	CCDC93	ENSG00000125633	1	1	1	1	1111	4
500125703	protein_coding	ATG4C	ENSG00000125703	1	1	1	1	1111	4
500125730	protein_coding	C3	ENSG00000125730	1	1	1	1	1111	4
500125731	protein_coding	SH2D3A	ENSG00000125731	1	1	1	1	1111	4
500125735	protein_coding	TNFSF14	ENSG00000125735	1	1	1	0	1110	3
500125753	protein_coding	VASP	ENSG00000125753	1	1	1	1	1111	4
500125780	protein_coding	TGM3	ENSG00000125780	1	1	0	1	1101	3
500125798	protein_coding	FOXA2	ENSG00000125798	1	1	1	1	1111	4
500125810	protein_coding	CD93	ENSG00000125810	1	1	1	1	1111	4
500125848	protein_coding	FLRT3	ENSG00000125848	1	1	1	0	1110	3
500125851	protein_coding	PCSK2	ENSG00000125851	1	1	1	1	1111	4
500125885	protein_coding	MCM8	ENSG00000125885	1	1	1	1	1111	4
500125898	protein_coding	FAM110A	ENSG00000125898	1	1	1	1	1111	4
500125900	protein_coding	SIRPD	ENSG00000125900	1	1	0	0	1100	2
500125952	protein_coding	MAX	ENSG00000125952	1	1	1	1	1111	4
500125966	protein_coding	MMP24	ENSG00000125966	1	1	1	1	1111	4
500126003	protein_coding	PLAGL2	ENSG00000126003	1	1	1	0	1110	3
500126217	protein_coding	MCF2L	ENSG00000126217	1	0	1	0	1010	2
500126218	protein_coding	F10	ENSG00000126218	1	1	1	1	1111	4
500126500	protein_coding	FLRT1	ENSG00000126500	1	1	1	0	1110	3
500126778	protein_coding	SIX1	ENSG00000126778	1	1	1	0	1110	3
500126803	protein_coding	HSPA2	ENSG00000126803	1	1	0	0	1100	2
500126804	protein_coding	ZBTB1	ENSG00000126804	1	1	1	1	1111	4
500127080	protein_coding	IPPK	ENSG00000127080	1	1	1	1	1111	4
500127152	protein_coding	BCL11B	ENSG00000127152	1	1	1	0	1110	3
500127241	protein_coding	MASP1	ENSG00000127241	1	1	1	1	1111	4
500127325	protein_coding	BEST3	ENSG00000127325	1	1	1	1	1111	4
500127328	protein_coding	RAB3IP	ENSG00000127328	1	1	1	1	1111	4
500127337	protein_coding	YEATS4	ENSG00000127337	1	1	1	1	1111	4
500127527	protein_coding	EPS15L1	ENSG00000127527	1	1	1	1	1111	4
500127914	protein_coding	AKAP9	ENSG00000127914	1	1	1	1	1111	4
500127928	protein_coding	GNGT1	ENSG00000127928	1	1	1	0	1110	3
500127948	protein_coding	POR	ENSG00000127948	1	1	1	1	1111	4
500127989	protein_coding	MTERF	ENSG00000127989	1	0	0	1	1001	2
500128045	protein_coding	RASL11B	ENSG00000128045	1	1	1	1	1111	4
500128203	protein_coding	ASPHD2	ENSG00000128203	1	1	1	0	1110	3
500128253	protein_coding	RFPL2	ENSG00000128253	1	1	0	1	1101	3
500128285	protein_coding	MCHR1	ENSG00000128285	1	1	1	1	1111	4
500128340	protein_coding	RAC2	ENSG00000128340	1	1	1	1	1111	4
500128487	protein_coding	SPECC1	ENSG00000128487	1	1	1	1	1111	4
500128512	protein_coding	DOCK4	ENSG00000128512	1	1	1	1	1111	4
500128594	protein_coding	LRRC4	ENSG00000128594	1	1	1	0	1110	3
500128596	protein_coding	CCDC136	ENSG00000128596	1	1	1	1	1111	4
500128604	protein_coding	IRF5	ENSG00000128604	1	1	1	1	1111	4
500128645	protein_coding	HOXD1	ENSG00000128645	1	1	1	1	1111	4
500128652	protein_coding	HOXD3	ENSG00000128652	1	1	1	0	1110	3
500128655	protein_coding	PDE11A	ENSG00000128655	1	1	0	1	1101	3
500128683	protein_coding	GAD1	ENSG00000128683	1	1	1	1	1111	4
500128731	protein_coding	HERC2	ENSG00000128731	1	0	1	1	1011	3
500128739	protein_coding	SNRPN	ENSG00000128739	1	1	1	1	1111	4
500128815	protein_coding	WDFY4	ENSG00000128815	1	1	1	0	1110	3
500128872	protein_coding	TMOD2	ENSG00000128872	1	1	1	1	1111	4
500128886	protein_coding	ELL3	ENSG00000128886	1	1	1	1	1111	4
500128918	protein_coding	ALDH1A2	ENSG00000128918	1	1	1	1	1111	4
500129003	protein_coding	VPS13C	ENSG00000129003	1	1	1	1	1111	4
500129226	protein_coding	CD68	ENSG00000129226	1	1	1	0	1110	3
500129295	protein_coding	LRRC6	ENSG00000129295	1	1	1	1	1111	4
500129353	protein_coding	SLC44A2	ENSG00000129353	1	1	1	1	1111	4
500129355	protein_coding	CDKN2D	ENSG00000129355	1	1	1	0	1110	3
500129422	protein_coding	MTUS1	ENSG00000129422	1	1	1	1	1111	4
500129474	protein_coding	AJUBA	ENSG00000129474	1	1	1	1	1111	4
500129484	protein_coding	PARP2	ENSG00000129484	1	1	1	1	1111	4
500129990	protein_coding	SYT5	ENSG00000129990	1	1	1	1	1111	4
500130038	protein_coding	EFCAB4B	ENSG00000130038	1	0	0	1	1001	2
500130203	protein_coding	APOE	ENSG00000130203	1	1	1	1	1111	4
500130208	protein_coding	APOC1	ENSG00000130208	1	1	0	1	1101	3
500130227	protein_coding	XPO7	ENSG00000130227	1	1	1	1	1111	4
500130254	protein_coding	SAFB2	ENSG00000130254	1	1	1	0	1110	3
500130287	protein_coding	NCAN	ENSG00000130287	1	1	1	1	1111	4
500130413	protein_coding	STK33	ENSG00000130413	1	1	1	1	1111	4
500130477	protein_coding	UNC13A	ENSG00000130477	1	1	1	1	1111	4
500130540	protein_coding	SULT4A1	ENSG00000130540	1	1	1	1	1111	4
500130584	protein_coding	ZBTB46	ENSG00000130584	1	1	1	1	1111	4
500130592	protein_coding	LSP1	ENSG00000130592	1	1	1	1	1111	4
500130695	protein_coding	CEP85	ENSG00000130695	1	1	1	1	1111	4
500130734	protein_coding	ATG4D	ENSG00000130734	1	1	1	1	1111	4
500130749	protein_coding	ZC3H4	ENSG00000130749	1	1	1	1	1111	4
500130755	protein_coding	GMFG	ENSG00000130755	1	1	1	0	1110	3
500130775	protein_coding	THEMIS2	ENSG00000130775	1	1	1	1	1111	4
500130829	protein_coding	DUSP9	ENSG00000130829	1	0	1	1	1011	3
500130830	protein_coding	MPP1	ENSG00000130830	1	1	1	1	1111	4
500130876	protein_coding	SLC7A10	ENSG00000130876	1	1	1	1	1111	4
500131018	protein_coding	SYNE1	ENSG00000131018	1	1	1	1	1111	4
500131051	protein_coding	RBM39	ENSG00000131051	1	0	1	1	1011	3
500131067	protein_coding	GGT7	ENSG00000131067	1	1	1	1	1111	4
500131094	protein_coding	C1QL1	ENSG00000131094	1	1	1	1	1111	4
500131095	protein_coding	GFAP	ENSG00000131095	1	1	1	1	1111	4
500131149	protein_coding	GSE1	ENSG00000131149	1	1	1	1	1111	4
500131187	protein_coding	F12	ENSG00000131187	1	1	1	1	1111	4
500131188	protein_coding	PRR7	ENSG00000131188	1	1	1	1	1111	4
500131323	protein_coding	TRAF3	ENSG00000131323	1	1	1	1	1111	4
500131355	protein_coding	EMR3	ENSG00000131355	1	0	0	1	1001	2
500131370	protein_coding	SH3BP5	ENSG00000131370	1	1	1	1	1111	4
500131389	protein_coding	SLC6A6	ENSG00000131389	1	1	1	1	1111	4
500131409	protein_coding	LRRC4B	ENSG00000131409	1	1	1	1	1111	4
500131503	protein_coding	ANKHD1	ENSG00000131503	1	0	0	1	1001	2
500131591	protein_coding	C1orf159	ENSG00000131591	1	0	0	1	1001	2
500131669	protein_coding	NINJ1	ENSG00000131669	1	1	1	0	1110	3
500131697	protein_coding	NPHP4	ENSG00000131697	1	1	1	1	1111	4
500131711	protein_coding	MAP1B	ENSG00000131711	1	1	1	1	1111	4
500131773	protein_coding	KHDRBS3	ENSG00000131773	1	1	1	1	1111	4
500131944	protein_coding	C19orf40	ENSG00000131944	1	0	0	0	1000	1
500131951	protein_coding	LRRC9	ENSG00000131951	1	1	1	1	1111	4
500131979	protein_coding	GCH1	ENSG00000131979	1	1	1	0	1110	3
500131981	protein_coding	LGALS3	ENSG00000131981	1	1	1	1	1111	4
500132003	protein_coding	ZSWIM4	ENSG00000132003	1	1	1	1	1111	4
500132155	protein_coding	RAF1	ENSG00000132155	1	1	1	1	1111	4
500132164	protein_coding	SLC6A11	ENSG00000132164	1	1	1	1	1111	4
500132205	protein_coding	EMILIN2	ENSG00000132205	1	1	1	1	1111	4
500132274	protein_coding	TRIM22	ENSG00000132274	1	1	1	0	1110	3
500132334	protein_coding	PTPRE	ENSG00000132334	1	1	1	1	1111	4
500132359	protein_coding	RAP1GAP2	ENSG00000132359	1	1	1	1	1111	4
500132405	protein_coding	TBC1D14	ENSG00000132405	1	1	1	1	1111	4
500132436	protein_coding	FIGNL1	ENSG00000132436	1	0	1	0	1010	2
500132535	protein_coding	DLG4	ENSG00000132535	1	1	1	1	1111	4
500132549	protein_coding	VPS13B	ENSG00000132549	1	1	1	1	1111	4
500132563	protein_coding	REEP2	ENSG00000132563	1	1	1	1	1111	4
500132693	protein_coding	CRP	ENSG00000132693	1	1	1	1	1111	4
500132694	protein_coding	ARHGEF11	ENSG00000132694	1	1	1	1	1111	4
500132704	protein_coding	FCRL2	ENSG00000132704	1	0	1	0	1010	2
500132718	protein_coding	SYT11	ENSG00000132718	1	1	1	0	1110	3
500132740	protein_coding	IGHMBP2	ENSG00000132740	1	1	1	1	1111	4
500132780	protein_coding	NASP	ENSG00000132780	1	1	1	1	1111	4
500132819	protein_coding	RBM38	ENSG00000132819	1	1	1	1	1111	4
500132832	lncRNA	ENSG00000132832.5	ENSG00000132832.5	1	1	1	0	1110	3
500132906	protein_coding	CASP9	ENSG00000132906	1	1	1	1	1111	4
500132938	protein_coding	MTUS2	ENSG00000132938	1	1	1	1	1111	4
500132965	protein_coding	ALOX5AP	ENSG00000132965	1	1	1	1	1111	4
500132975	protein_coding	GPR12	ENSG00000132975	1	1	1	1	1111	4
500133019	protein_coding	CHRM3	ENSG00000133019	1	1	1	1	1111	4
500133069	protein_coding	TMCC2	ENSG00000133069	1	1	1	1	1111	4
500133083	protein_coding	DCLK1	ENSG00000133083	1	1	1	1	1111	4
500133121	protein_coding	STARD13	ENSG00000133121	1	1	1	1	1111	4
500133424	protein_coding	LARGE	ENSG00000133424	1	0	0	1	1001	2
500133561	protein_coding	GIMAP6	ENSG00000133561	1	1	1	1	1111	4
500133574	protein_coding	GIMAP4	ENSG00000133574	1	1	1	0	1110	3
500133742	protein_coding	CA1	ENSG00000133742	1	1	1	1	1111	4
500133794	protein_coding	ARNTL	ENSG00000133794	1	1	1	1	1111	4
500133805	protein_coding	AMPD3	ENSG00000133805	1	1	1	1	1111	4
500133812	protein_coding	SBF2	ENSG00000133812	1	1	1	1	1111	4
500133958	protein_coding	UNC79	ENSG00000133958	1	1	1	1	1111	4
500134042	protein_coding	MRO	ENSG00000134042	1	1	1	0	1110	3
500134107	protein_coding	BHLHE40	ENSG00000134107	1	1	1	0	1110	3
500134115	protein_coding	CNTN6	ENSG00000134115	1	1	1	1	1111	4
500134121	protein_coding	CHL1	ENSG00000134121	1	1	1	1	1111	4
500134183	protein_coding	GNAT2	ENSG00000134183	1	1	1	1	1111	4
500134198	protein_coding	TSPAN2	ENSG00000134198	1	1	1	0	1110	3
500134215	protein_coding	VAV3	ENSG00000134215	1	1	1	1	1111	4
500134222	protein_coding	PSRC1	ENSG00000134222	1	1	1	1	1111	4
500134242	protein_coding	PTPN22	ENSG00000134242	1	1	1	1	1111	4
500134243	protein_coding	SORT1	ENSG00000134243	1	1	1	1	1111	4
500134250	protein_coding	NOTCH2	ENSG00000134250	1	1	1	1	1111	4
500134343	protein_coding	ANO3	ENSG00000134343	1	1	1	1	1111	4
500134365	protein_coding	CFHR4	ENSG00000134365	1	1	0	0	1100	2
500134371	protein_coding	CDC73	ENSG00000134371	1	1	1	1	1111	4
500134376	protein_coding	CRB1	ENSG00000134376	1	1	1	1	1111	4
500134389	protein_coding	CFHR5	ENSG00000134389	1	1	1	1	1111	4
500134460	protein_coding	IL2RA	ENSG00000134460	1	1	1	0	1110	3
500134516	protein_coding	DOCK2	ENSG00000134516	1	1	1	0	1110	3
500134532	protein_coding	SOX5	ENSG00000134532	1	1	1	0	1110	3
500134538	protein_coding	SLCO1B1	ENSG00000134538	1	1	0	0	1100	2
500134545	protein_coding	KLRC1	ENSG00000134545	1	1	0	1	1101	3
500134569	protein_coding	LRP4	ENSG00000134569	1	1	1	1	1111	4
500134602	protein_coding	MST4	ENSG00000134602	1	0	0	1	1001	2
500134709	protein_coding	HOOK1	ENSG00000134709	1	1	1	1	1111	4
500134802	protein_coding	SLC43A3	ENSG00000134802	1	1	1	1	1111	4
500134909	protein_coding	ARHGAP32	ENSG00000134909	1	1	1	1	1111	4
500134954	protein_coding	ETS1	ENSG00000134954	1	1	1	0	1110	3
500134982	protein_coding	APC	ENSG00000134982	1	1	1	1	1111	4
500134996	protein_coding	OSTF1	ENSG00000134996	1	1	1	1	1111	4
500135049	protein_coding	AGTPBP1	ENSG00000135049	1	1	1	1	1111	4
500135063	protein_coding	FAM189A2	ENSG00000135063	1	1	1	1	1111	4
500135100	protein_coding	HNF1A	ENSG00000135100	1	1	1	1	1111	4
500135114	protein_coding	OASL	ENSG00000135114	1	1	1	0	1110	3
500135119	protein_coding	RNFT2	ENSG00000135119	1	1	1	1	1111	4
500135148	protein_coding	TRAFD1	ENSG00000135148	1	1	1	1	1111	4
500135164	protein_coding	DMTF1	ENSG00000135164	1	1	1	1	1111	4
500135205	protein_coding	CCDC146	ENSG00000135205	1	1	1	1	1111	4
500135250	protein_coding	SRPK2	ENSG00000135250	1	1	1	1	1111	4
500135298	protein_coding	BAI3	ENSG00000135298	1	0	0	1	1001	2
500135299	protein_coding	ANKRD6	ENSG00000135299	1	1	1	1	1111	4
500135362	protein_coding	PRR5L	ENSG00000135362	1	1	1	0	1110	3
500135365	protein_coding	PHF21A	ENSG00000135365	1	1	1	1	1111	4
500135423	protein_coding	GLS2	ENSG00000135423	1	1	1	1	1111	4
500135439	protein_coding	AGAP2	ENSG00000135439	1	1	1	1	1111	4
500135454	protein_coding	B4GALNT1	ENSG00000135454	1	1	1	1	1111	4
500135472	protein_coding	FAIM2	ENSG00000135472	1	1	1	1	1111	4
500135502	protein_coding	SLC26A10	ENSG00000135502	1	1	1	0	1110	3
500135541	protein_coding	AHI1	ENSG00000135541	1	1	1	1	1111	4
500135547	protein_coding	HEY2	ENSG00000135547	1	1	1	0	1110	3
500135549	protein_coding	PKIB	ENSG00000135549	1	1	1	0	1110	3
500135577	protein_coding	NMBR	ENSG00000135577	1	1	1	1	1111	4
500135605	protein_coding	TEC	ENSG00000135605	1	1	1	1	1111	4
500135636	protein_coding	DYSF	ENSG00000135636	1	1	1	1	1111	4
500135655	protein_coding	USP15	ENSG00000135655	1	1	1	1	1111	4
500135698	protein_coding	MPHOSPH6	ENSG00000135698	1	1	1	1	1111	4
500135709	protein_coding	KIAA0513	ENSG00000135709	1	1	1	1	1111	4
500135723	protein_coding	FHOD1	ENSG00000135723	1	1	1	1	1111	4
500135750	protein_coding	KCNK1	ENSG00000135750	1	1	1	0	1110	3
500135842	protein_coding	FAM129A	ENSG00000135842	1	1	0	1	1101	3
500135845	protein_coding	PIGC	ENSG00000135845	1	1	1	0	1110	3
500135899	protein_coding	SP110	ENSG00000135899	1	1	1	1	1111	4
500135929	protein_coding	CYP27A1	ENSG00000135929	1	1	1	1	1111	4
500135976	protein_coding	ANKRD36	ENSG00000135976	1	0	0	0	1000	1
500136011	protein_coding	STAB2	ENSG00000136011	1	1	1	1	1111	4
500136051	protein_coding	KIAA1033	ENSG00000136051	1	0	0	1	1001	2
500136111	protein_coding	TBC1D4	ENSG00000136111	1	1	1	1	1111	4
500136160	protein_coding	EDNRB	ENSG00000136160	1	1	1	1	1111	4
500136193	protein_coding	SCRN1	ENSG00000136193	1	1	1	0	1110	3
500136237	protein_coding	RAPGEF5	ENSG00000136237	1	1	1	1	1111	4
500136250	protein_coding	AOAH	ENSG00000136250	1	1	1	1	1111	4
500136279	protein_coding	DBNL	ENSG00000136279	1	1	0	1	1101	3
500136371	protein_coding	MTHFS	ENSG00000136371	1	1	1	1	1111	4
500136504	protein_coding	KAT7	ENSG00000136504	1	1	1	1	1111	4
500136531	protein_coding	SCN2A	ENSG00000136531	1	1	1	1	1111	4
500136560	protein_coding	TANK	ENSG00000136560	1	1	1	1	1111	4
500136573	protein_coding	BLK	ENSG00000136573	1	1	1	1	1111	4
500136603	protein_coding	SKIL	ENSG00000136603	1	1	1	1	1111	4
500136631	protein_coding	VPS45	ENSG00000136631	1	1	1	1	1111	4
500136634	protein_coding	IL10	ENSG00000136634	1	1	1	1	1111	4
500136689	protein_coding	IL1RN	ENSG00000136689	1	1	1	0	1110	3
500136717	protein_coding	BIN1	ENSG00000136717	1	1	1	1	1111	4
500136732	protein_coding	GYPC	ENSG00000136732	1	1	0	1	1101	3
500136895	protein_coding	GARNL3	ENSG00000136895	1	1	1	1	1111	4
500136932	protein_coding	C9orf156	ENSG00000136932	1	0	0	1	1001	2
500136960	protein_coding	ENPP2	ENSG00000136960	1	1	1	1	1111	4
500136999	protein_coding	NOV	ENSG00000136999	1	0	0	1	1001	2
500137073	protein_coding	UBAP2	ENSG00000137073	1	1	1	1	1111	4
500137076	protein_coding	TLN1	ENSG00000137076	1	1	1	1	1111	4
500137161	protein_coding	CNPY3	ENSG00000137161	1	1	1	1	1111	4
500137177	protein_coding	KIF13A	ENSG00000137177	1	1	1	1	1111	4
500137198	protein_coding	GMPR	ENSG00000137198	1	1	1	1	1111	4
500137259	protein_coding	HIST1H2AB	ENSG00000137259	1	0	0	0	1000	1
500137265	protein_coding	IRF4	ENSG00000137265	1	1	1	1	1111	4
500137275	protein_coding	RIPK1	ENSG00000137275	1	1	1	1	1111	4
500137310	protein_coding	TCF19	ENSG00000137310	1	1	1	1	1111	4
500137312	protein_coding	FLOT1	ENSG00000137312	1	1	1	1	1111	4
500137331	protein_coding	IER3	ENSG00000137331	1	1	1	0	1110	3
500137338	protein_coding	PGBD1	ENSG00000137338	1	1	1	1	1111	4
500137474	protein_coding	MYO7A	ENSG00000137474	1	1	1	1	1111	4
500137501	protein_coding	SYTL2	ENSG00000137501	1	1	1	1	1111	4
500137571	protein_coding	SLCO5A1	ENSG00000137571	1	1	1	1	1111	4
500137642	protein_coding	SORL1	ENSG00000137642	1	1	1	1	1111	4
500137691	protein_coding	C11orf70	ENSG00000137691	1	0	0	1	1001	2
500137727	protein_coding	ARHGAP20	ENSG00000137727	1	1	1	1	1111	4
500137747	protein_coding	TMPRSS13	ENSG00000137747	1	1	1	1	1111	4
500137760	protein_coding	ALKBH8	ENSG00000137760	1	1	1	1	1111	4
500137766	protein_coding	UNC13C	ENSG00000137766	1	1	1	1	1111	4
500137776	protein_coding	SLTM	ENSG00000137776	1	1	1	1	1111	4
500137806	protein_coding	NDUFAF1	ENSG00000137806	1	1	1	1	1111	4
500137815	protein_coding	RTF1	ENSG00000137815	1	1	1	1	1111	4
500137821	protein_coding	LRRC49	ENSG00000137821	1	1	1	1	1111	4
500137825	protein_coding	ITPKA	ENSG00000137825	1	1	1	0	1110	3
500137842	protein_coding	TMEM62	ENSG00000137842	1	1	1	1	1111	4
500137843	protein_coding	PAK6	ENSG00000137843	1	1	1	1	1111	4
500137845	protein_coding	ADAM10	ENSG00000137845	1	1	1	1	1111	4
500137872	protein_coding	SEMA6D	ENSG00000137872	1	1	1	1	1111	4
500137878	protein_coding	GCOM1	ENSG00000137878	1	0	1	0	1010	2
500137941	protein_coding	TTLL7	ENSG00000137941	1	1	1	1	1111	4
500137944	protein_coding	CCBL2	ENSG00000137944	1	0	0	1	1001	2
500138002	protein_coding	IFT172	ENSG00000138002	1	1	1	0	1110	3
500138028	protein_coding	CGREF1	ENSG00000138028	1	1	1	0	1110	3
500138074	protein_coding	SLC5A6	ENSG00000138074	1	1	1	1	1111	4
500138078	protein_coding	PREPL	ENSG00000138078	1	1	1	1	1111	4
500138083	protein_coding	SIX3	ENSG00000138083	1	1	1	1	1111	4
500138109	protein_coding	CYP2C9	ENSG00000138109	1	1	0	1	1101	3
500138115	protein_coding	CYP2C8	ENSG00000138115	1	1	0	1	1101	3
500138162	protein_coding	TACC2	ENSG00000138162	1	1	1	1	1111	4
500138185	protein_coding	ENTPD1	ENSG00000138185	1	1	1	0	1110	3
500138190	protein_coding	EXOC6	ENSG00000138190	1	1	1	1	1111	4
500138193	protein_coding	PLCE1	ENSG00000138193	1	1	1	1	1111	4
500138207	protein_coding	RBP4	ENSG00000138207	1	1	1	1	1111	4
500138294	protein_coding	MSMB	ENSG00000138294	1	1	1	0	1110	3
500138311	protein_coding	ZNF365	ENSG00000138311	1	1	1	1	1111	4
500138316	protein_coding	ADAMTS14	ENSG00000138316	1	1	1	1	1111	4
500138376	protein_coding	BARD1	ENSG00000138376	1	1	1	1	1111	4
500138378	protein_coding	STAT4	ENSG00000138378	1	1	1	1	1111	4
500138386	protein_coding	NAB1	ENSG00000138386	1	1	1	1	1111	4
500138411	protein_coding	HECW2	ENSG00000138411	1	1	1	1	1111	4
500138434	protein_coding	SSFA2	ENSG00000138434	1	0	0	1	1001	2
500138443	protein_coding	ABI2	ENSG00000138443	1	1	1	1	1111	4
500138463	protein_coding	DIRC2	ENSG00000138463	1	0	0	1	1001	2
500138621	protein_coding	PPCDC	ENSG00000138621	1	1	0	1	1101	3
500138622	protein_coding	HCN4	ENSG00000138622	1	1	1	0	1110	3
500138640	protein_coding	FAM13A	ENSG00000138640	1	1	1	1	1111	4
500138646	protein_coding	HERC5	ENSG00000138646	1	1	1	1	1111	4
500138653	protein_coding	NDST4	ENSG00000138653	1	1	1	1	1111	4
500138688	protein_coding	KIAA1109	ENSG00000138688	1	1	1	1	1111	4
500138696	protein_coding	BMPR1B	ENSG00000138696	1	1	1	1	1111	4
500138759	protein_coding	FRAS1	ENSG00000138759	1	1	1	1	1111	4
500138764	protein_coding	CCNG2	ENSG00000138764	1	1	1	1	1111	4
500138771	protein_coding	SHROOM3	ENSG00000138771	1	1	1	1	1111	4
500138772	protein_coding	ANXA3	ENSG00000138772	1	1	1	1	1111	4
500138795	protein_coding	LEF1	ENSG00000138795	1	1	1	1	1111	4
500138802	protein_coding	SEC24B	ENSG00000138802	1	1	1	1	1111	4
500138814	protein_coding	PPP3CA	ENSG00000138814	1	1	1	1	1111	4
500139083	protein_coding	ETV6	ENSG00000139083	1	1	1	1	1111	4
500139112	protein_coding	GABARAPL1	ENSG00000139112	1	1	1	0	1110	3
500139132	protein_coding	FGD4	ENSG00000139132	1	1	1	1	1111	4
500139155	protein_coding	SLCO1C1	ENSG00000139155	1	1	1	1	1111	4
500139187	protein_coding	KLRG1	ENSG00000139187	1	1	1	1	1111	4
500139192	protein_coding	TAPBPL	ENSG00000139192	1	1	1	1	1111	4
500139220	protein_coding	PPFIA2	ENSG00000139220	1	1	1	1	1111	4
500139352	protein_coding	ASCL1	ENSG00000139352	1	1	1	1	1111	4
500139364	protein_coding	TMEM132B	ENSG00000139364	1	1	1	1	1111	4
500139370	protein_coding	SLC15A4	ENSG00000139370	1	1	1	1	1111	4
500139436	protein_coding	GIT2	ENSG00000139436	1	1	1	1	1111	4
500139437	protein_coding	TCHP	ENSG00000139437	1	1	1	0	1110	3
500139597	protein_coding	N4BP2L1	ENSG00000139597	1	1	1	1	1111	4
500139618	protein_coding	BRCA2	ENSG00000139618	1	1	1	1	1111	4
500139631	protein_coding	CSAD	ENSG00000139631	1	1	1	1	1111	4
500139697	protein_coding	SBNO1	ENSG00000139697	1	1	1	1	1111	4
500139737	protein_coding	SLAIN1	ENSG00000139737	1	1	1	1	1111	4
500139793	protein_coding	MBNL2	ENSG00000139793	1	1	1	1	1111	4
500139800	protein_coding	ZIC5	ENSG00000139800	1	1	1	0	1110	3
500139874	protein_coding	SSTR1	ENSG00000139874	1	1	1	0	1110	3
500139915	protein_coding	MDGA2	ENSG00000139915	1	0	0	1	1001	2
500139971	protein_coding	C14orf37	ENSG00000139971	1	0	0	1	1001	2
500140009	protein_coding	ESR2	ENSG00000140009	1	1	1	1	1111	4
500140015	protein_coding	KCNH5	ENSG00000140015	1	1	1	1	1111	4
500140030	protein_coding	GPR65	ENSG00000140030	1	1	1	1	1111	4
500140044	protein_coding	JDP2	ENSG00000140044	1	1	1	1	1111	4
500140153	protein_coding	WDR20	ENSG00000140153	1	1	1	1	1111	4
500140280	protein_coding	LYSMD2	ENSG00000140280	1	1	0	0	1100	2
500140350	protein_coding	ANP32A	ENSG00000140350	1	1	1	1	1111	4
500140382	protein_coding	HMG20A	ENSG00000140382	1	1	1	1	1111	4
500140386	protein_coding	SCAPER	ENSG00000140386	1	1	1	1	1111	4
500140403	protein_coding	DNAJA4	ENSG00000140403	1	1	1	1	1111	4
500140450	protein_coding	ARRDC4	ENSG00000140450	1	1	1	1	1111	4
500140479	protein_coding	PCSK6	ENSG00000140479	1	1	1	1	1111	4
500140488	protein_coding	CELF6	ENSG00000140488	1	0	0	1	1001	2
500140538	protein_coding	NTRK3	ENSG00000140538	1	1	1	1	1111	4
500140548	protein_coding	ZNF710	ENSG00000140548	1	1	0	1	1101	3
500140557	protein_coding	ST8SIA2	ENSG00000140557	1	1	1	1	1111	4
500140563	protein_coding	MCTP2	ENSG00000140563	1	1	1	1	1111	4
500140575	protein_coding	IQGAP1	ENSG00000140575	1	1	1	1	1111	4
500140678	protein_coding	ITGAX	ENSG00000140678	1	1	1	1	1111	4
500140718	protein_coding	FTO	ENSG00000140718	1	1	1	1	1111	4
500140798	protein_coding	ABCC12	ENSG00000140798	1	1	1	0	1110	3
500140853	protein_coding	NLRC5	ENSG00000140853	1	1	1	1	1111	4
500140873	protein_coding	ADAMTS18	ENSG00000140873	1	1	1	1	1111	4
500140941	protein_coding	MAP1LC3B	ENSG00000140941	1	1	1	0	1110	3
500140968	protein_coding	IRF8	ENSG00000140968	1	1	1	1	1111	4
500141084	protein_coding	RANBP10	ENSG00000141084	1	1	1	1	1111	4
500141279	protein_coding	NPEPPS	ENSG00000141279	1	1	1	1	1111	4
500141293	protein_coding	SKAP1	ENSG00000141293	1	1	1	1	1111	4
500141294	protein_coding	LRRC46	ENSG00000141294	1	1	1	1	1111	4
500141295	protein_coding	SCRN2	ENSG00000141295	1	1	1	0	1110	3
500141376	protein_coding	BCAS3	ENSG00000141376	1	1	1	1	1111	4
500141404	protein_coding	GNAL	ENSG00000141404	1	1	1	1	1111	4
500141425	protein_coding	RPRD1A	ENSG00000141425	1	1	1	1	1111	4
500141431	protein_coding	ASXL3	ENSG00000141431	1	1	1	1	1111	4
500141433	protein_coding	ADCYAP1	ENSG00000141433	1	1	1	0	1110	3
500141447	protein_coding	OSBPL1A	ENSG00000141447	1	1	1	1	1111	4
500141452	protein_coding	C18orf8	ENSG00000141452	1	0	0	1	1001	2
500141458	protein_coding	NPC1	ENSG00000141458	1	1	1	1	1111	4
500141469	protein_coding	SLC14A1	ENSG00000141469	1	1	1	0	1110	3
500141665	protein_coding	FBXO15	ENSG00000141665	1	1	1	1	1111	4
500141668	protein_coding	CBLN2	ENSG00000141668	1	1	1	0	1110	3
500142149	protein_coding	HUNK	ENSG00000142149	1	1	1	0	1110	3
500142166	protein_coding	IFNAR1	ENSG00000142166	1	1	1	1	1111	4
500142224	protein_coding	IL19	ENSG00000142224	1	1	1	1	1111	4
500142494	protein_coding	SLC47A1	ENSG00000142494	1	1	1	1	1111	4
500142530	protein_coding	FAM71E1	ENSG00000142530	1	1	1	1	1111	4
500142599	protein_coding	RERE	ENSG00000142599	1	1	1	1	1111	4
500142606	protein_coding	MMEL1	ENSG00000142606	1	1	1	1	1111	4
500142611	protein_coding	PRDM16	ENSG00000142611	1	1	1	1	1111	4
500142621	protein_coding	FHAD1	ENSG00000142621	1	1	1	1	1111	4
500142875	protein_coding	PRKACB	ENSG00000142875	1	1	1	1	1111	4
500143119	protein_coding	CD53	ENSG00000143119	1	1	1	0	1110	3
500143126	protein_coding	CELSR2	ENSG00000143126	1	1	1	1	1111	4
500143153	protein_coding	ATP1B1	ENSG00000143153	1	1	1	1	1111	4
500143156	protein_coding	NME7	ENSG00000143156	1	1	1	1	1111	4
500143167	protein_coding	GPA33	ENSG00000143167	1	1	1	1	1111	4
500143171	protein_coding	RXRG	ENSG00000143171	1	1	1	1	1111	4
500143178	protein_coding	TBX19	ENSG00000143178	1	1	1	1	1111	4
500143184	protein_coding	XCL1	ENSG00000143184	1	0	0	0	1000	1
500143190	protein_coding	POU2F1	ENSG00000143190	1	1	1	1	1111	4
500143226	protein_coding	FCGR2A	ENSG00000143226	1	1	0	1	1101	3
500143278	protein_coding	F13B	ENSG00000143278	1	1	1	1	1111	4
500143324	protein_coding	XPR1	ENSG00000143324	1	1	1	1	1111	4
500143340	protein_coding	FAM163A	ENSG00000143340	1	1	1	1	1111	4
500143344	protein_coding	RGL1	ENSG00000143344	1	1	1	1	1111	4
500143382	protein_coding	ADAMTSL4	ENSG00000143382	1	1	1	1	1111	4
500143384	protein_coding	MCL1	ENSG00000143384	1	1	1	1	1111	4
500143416	protein_coding	SELENBP1	ENSG00000143416	1	1	1	1	1111	4
500143420	protein_coding	ENSA	ENSG00000143420	1	1	1	0	1110	3
500143469	protein_coding	SYT14	ENSG00000143469	1	1	1	1	1111	4
500143603	protein_coding	KCNN3	ENSG00000143603	1	1	1	1	1111	4
500143622	protein_coding	RIT1	ENSG00000143622	1	1	1	0	1110	3
500143815	protein_coding	LBR	ENSG00000143815	1	1	1	1	1111	4
500143919	protein_coding	CAMKMT	ENSG00000143919	1	1	1	1	1111	4
500143921	protein_coding	ABCG8	ENSG00000143921	1	1	1	1	1111	4
500143933	protein_coding	CALM2	ENSG00000143933	1	1	0	1	1101	3
500144035	protein_coding	NAT8	ENSG00000144035	1	1	0	1	1101	3
500144119	protein_coding	C1QL2	ENSG00000144119	1	1	1	0	1110	3
500144130	protein_coding	NT5DC4	ENSG00000144130	1	1	1	0	1110	3
500144191	protein_coding	CNGA3	ENSG00000144191	1	1	1	1	1111	4
500144218	protein_coding	AFF3	ENSG00000144218	1	1	1	1	1111	4
500144224	protein_coding	UBXN4	ENSG00000144224	1	1	1	1	1111	4
500144229	protein_coding	THSD7B	ENSG00000144229	1	1	1	1	1111	4
500144278	protein_coding	GALNT13	ENSG00000144278	1	1	1	1	1111	4
500144285	protein_coding	SCN1A	ENSG00000144285	1	1	1	1	1111	4
500144290	protein_coding	SLC4A10	ENSG00000144290	1	1	1	1	1111	4
500144331	protein_coding	ZNF385B	ENSG00000144331	1	1	1	1	1111	4
500144339	protein_coding	TMEFF2	ENSG00000144339	1	1	1	1	1111	4
500144357	protein_coding	UBR3	ENSG00000144357	1	1	1	1	1111	4
500144406	protein_coding	UNC80	ENSG00000144406	1	1	1	1	1111	4
500144445	protein_coding	KANSL1L	ENSG00000144445	1	1	1	1	1111	4
500144468	protein_coding	RHBDD1	ENSG00000144468	1	1	1	1	1111	4
500144554	protein_coding	FANCD2	ENSG00000144554	1	1	0	1	1101	3
500144596	lncRNA	ENSG00000144596.7	ENSG00000144596.7	1	1	1	1	1111	4
500144635	protein_coding	DYNC1LI1	ENSG00000144635	1	1	1	1	1111	4
500144655	protein_coding	CSRNP1	ENSG00000144655	1	1	1	1	1111	4
500144668	protein_coding	ITGA9	ENSG00000144668	1	1	1	1	1111	4
500144677	protein_coding	CTDSPL	ENSG00000144677	1	1	1	1	1111	4
500144747	protein_coding	TMF1	ENSG00000144747	1	1	1	1	1111	4
500144843	protein_coding	ADPRH	ENSG00000144843	1	1	1	1	1111	4
500144847	protein_coding	IGSF11	ENSG00000144847	1	1	1	1	1111	4
500144848	protein_coding	ATG3	ENSG00000144848	1	1	1	1	1111	4
500144868	protein_coding	TMEM108	ENSG00000144868	1	1	1	1	1111	4
500144909	protein_coding	OSBPL11	ENSG00000144909	1	1	1	1	1111	4
500145012	protein_coding	LPP	ENSG00000145012	1	1	1	1	1111	4
500145063	lncRNA	ENSG00000145063.10	ENSG00000145063.10	1	1	1	1	1111	4
500145075	protein_coding	CCDC39	ENSG00000145075	1	1	1	0	1110	3
500145088	protein_coding	EAF2	ENSG00000145088	1	1	1	1	1111	4
500145103	protein_coding	ILDR1	ENSG00000145103	1	1	1	1	1111	4
500145321	protein_coding	GC	ENSG00000145321	1	1	1	1	1111	4
500145335	protein_coding	SNCA	ENSG00000145335	1	1	1	1	1111	4
500145358	protein_coding	DDIT4L	ENSG00000145358	1	1	1	1	1111	4
500145362	protein_coding	ANK2	ENSG00000145362	1	1	1	1	1111	4
500145386	protein_coding	CCNA2	ENSG00000145386	1	1	1	1	1111	4
500145428	protein_coding	RNF175	ENSG00000145428	1	1	1	1	1111	4
500145451	protein_coding	GLRA3	ENSG00000145451	1	1	1	1	1111	4
500145491	protein_coding	ROPN1L	ENSG00000145491	1	1	1	1	1111	4
500145526	protein_coding	CDH18	ENSG00000145526	1	1	1	1	1111	4
500145536	protein_coding	ADAMTS16	ENSG00000145536	1	1	1	1	1111	4
500145703	protein_coding	IQGAP2	ENSG00000145703	1	1	1	1	1111	4
500145725	protein_coding	PPIP5K2	ENSG00000145725	1	1	1	1	1111	4
500145734	protein_coding	BDP1	ENSG00000145734	1	1	1	1	1111	4
500145794	protein_coding	MEGF10	ENSG00000145794	1	1	1	1	1111	4
500145832	protein_coding	SLC25A48	ENSG00000145832	1	1	1	1	1111	4
500145850	protein_coding	TIMD4	ENSG00000145850	1	1	1	1	1111	4
500145901	protein_coding	TNIP1	ENSG00000145901	1	1	1	1	1111	4
500145934	protein_coding	TENM2	ENSG00000145934	1	1	1	1	1111	4
500146021	protein_coding	KLHL3	ENSG00000146021	1	1	1	1	1111	4
500146039	protein_coding	SLC17A4	ENSG00000146039	1	1	1	1	1111	4
500146083	protein_coding	RNF44	ENSG00000146083	1	1	1	1	1111	4
500146112	protein_coding	PPP1R18	ENSG00000146112	1	1	1	1	1111	4
500146122	protein_coding	DAAM2	ENSG00000146122	1	1	1	1	1111	4
500146216	protein_coding	TTBK1	ENSG00000146216	1	1	1	1	1111	4
500146232	protein_coding	NFKBIE	ENSG00000146232	1	1	1	0	1110	3
500146267	protein_coding	FAXC	ENSG00000146267	1	1	1	1	1111	4
500146278	protein_coding	PNRC1	ENSG00000146278	1	1	0	0	1100	2
500146350	protein_coding	TBC1D32	ENSG00000146350	1	1	1	1	1111	4
500146477	protein_coding	SLC22A3	ENSG00000146477	1	1	1	1	1111	4
500146592	protein_coding	CREB5	ENSG00000146592	1	1	1	0	1110	3
500146856	protein_coding	AGBL3	ENSG00000146856	1	1	1	1	1111	4
500146966	protein_coding	DENND2A	ENSG00000146966	1	1	1	1	1111	4
500147324	protein_coding	MFHAS1	ENSG00000147324	1	1	1	1	1111	4
500147408	protein_coding	CSGALNACT1	ENSG00000147408	1	1	1	1	1111	4
500147421	protein_coding	HMBOX1	ENSG00000147421	1	1	1	1	1111	4
500147432	protein_coding	CHRNB3	ENSG00000147432	1	1	1	1	1111	4
500147439	protein_coding	BIN3	ENSG00000147439	1	1	1	1	1111	4
500147481	protein_coding	SNTG1	ENSG00000147481	1	1	1	1	1111	4
500147570	protein_coding	DNAJC5B	ENSG00000147570	1	1	1	1	1111	4
500147697	protein_coding	GSDMC	ENSG00000147697	1	1	1	1	1111	4
500147724	protein_coding	FAM135B	ENSG00000147724	1	1	1	1	1111	4
500147799	protein_coding	ARHGAP39	ENSG00000147799	1	1	1	1	1111	4
500147883	protein_coding	CDKN2B	ENSG00000147883	1	1	1	0	1110	3
500147889	protein_coding	CDKN2A	ENSG00000147889	1	1	0	0	1100	2
500147894	protein_coding	C9orf72	ENSG00000147894	1	0	0	1	1001	2
500148053	protein_coding	NTRK2	ENSG00000148053	1	1	1	1	1111	4
500148218	protein_coding	ALAD	ENSG00000148218	1	1	1	1	1111	4
500148219	protein_coding	ASTN2	ENSG00000148219	1	1	1	1	1111	4
500148396	protein_coding	SEC16A	ENSG00000148396	1	1	1	1	1111	4
500148400	protein_coding	NOTCH1	ENSG00000148400	1	1	1	1	1111	4
500148572	protein_coding	NRBF2	ENSG00000148572	1	1	1	0	1110	3
500148584	protein_coding	A1CF	ENSG00000148584	1	1	1	1	1111	4
500148704	protein_coding	VAX1	ENSG00000148704	1	1	1	1	1111	4
500148795	protein_coding	CYP17A1	ENSG00000148795	1	1	1	1	1111	4
500148798	protein_coding	INA	ENSG00000148798	1	1	1	0	1110	3
500148832	protein_coding	PAOX	ENSG00000148832	1	1	0	1	1101	3
500148842	protein_coding	CNNM2	ENSG00000148842	1	1	1	1	1111	4
500148926	protein_coding	ADM	ENSG00000148926	1	1	1	1	1111	4
500148943	protein_coding	LIN7C	ENSG00000148943	1	1	1	0	1110	3
500149177	protein_coding	PTPRJ	ENSG00000149177	1	1	1	1	1111	4
500149201	protein_coding	CCDC81	ENSG00000149201	1	1	1	1	1111	4
500149231	protein_coding	CCDC82	ENSG00000149231	1	1	1	1	1111	4
500149256	protein_coding	TENM4	ENSG00000149256	1	1	1	1	1111	4
500149269	protein_coding	PAK1	ENSG00000149269	1	1	1	1	1111	4
500149289	protein_coding	ZC3H12C	ENSG00000149289	1	1	1	1	1111	4
500149294	protein_coding	NCAM1	ENSG00000149294	1	1	1	1	1111	4
500149308	protein_coding	NPAT	ENSG00000149308	1	1	1	1	1111	4
500149311	protein_coding	ATM	ENSG00000149311	1	1	1	1	1111	4
500149346	protein_coding	SLX4IP	ENSG00000149346	1	1	1	1	1111	4
500149403	protein_coding	GRIK4	ENSG00000149403	1	1	1	0	1110	3
500149485	protein_coding	FADS1	ENSG00000149485	1	1	1	0	1110	3
500149488	protein_coding	TMC2	ENSG00000149488	1	1	1	1	1111	4
500149527	protein_coding	PLCH2	ENSG00000149527	1	1	1	1	1111	4
500149557	protein_coding	FEZ1	ENSG00000149557	1	1	1	1	1111	4
500149571	protein_coding	KIRREL3	ENSG00000149571	1	1	1	1	1111	4
500149633	protein_coding	KIAA1755	ENSG00000149633	1	1	1	1	1111	4
500149781	protein_coding	FERMT3	ENSG00000149781	1	1	1	1	1111	4
500149926	protein_coding	FAM57B	ENSG00000149926	1	1	0	0	1100	2
500149927	protein_coding	DOC2A	ENSG00000149927	1	1	1	1	1111	4
500149968	protein_coding	MMP3	ENSG00000149968	1	1	1	1	1111	4
500149972	protein_coding	CNTN5	ENSG00000149972	1	1	1	1	1111	4
500150045	protein_coding	KLRF1	ENSG00000150045	1	1	1	1	1111	4
500150051	protein_coding	MKX	ENSG00000150051	1	1	1	1	1111	4
500150054	protein_coding	MPP7	ENSG00000150054	1	1	1	1	1111	4
500150275	protein_coding	PCDH15	ENSG00000150275	1	1	1	1	1111	4
500150361	protein_coding	KLHL1	ENSG00000150361	1	1	1	1	1111	4
500150401	protein_coding	DCUN1D2	ENSG00000150401	1	1	1	0	1110	3
500150471	protein_coding	LPHN3	ENSG00000150471	1	0	0	1	1001	2
500150477	protein_coding	KIAA1328	ENSG00000150477	1	1	1	1	1111	4
500150636	protein_coding	CCDC102B	ENSG00000150636	1	1	1	1	1111	4
500150637	protein_coding	CD226	ENSG00000150637	1	1	1	1	1111	4
500150672	protein_coding	DLG2	ENSG00000150672	1	1	1	1	1111	4
500150756	protein_coding	FAM173B	ENSG00000150756	1	0	0	0	1000	1
500150760	protein_coding	DOCK1	ENSG00000150760	1	1	1	1	1111	4
500150782	protein_coding	IL18	ENSG00000150782	1	1	1	1	1111	4
500150783	protein_coding	TEX12	ENSG00000150783	1	0	1	1	1011	3
500150967	protein_coding	ABCB9	ENSG00000150967	1	1	1	1	1111	4
500150977	protein_coding	RILPL2	ENSG00000150977	1	1	1	1	1111	4
500150995	protein_coding	ITPR1	ENSG00000150995	1	1	1	1	1111	4
500151025	protein_coding	GPR158	ENSG00000151025	1	1	1	1	1111	4
500151067	protein_coding	CACNA1C	ENSG00000151067	1	1	1	1	1111	4
500151150	protein_coding	ANK3	ENSG00000151150	1	1	1	1	1111	4
500151151	protein_coding	IPMK	ENSG00000151151	1	1	1	1	1111	4
500151229	protein_coding	SLC2A13	ENSG00000151229	1	1	1	1	1111	4
500151276	protein_coding	MAGI1	ENSG00000151276	1	1	1	1	1111	4
500151320	protein_coding	AKAP6	ENSG00000151320	1	1	1	1	1111	4
500151327	protein_coding	FAM177A1	ENSG00000151327	1	1	1	0	1110	3
500151422	protein_coding	FER	ENSG00000151422	1	1	1	1	1111	4
500151466	protein_coding	SCLT1	ENSG00000151466	1	1	1	1	1111	4
500151490	protein_coding	PTPRO	ENSG00000151490	1	1	1	1	1111	4
500151575	protein_coding	TEX9	ENSG00000151575	1	1	1	0	1110	3
500151612	protein_coding	ZNF827	ENSG00000151612	1	1	1	1	1111	4
500151692	protein_coding	RNF144A	ENSG00000151692	1	1	1	1	1111	4
500151693	protein_coding	ASAP2	ENSG00000151693	1	1	1	1	1111	4
500151694	protein_coding	ADAM17	ENSG00000151694	1	1	1	1	1111	4
500151726	protein_coding	ACSL1	ENSG00000151726	1	1	1	1	1111	4
500151789	protein_coding	ZNF385D	ENSG00000151789	1	1	1	1	1111	4
500151914	protein_coding	DST	ENSG00000151914	1	1	1	1	1111	4
500151948	protein_coding	GLT1D1	ENSG00000151948	1	1	0	1	1101	3
500152078	protein_coding	TMEM56	ENSG00000152078	1	1	0	1	1101	3
500152154	protein_coding	TMEM178A	ENSG00000152154	1	1	1	0	1110	3
500152213	protein_coding	ARL11	ENSG00000152213	1	1	1	1	1111	4
500152217	protein_coding	SETBP1	ENSG00000152217	1	1	1	1	1111	4
500152240	protein_coding	HAUS1	ENSG00000152240	1	1	1	1	1111	4
500152253	protein_coding	SPC25	ENSG00000152253	1	1	1	1	1111	4
500152270	protein_coding	PDE3B	ENSG00000152270	1	1	1	1	1111	4
500152380	protein_coding	FAM151B	ENSG00000152380	1	1	1	0	1110	3
500152402	protein_coding	GUCY1A2	ENSG00000152402	1	1	1	1	1111	4
500152404	protein_coding	CWF19L2	ENSG00000152404	1	1	1	1	1111	4
500152413	protein_coding	HOMER1	ENSG00000152413	1	1	1	1	1111	4
500152487	lncRNA	ENSG00000152487.6	ENSG00000152487.6	1	1	1	0	1110	3
500152495	protein_coding	CAMK4	ENSG00000152495	1	1	1	1	1111	4
500152518	protein_coding	ZFP36L2	ENSG00000152518	1	1	1	1	1111	4
500152556	protein_coding	PFKM	ENSG00000152556	1	1	1	0	1110	3
500152582	protein_coding	SPEF2	ENSG00000152582	1	1	1	1	1111	4
500152689	protein_coding	RASGRP3	ENSG00000152689	1	1	1	1	1111	4
500152784	protein_coding	PRDM8	ENSG00000152784	1	1	1	1	1111	4
500152910	protein_coding	CNTNAP4	ENSG00000152910	1	1	1	1	1111	4
500152926	protein_coding	ZNF117	ENSG00000152926	1	0	0	0	1000	1
500152936	protein_coding	IFLTD1	ENSG00000152936	1	0	0	0	1000	1
500152954	protein_coding	NRSN1	ENSG00000152954	1	1	1	0	1110	3
500153015	protein_coding	CWC27	ENSG00000153015	1	1	1	1	1111	4
500153064	protein_coding	BANK1	ENSG00000153064	1	1	1	1	1111	4
500153066	protein_coding	TXNDC11	ENSG00000153066	1	1	1	1	1111	4
500153094	protein_coding	BCL2L11	ENSG00000153094	1	1	1	1	1111	4
500153140	protein_coding	CETN3	ENSG00000153140	1	1	1	1	1111	4
500153234	protein_coding	NR4A2	ENSG00000153234	1	1	1	1	1111	4
500153317	protein_coding	ASAP1	ENSG00000153317	1	1	1	1	1111	4
500153443	protein_coding	UBALD1	ENSG00000153443	1	1	1	0	1110	3
500153561	protein_coding	RMND5A	ENSG00000153561	1	1	1	1	1111	4
500153563	protein_coding	CD8A	ENSG00000153563	1	1	1	1	1111	4
500153707	protein_coding	PTPRD	ENSG00000153707	1	1	1	1	1111	4
500153767	protein_coding	GTF2E1	ENSG00000153767	1	1	1	1	1111	4
500153815	protein_coding	CMIP	ENSG00000153815	1	1	1	1	1111	4
500153930	protein_coding	ANKFN1	ENSG00000153930	1	1	1	1	1111	4
500153982	protein_coding	GDPD1	ENSG00000153982	1	1	1	1	1111	4
500154027	protein_coding	AK5	ENSG00000154027	1	1	1	1	1111	4
500154040	protein_coding	CABYR	ENSG00000154040	1	1	1	1	1111	4
500154099	protein_coding	DNAAF1	ENSG00000154099	1	1	1	1	1111	4
500154118	protein_coding	JPH3	ENSG00000154118	1	1	1	1	1111	4
500154143	protein_coding	PANX3	ENSG00000154143	1	1	0	1	1101	3
500154153	protein_coding	FAM134B	ENSG00000154153	1	0	0	0	1000	1
500154240	protein_coding	CEP112	ENSG00000154240	1	1	1	1	1111	4
500154277	protein_coding	UCHL1	ENSG00000154277	1	1	1	1	1111	4
500154316	protein_coding	TDH	ENSG00000154316	1	0	0	0	1000	1
500154479	protein_coding	CCDC173	ENSG00000154479	1	1	1	0	1110	3
500154511	protein_coding	FAM69A	ENSG00000154511	1	0	0	1	1001	2
500154654	protein_coding	NCAM2	ENSG00000154654	1	1	1	1	1111	4
500154678	protein_coding	PDE1C	ENSG00000154678	1	1	1	1	1111	4
500154743	protein_coding	TSEN2	ENSG00000154743	1	1	1	0	1110	3
500154822	protein_coding	PLCL2	ENSG00000154822	1	1	1	1	1111	4
500154898	protein_coding	CCDC144CP	ENSG00000154898	1	0	0	0	1000	1
500154917	protein_coding	RAB6B	ENSG00000154917	1	1	1	1	1111	4
500155052	protein_coding	CNTNAP5	ENSG00000155052	1	1	1	1	1111	4
500155085	protein_coding	AK9	ENSG00000155085	1	1	1	1	1111	4
500155093	protein_coding	PTPRN2	ENSG00000155093	1	0	1	1	1011	3
500155097	protein_coding	ATP6V1C1	ENSG00000155097	1	1	1	1	1111	4
500155511	protein_coding	GRIA1	ENSG00000155511	1	1	1	1	1111	4
500155530	protein_coding	LRGUK	ENSG00000155530	1	1	1	1	1111	4
500155629	protein_coding	PIK3AP1	ENSG00000155629	1	1	1	1	1111	4
500155729	protein_coding	KCTD18	ENSG00000155729	1	1	1	1	1111	4
500155761	protein_coding	SPAG17	ENSG00000155761	1	1	1	1	1111	4
500155816	protein_coding	FMN2	ENSG00000155816	1	0	1	0	1010	2
500155827	protein_coding	RNF20	ENSG00000155827	1	1	1	1	1111	4
500155849	protein_coding	ELMO1	ENSG00000155849	1	1	1	1	1111	4
500155868	protein_coding	MED7	ENSG00000155868	1	1	1	1	1111	4
500155886	protein_coding	SLC24A2	ENSG00000155886	1	1	1	1	1111	4
500155893	protein_coding	ACPL2	ENSG00000155893	1	0	0	1	1001	2
500155926	protein_coding	SLA	ENSG00000155926	1	1	1	1	1111	4
500155970	protein_coding	MICU3	ENSG00000155970	1	1	1	1	1111	4
500155974	protein_coding	GRIP1	ENSG00000155974	1	1	1	1	1111	4
500155980	protein_coding	KIF5A	ENSG00000155980	1	1	1	1	1111	4
500156006	protein_coding	NAT2	ENSG00000156006	1	1	1	0	1110	3
500156011	protein_coding	PSD3	ENSG00000156011	1	1	1	0	1110	3
500156052	protein_coding	GNAQ	ENSG00000156052	1	1	1	1	1111	4
500156097	protein_coding	GPR61	ENSG00000156097	1	1	1	0	1110	3
500156113	protein_coding	KCNMA1	ENSG00000156113	1	1	1	1	1111	4
500156127	protein_coding	BATF	ENSG00000156127	1	1	1	0	1110	3
500156171	protein_coding	DRAM2	ENSG00000156171	1	1	0	1	1101	3
500156273	protein_coding	BACH1	ENSG00000156273	1	1	1	1	1111	4
500156299	protein_coding	TIAM1	ENSG00000156299	1	1	1	1	1111	4
500156384	protein_coding	SFR1	ENSG00000156384	1	1	1	1	1111	4
500156413	protein_coding	FUT6	ENSG00000156413	1	0	0	0	1000	1
500156414	protein_coding	TDRD9	ENSG00000156414	1	1	1	1	1111	4
500156475	protein_coding	PPP2R2B	ENSG00000156475	1	1	1	1	1111	4
500156510	protein_coding	HKDC1	ENSG00000156510	1	1	1	1	1111	4
500156515	protein_coding	HK1	ENSG00000156515	1	1	1	1	1111	4
500156689	protein_coding	GLYATL2	ENSG00000156689	1	1	0	1	1101	3
500156860	protein_coding	FBRS	ENSG00000156860	1	1	1	1	1111	4
500156875	protein_coding	HIAT1	ENSG00000156875	1	0	0	0	1000	1
500156958	protein_coding	GALK2	ENSG00000156958	1	1	1	1	1111	4
500156966	protein_coding	B3GNT7	ENSG00000156966	1	1	1	1	1111	4
500156970	protein_coding	BUB1B	ENSG00000156970	1	1	1	1	1111	4
500156976	protein_coding	EIF4A2	ENSG00000156976	1	1	1	1	1111	4
500157064	protein_coding	NMNAT2	ENSG00000157064	1	1	1	1	1111	4
500157087	protein_coding	ATP2B2	ENSG00000157087	1	1	1	1	1111	4
500157106	protein_coding	SMG1	ENSG00000157106	1	1	1	1	1111	4
500157152	lncRNA	ENSG00000157152.12	ENSG00000157152.12	1	1	1	1	1111	4
500157168	protein_coding	NRG1	ENSG00000157168	1	1	1	1	1111	4
500157214	protein_coding	STEAP2	ENSG00000157214	1	1	1	1	1111	4
500157388	protein_coding	CACNA1D	ENSG00000157388	1	1	1	1	1111	4
500157445	protein_coding	CACNA2D3	ENSG00000157445	1	1	1	1	1111	4
500157470	protein_coding	FAM81A	ENSG00000157470	1	1	1	0	1110	3
500157540	protein_coding	DYRK1A	ENSG00000157540	1	1	1	1	1111	4
500157601	protein_coding	MX1	ENSG00000157601	1	1	1	0	1110	3
500157680	protein_coding	DGKI	ENSG00000157680	1	1	1	1	1111	4
500157741	protein_coding	UBN2	ENSG00000157741	1	1	1	1	1111	4
500157796	protein_coding	WDR19	ENSG00000157796	1	1	1	1	1111	4
500157827	protein_coding	FMNL2	ENSG00000157827	1	1	1	1	1111	4
500157851	protein_coding	DPYSL5	ENSG00000157851	1	1	1	1	1111	4
500157856	protein_coding	DRC1	ENSG00000157856	1	1	0	1	1101	3
500157873	protein_coding	TNFRSF14	ENSG00000157873	1	1	1	1	1111	4
500157890	protein_coding	MEGF11	ENSG00000157890	1	1	1	1	1111	4
500157927	protein_coding	RADIL	ENSG00000157927	1	1	1	1	1111	4
500157933	protein_coding	SKI	ENSG00000157933	1	1	1	1	1111	4
500157985	protein_coding	AGAP1	ENSG00000157985	1	1	1	1	1111	4
500157992	protein_coding	KRTCAP3	ENSG00000157992	1	1	1	1	1111	4
500158158	protein_coding	CNNM4	ENSG00000158158	1	1	1	1	1111	4
500158169	protein_coding	FANCC	ENSG00000158169	1	1	1	0	1110	3
500158201	protein_coding	ABHD3	ENSG00000158201	1	1	1	1	1111	4
500158258	protein_coding	CLSTN2	ENSG00000158258	1	1	1	1	1111	4
500158315	protein_coding	RHBDL2	ENSG00000158315	1	1	1	1	1111	4
500158373	protein_coding	HIST1H2BD	ENSG00000158373	1	1	1	0	1110	3
500158406	protein_coding	HIST1H4H	ENSG00000158406	1	0	0	0	1000	1
500158417	protein_coding	EIF5B	ENSG00000158417	1	1	1	0	1110	3
500158445	protein_coding	KCNB1	ENSG00000158445	1	1	1	1	1111	4
500158473	protein_coding	CD1D	ENSG00000158473	1	1	1	1	1111	4
500158477	protein_coding	CD1A	ENSG00000158477	1	1	1	1	1111	4
500158480	protein_coding	SPATA2	ENSG00000158480	1	1	1	0	1110	3
500158486	protein_coding	DNAH3	ENSG00000158486	1	1	1	0	1110	3
500158714	protein_coding	SLAMF8	ENSG00000158714	1	1	1	1	1111	4
500158715	protein_coding	SLC45A3	ENSG00000158715	1	1	1	0	1110	3
500158773	protein_coding	USF1	ENSG00000158773	1	1	1	1	1111	4
500158805	protein_coding	ZNF276	ENSG00000158805	1	1	1	1	1111	4
500158806	protein_coding	NPM2	ENSG00000158806	1	1	0	1	1101	3
500158865	protein_coding	SLC5A11	ENSG00000158865	1	1	1	1	1111	4
500158869	protein_coding	FCER1G	ENSG00000158869	1	1	1	1	1111	4
500158887	protein_coding	MPZ	ENSG00000158887	1	1	1	1	1111	4
500158985	protein_coding	CDC42SE2	ENSG00000158985	1	1	1	0	1110	3
500158987	protein_coding	RAPGEF6	ENSG00000158987	1	0	0	1	1001	2
500159023	protein_coding	EPB41	ENSG00000159023	1	1	1	1	1111	4
500159128	protein_coding	IFNGR2	ENSG00000159128	1	1	1	1	1111	4
500159140	protein_coding	SON	ENSG00000159140	1	1	1	0	1110	3
500159166	protein_coding	LAD1	ENSG00000159166	1	1	1	1	1111	4
500159261	protein_coding	CLDN14	ENSG00000159261	1	1	1	1	1111	4
500159339	protein_coding	PADI4	ENSG00000159339	1	1	1	0	1110	3
500159495	protein_coding	TGM7	ENSG00000159495	1	1	1	1	1111	4
500159556	protein_coding	ISL2	ENSG00000159556	1	1	1	1	1111	4
500159720	protein_coding	ATP6V0D1	ENSG00000159720	1	1	1	1	1111	4
500159753	protein_coding	RLTPR	ENSG00000159753	1	0	0	1	1001	2
500159917	protein_coding	ZNF235	ENSG00000159917	1	1	1	0	1110	3
500160007	protein_coding	ARHGAP35	ENSG00000160007	1	1	1	1	1111	4
500160013	protein_coding	PTGIR	ENSG00000160013	1	1	1	1	1111	4
500160145	protein_coding	KALRN	ENSG00000160145	1	1	1	1	1111	4
500160161	protein_coding	CILP2	ENSG00000160161	1	1	1	1	1111	4
500160179	protein_coding	ABCG1	ENSG00000160179	1	1	1	1	1111	4
500160185	protein_coding	UBASH3A	ENSG00000160185	1	1	1	1	1111	4
500160191	protein_coding	PDE9A	ENSG00000160191	1	1	1	0	1110	3
500160200	protein_coding	CBS	ENSG00000160200	1	0	0	1	1001	2
500160219	protein_coding	GAB3	ENSG00000160219	1	1	1	1	1111	4
500160223	protein_coding	ICOSLG	ENSG00000160223	1	0	0	1	1001	2
500160271	protein_coding	RALGDS	ENSG00000160271	1	1	0	1	1101	3
500160323	protein_coding	ADAMTS13	ENSG00000160323	1	1	1	1	1111	4
500160410	protein_coding	SHKBP1	ENSG00000160410	1	1	1	1	1111	4
500160469	protein_coding	BRSK1	ENSG00000160469	1	1	1	1	1111	4
500160584	protein_coding	SIK3	ENSG00000160584	1	1	1	1	1111	4
500160593	protein_coding	AMICA1	ENSG00000160593	1	0	0	0	1000	1
500160633	protein_coding	SAFB	ENSG00000160633	1	1	1	1	1111	4
500160654	protein_coding	CD3G	ENSG00000160654	1	1	1	0	1110	3
500160683	protein_coding	CXCR5	ENSG00000160683	1	1	1	1	1111	4
500160712	protein_coding	IL6R	ENSG00000160712	1	1	1	1	1111	4
500160716	protein_coding	CHRNB2	ENSG00000160716	1	1	1	1	1111	4
500160796	protein_coding	NBEAL2	ENSG00000160796	1	1	1	1	1111	4
500160856	protein_coding	FCRL3	ENSG00000160856	1	1	1	1	1111	4
500160867	protein_coding	FGFR4	ENSG00000160867	1	1	0	1	1101	3
500160868	protein_coding	CYP3A4	ENSG00000160868	1	1	1	1	1111	4
500160870	protein_coding	CYP3A7	ENSG00000160870	1	1	0	0	1100	2
500160883	protein_coding	HK3	ENSG00000160883	1	1	1	1	1111	4
500160908	protein_coding	ZNF394	ENSG00000160908	1	1	1	1	1111	4
500161040	protein_coding	FBXL13	ENSG00000161040	1	1	1	1	1111	4
500161082	protein_coding	CELF5	ENSG00000161082	1	1	0	0	1100	2
500161217	protein_coding	PCYT1A	ENSG00000161217	1	1	1	1	1111	4
500161267	protein_coding	BDH1	ENSG00000161267	1	1	1	1	1111	4
500161405	protein_coding	IKZF3	ENSG00000161405	1	1	1	1	1111	4
500161509	protein_coding	GRIN2C	ENSG00000161509	1	1	1	1	1111	4
500161547	protein_coding	SRSF2	ENSG00000161547	1	1	1	0	1110	3
500161551	protein_coding	ZNF577	ENSG00000161551	1	1	1	1	1111	4
500161692	protein_coding	DBF4B	ENSG00000161692	1	1	1	1	1111	4
500161847	protein_coding	RAVER1	ENSG00000161847	1	1	1	1	1111	4
500161860	protein_coding	SYCE2	ENSG00000161860	1	1	0	1	1101	3
500161896	protein_coding	IP6K3	ENSG00000161896	1	1	1	0	1110	3
500161912	protein_coding	ADCY10P1	ENSG00000161912	1	0	0	0	1000	1
500161955	protein_coding	TNFSF13	ENSG00000161955	1	1	1	1	1111	4
500162105	protein_coding	SHANK2	ENSG00000162105	1	1	1	1	1111	4
500162302	protein_coding	RPS6KA4	ENSG00000162302	1	1	1	1	1111	4
500162367	protein_coding	TAL1	ENSG00000162367	1	1	0	0	1100	2
500162374	protein_coding	ELAVL4	ENSG00000162374	1	1	1	1	1111	4
500162385	protein_coding	MAGOH	ENSG00000162385	1	1	1	0	1110	3
500162415	protein_coding	ZSWIM5	ENSG00000162415	1	1	1	1	1111	4
500162434	protein_coding	JAK1	ENSG00000162434	1	1	1	1	1111	4
500162444	protein_coding	RBP7	ENSG00000162444	1	1	0	1	1101	3
500162543	protein_coding	UBXN10	ENSG00000162543	1	1	1	1	1111	4
500162551	protein_coding	ALPL	ENSG00000162551	1	1	1	1	1111	4
500162594	protein_coding	IL23R	ENSG00000162594	1	1	1	1	1111	4
500162599	protein_coding	NFIA	ENSG00000162599	1	1	1	1	1111	4
500162607	protein_coding	USP1	ENSG00000162607	1	1	1	1	1111	4
500162643	protein_coding	WDR63	ENSG00000162643	1	1	1	1	1111	4
500162676	protein_coding	GFI1	ENSG00000162676	1	1	1	1	1111	4
500162685	protein_coding	LSP1P3	ENSG00000162685	1	0	0	0	1000	1
500162687	protein_coding	KCNT2	ENSG00000162687	1	1	1	1	1111	4
500162704	protein_coding	ARPC5	ENSG00000162704	1	1	0	0	1100	2
500162706	protein_coding	CADM3	ENSG00000162706	1	1	1	1	1111	4
500162711	protein_coding	NLRP3	ENSG00000162711	1	1	1	1	1111	4
500162722	protein_coding	TRIM58	ENSG00000162722	1	1	1	1	1111	4
500162739	protein_coding	SLAMF6	ENSG00000162739	1	1	1	0	1110	3
500162777	protein_coding	DENND2D	ENSG00000162777	1	1	1	0	1110	3
500162779	protein_coding	AXDND1	ENSG00000162779	1	1	1	1	1111	4
500162869	protein_coding	PPP1R21	ENSG00000162869	1	1	1	1	1111	4
500162873	protein_coding	KLHDC8A	ENSG00000162873	1	1	1	0	1110	3
500162923	protein_coding	WDR26	ENSG00000162923	1	1	1	1	1111	4
500162924	protein_coding	REL	ENSG00000162924	1	1	1	1	1111	4
500162931	protein_coding	TRIM17	ENSG00000162931	1	1	1	1	1111	4
500162944	protein_coding	RFTN2	ENSG00000162944	1	1	1	0	1110	3
500162946	protein_coding	DISC1	ENSG00000162946	1	1	1	1	1111	4
500162981	protein_coding	FAM84A	ENSG00000162981	1	1	0	0	1100	2
500162989	protein_coding	KCNJ3	ENSG00000162989	1	1	1	1	1111	4
500162994	protein_coding	CLHC1	ENSG00000162994	1	1	1	1	1111	4
500163032	protein_coding	VSNL1	ENSG00000163032	1	1	1	0	1110	3
500163041	protein_coding	H3F3A	ENSG00000163041	1	0	1	0	1010	2
500163072	protein_coding	NOSTRIN	ENSG00000163072	1	1	1	1	1111	4
500163075	protein_coding	PCDP1	ENSG00000163075	1	0	0	1	1001	2
500163106	protein_coding	HPGDS	ENSG00000163106	1	1	1	1	1111	4
500163131	protein_coding	CTSS	ENSG00000163131	1	1	1	1	1111	4
500163170	protein_coding	BOLA3	ENSG00000163170	1	1	1	1	1111	4
500163214	protein_coding	DHX57	ENSG00000163214	1	1	1	1	1111	4
500163219	protein_coding	ARHGAP25	ENSG00000163219	1	1	1	1	1111	4
500163239	protein_coding	TDRD10	ENSG00000163239	1	1	1	1	1111	4
500163288	protein_coding	GABRB1	ENSG00000163288	1	1	0	1	1101	3
500163297	protein_coding	ANTXR2	ENSG00000163297	1	1	1	1	1111	4
500163331	protein_coding	DAPL1	ENSG00000163331	1	1	1	0	1110	3
500163362	protein_coding	C1orf106	ENSG00000163362	1	0	0	1	1001	2
500163374	protein_coding	YY1AP1	ENSG00000163374	1	1	1	0	1110	3
500163393	protein_coding	SLC22A15	ENSG00000163393	1	1	1	1	1111	4
500163406	protein_coding	SLC15A2	ENSG00000163406	1	1	1	1	1111	4
500163412	protein_coding	EIF4E3	ENSG00000163412	1	1	1	0	1110	3
500163421	protein_coding	PROK2	ENSG00000163421	1	1	1	0	1110	3
500163462	protein_coding	TRIM46	ENSG00000163462	1	1	1	1	1111	4
500163464	protein_coding	CXCR1	ENSG00000163464	1	1	1	0	1110	3
500163466	protein_coding	ARPC2	ENSG00000163466	1	1	1	1	1111	4
500163482	protein_coding	STK36	ENSG00000163482	1	1	1	1	1111	4
500163492	protein_coding	CCDC141	ENSG00000163492	1	1	1	1	1111	4
500163507	protein_coding	KIAA1524	ENSG00000163507	1	0	0	1	1001	2
500163508	protein_coding	EOMES	ENSG00000163508	1	1	1	1	1111	4
500163534	protein_coding	FCRL1	ENSG00000163534	1	1	1	1	1111	4
500163536	protein_coding	SERPINI1	ENSG00000163536	1	1	1	1	1111	4
500163539	protein_coding	CLASP2	ENSG00000163539	1	1	0	1	1101	3
500163545	protein_coding	NUAK2	ENSG00000163545	1	1	1	0	1110	3
500163554	protein_coding	SPTA1	ENSG00000163554	1	1	1	1	1111	4
500163563	protein_coding	MNDA	ENSG00000163563	1	1	0	1	1101	3
500163568	protein_coding	AIM2	ENSG00000163568	1	1	1	1	1111	4
500163581	protein_coding	SLC2A2	ENSG00000163581	1	1	1	1	1111	4
500163590	protein_coding	PPM1L	ENSG00000163590	1	1	1	0	1110	3
500163596	protein_coding	ICA1L	ENSG00000163596	1	1	1	1	1111	4
500163599	protein_coding	CTLA4	ENSG00000163599	1	1	1	1	1111	4
500163600	protein_coding	ICOS	ENSG00000163600	1	1	1	1	1111	4
500163618	protein_coding	CADPS	ENSG00000163618	1	1	0	0	1100	2
500163629	protein_coding	PTPN13	ENSG00000163629	1	1	1	1	1111	4
500163633	protein_coding	C4orf36	ENSG00000163633	1	0	0	1	1001	2
500163660	protein_coding	CCNL1	ENSG00000163660	1	1	1	1	1111	4
500163687	protein_coding	DNASE1L3	ENSG00000163687	1	1	1	1	1111	4
500163694	protein_coding	RBM47	ENSG00000163694	1	1	1	1	1111	4
500163749	protein_coding	CCDC158	ENSG00000163749	1	1	1	1	1111	4
500163788	protein_coding	SNRK	ENSG00000163788	1	1	1	1	1111	4
500163793	protein_coding	DNAJC5G	ENSG00000163793	1	1	1	1	1111	4
500163794	protein_coding	UCN	ENSG00000163794	1	1	1	1	1111	4
500163798	protein_coding	SLC4A1AP	ENSG00000163798	1	1	1	1	1111	4
500163803	protein_coding	PLB1	ENSG00000163803	1	1	1	1	1111	4
500163817	protein_coding	SLC6A20	ENSG00000163817	1	1	1	1	1111	4
500163818	protein_coding	LZTFL1	ENSG00000163818	1	1	1	1	1111	4
500163823	protein_coding	CCR1	ENSG00000163823	1	1	1	1	1111	4
500163958	protein_coding	ZDHHC19	ENSG00000163958	1	1	1	0	1110	3
500163960	protein_coding	UBXN7	ENSG00000163960	1	1	1	1	1111	4
500163961	protein_coding	RNF168	ENSG00000163961	1	1	1	1	1111	4
500163993	protein_coding	S100P	ENSG00000163993	1	1	1	0	1110	3
500164023	protein_coding	SGMS2	ENSG00000164023	1	1	1	1	1111	4
500164061	protein_coding	BSN	ENSG00000164061	1	1	1	1	1111	4
500164068	protein_coding	RNF123	ENSG00000164068	1	1	1	1	1111	4
500164076	protein_coding	CAMKV	ENSG00000164076	1	1	1	1	1111	4
500164082	protein_coding	GRM2	ENSG00000164082	1	1	1	1	1111	4
500164116	protein_coding	GUCY1A3	ENSG00000164116	1	0	0	1	1001	2
500164175	protein_coding	SLC45A2	ENSG00000164175	1	1	1	1	1111	4
500164182	protein_coding	NDUFAF2	ENSG00000164182	1	0	1	0	1010	2
500164190	protein_coding	NIPBL	ENSG00000164190	1	1	1	1	1111	4
500164199	protein_coding	GPR98	ENSG00000164199	1	0	0	1	1001	2
500164251	protein_coding	F2RL1	ENSG00000164251	1	1	1	0	1110	3
500164270	protein_coding	HTR4	ENSG00000164270	1	1	1	1	1111	4
500164303	protein_coding	ENPP6	ENSG00000164303	1	1	1	1	1111	4
500164307	protein_coding	ERAP1	ENSG00000164307	1	1	1	1	1111	4
500164308	protein_coding	ERAP2	ENSG00000164308	1	1	1	1	1111	4
500164327	protein_coding	RICTOR	ENSG00000164327	1	1	1	1	1111	4
500164329	protein_coding	PAPD4	ENSG00000164329	1	0	0	1	1001	2
500164344	protein_coding	KLKB1	ENSG00000164344	1	1	1	1	1111	4
500164362	protein_coding	TERT	ENSG00000164362	1	1	1	0	1110	3
500164398	protein_coding	ACSL6	ENSG00000164398	1	1	1	1	1111	4
500164400	protein_coding	CSF2	ENSG00000164400	1	1	1	1	1111	4
500164434	protein_coding	FABP7	ENSG00000164434	1	1	1	0	1110	3
500164512	protein_coding	ANKRD55	ENSG00000164512	1	1	1	1	1111	4
500164530	protein_coding	PI16	ENSG00000164530	1	1	1	1	1111	4
500164542	protein_coding	KIAA0895	ENSG00000164542	1	1	1	1	1111	4
500164543	protein_coding	STK17A	ENSG00000164543	1	1	1	1	1111	4
500164588	protein_coding	HCN1	ENSG00000164588	1	1	1	0	1110	3
500164609	protein_coding	SLU7	ENSG00000164609	1	1	1	1	1111	4
500164616	protein_coding	FBXL21	ENSG00000164616	1	0	0	0	1000	1
500164627	protein_coding	KIF6	ENSG00000164627	1	1	1	1	1111	4
500164651	protein_coding	SP8	ENSG00000164651	1	1	1	1	1111	4
500164674	protein_coding	SYTL3	ENSG00000164674	1	1	1	1	1111	4
500164691	protein_coding	TAGAP	ENSG00000164691	1	1	1	1	1111	4
500164695	protein_coding	CHMP4C	ENSG00000164695	1	1	1	1	1111	4
500164713	protein_coding	BRI3	ENSG00000164713	1	1	1	1	1111	4
500164715	protein_coding	LMTK2	ENSG00000164715	1	1	1	1	1111	4
500164746	protein_coding	C7orf57	ENSG00000164746	1	0	0	1	1001	2
500164749	protein_coding	HNF4G	ENSG00000164749	1	1	1	1	1111	4
500164776	protein_coding	PHKG1	ENSG00000164776	1	1	1	0	1110	3
500164796	protein_coding	CSMD3	ENSG00000164796	1	1	1	1	1111	4
500164924	protein_coding	YWHAZ	ENSG00000164924	1	1	1	1	1111	4
500164989	protein_coding	CCDC171	ENSG00000164989	1	1	1	1	1111	4
500165006	protein_coding	UBAP1	ENSG00000165006	1	1	1	1	1111	4
500165025	protein_coding	SYK	ENSG00000165025	1	1	1	1	1111	4
500165061	protein_coding	ZMAT4	ENSG00000165061	1	1	1	0	1110	3
500165084	protein_coding	C8orf34	ENSG00000165084	1	0	0	1	1001	2
500165115	protein_coding	KIF27	ENSG00000165115	1	1	1	1	1111	4
500165185	protein_coding	KIAA1958	ENSG00000165185	1	1	1	1	1111	4
500165233	protein_coding	C9orf89	ENSG00000165233	1	0	0	0	1000	1
500165323	protein_coding	FAT3	ENSG00000165323	1	1	1	1	1111	4
500165325	protein_coding	CCDC67	ENSG00000165325	1	0	0	1	1001	2
500165379	protein_coding	LRFN5	ENSG00000165379	1	1	1	1	1111	4
500165406	protein_coding	MARCH8	ENSG00000165406	1	1	1	0	1110	3
500165424	protein_coding	ZCCHC24	ENSG00000165424	1	1	1	0	1110	3
500165494	protein_coding	PCF11	ENSG00000165494	1	1	1	1	1111	4
500165495	protein_coding	PKNOX2	ENSG00000165495	1	1	1	1	1111	4
500165521	protein_coding	EML5	ENSG00000165521	1	1	1	1	1111	4
500165533	protein_coding	TTC8	ENSG00000165533	1	1	1	1	1111	4
500165548	protein_coding	TMEM63C	ENSG00000165548	1	1	1	1	1111	4
500165588	protein_coding	OTX2	ENSG00000165588	1	1	1	0	1110	3
500165660	protein_coding	FAM175B	ENSG00000165660	1	0	0	0	1000	1
500165661	protein_coding	QSOX2	ENSG00000165661	1	1	1	1	1111	4
500165682	protein_coding	CLEC1B	ENSG00000165682	1	1	1	1	1111	4
500165695	protein_coding	AK8	ENSG00000165695	1	1	1	1	1111	4
500165702	protein_coding	GFI1B	ENSG00000165702	1	1	1	1	1111	4
500165730	protein_coding	STOX1	ENSG00000165730	1	1	1	1	1111	4
500165732	protein_coding	DDX21	ENSG00000165732	1	1	0	1	1101	3
500165795	protein_coding	NDRG2	ENSG00000165795	1	1	1	1	1111	4
500165807	protein_coding	PPP1R36	ENSG00000165807	1	1	0	1	1101	3
500165841	protein_coding	CYP2C19	ENSG00000165841	1	1	0	0	1100	2
500165959	protein_coding	CLMN	ENSG00000165959	1	1	1	1	1111	4
500165966	protein_coding	PDZRN4	ENSG00000165966	1	1	1	1	1111	4
500165973	protein_coding	NELL1	ENSG00000165973	1	1	1	1	1111	4
500165995	protein_coding	CACNB2	ENSG00000165995	1	1	1	1	1111	4
500166159	protein_coding	LRTM2	ENSG00000166159	1	1	1	0	1110	3
500166206	protein_coding	GABRB3	ENSG00000166206	1	1	0	1	1101	3
500166268	protein_coding	MYRFL	ENSG00000166268	1	1	1	1	1111	4
500166278	protein_coding	C2	ENSG00000166278	1	1	0	1	1101	3
500166317	protein_coding	SYNPO2L	ENSG00000166317	1	1	1	1	1111	4
500166349	protein_coding	RAG1	ENSG00000166349	1	1	1	0	1110	3
500166352	protein_coding	C11orf74	ENSG00000166352	1	0	0	1	1001	2
500166402	protein_coding	TUB	ENSG00000166402	1	1	1	1	1111	4
500166405	protein_coding	RIC3	ENSG00000166405	1	1	1	1	1111	4
500166407	protein_coding	LMO1	ENSG00000166407	1	1	1	0	1110	3
500166415	protein_coding	WDR72	ENSG00000166415	1	1	1	1	1111	4
500166428	protein_coding	PLD4	ENSG00000166428	1	1	1	1	1111	4
500166446	protein_coding	CDYL2	ENSG00000166446	1	1	1	1	1111	4
500166473	protein_coding	PKD1L2	ENSG00000166473	1	0	1	1	1011	3
500166477	protein_coding	LEO1	ENSG00000166477	1	1	1	1	1111	4
500166501	protein_coding	PRKCB	ENSG00000166501	1	1	1	1	1111	4
500166507	protein_coding	NDST2	ENSG00000166507	1	1	0	1	1101	3
500166508	protein_coding	MCM7	ENSG00000166508	1	1	1	1	1111	4
500166526	protein_coding	ZNF3	ENSG00000166526	1	1	1	1	1111	4
500166562	protein_coding	SEC11C	ENSG00000166562	1	1	1	1	1111	4
500166603	protein_coding	MC4R	ENSG00000166603	1	1	1	1	1111	4
500166747	protein_coding	AP1G1	ENSG00000166747	1	1	1	1	1111	4
500166800	protein_coding	LDHAL6A	ENSG00000166800	1	1	1	1	1111	4
500166822	protein_coding	TMEM170A	ENSG00000166822	1	1	0	0	1100	2
500166825	protein_coding	ANPEP	ENSG00000166825	1	0	1	1	1011	3
500166833	protein_coding	NAV2	ENSG00000166833	1	1	1	1	1111	4
500166888	protein_coding	STAT6	ENSG00000166888	1	1	1	1	1111	4
500166900	protein_coding	STX3	ENSG00000166900	1	1	0	1	1101	3
500166922	protein_coding	SCG5	ENSG00000166922	1	1	1	1	1111	4
500166925	protein_coding	TSC22D4	ENSG00000166925	1	1	1	1	1111	4
500166946	protein_coding	CCNDBP1	ENSG00000166946	1	1	1	1	1111	4
500166947	protein_coding	EPB42	ENSG00000166947	1	1	1	1	1111	4
500167077	protein_coding	MEI1	ENSG00000167077	1	1	0	1	1101	3
500167131	protein_coding	CCDC103	ENSG00000167131	1	1	1	0	1110	3
500167165	protein_coding	UGT1A6	ENSG00000167165	1	0	0	0	1000	1
500167191	protein_coding	GPRC5B	ENSG00000167191	1	1	1	1	1111	4
500167207	protein_coding	NOD2	ENSG00000167207	1	1	1	0	1110	3
500167208	protein_coding	SNX20	ENSG00000167208	1	1	1	1	1111	4
500167216	protein_coding	KATNAL2	ENSG00000167216	1	1	1	1	1111	4
500167244	protein_coding	IGF2	ENSG00000167244	1	1	1	1	1111	4
500167261	protein_coding	DPEP2	ENSG00000167261	1	1	1	1	1111	4
500167281	protein_coding	RBFOX3	ENSG00000167281	1	1	1	1	1111	4
500167286	protein_coding	CD3D	ENSG00000167286	1	1	1	1	1111	4
500167302	protein_coding	ENTHD2	ENSG00000167302	1	0	0	1	1001	2
500167325	protein_coding	RRM1	ENSG00000167325	1	1	1	1	1111	4
500167377	protein_coding	ZNF23	ENSG00000167377	1	1	1	1	1111	4
500167394	protein_coding	ZNF668	ENSG00000167394	1	1	1	1	1111	4
500167395	protein_coding	ZNF646	ENSG00000167395	1	1	1	0	1110	3
500167434	protein_coding	CA4	ENSG00000167434	1	1	1	1	1111	4
500167483	protein_coding	FAM129C	ENSG00000167483	1	1	0	1	1101	3
500167487	protein_coding	KLHL26	ENSG00000167487	1	1	1	1	1111	4
500167491	protein_coding	GATAD2A	ENSG00000167491	1	1	0	0	1100	2
500167522	protein_coding	ANKRD11	ENSG00000167522	1	1	1	1	1111	4
500167535	protein_coding	CACNB3	ENSG00000167535	1	1	1	1	1111	4
500167536	protein_coding	DHRS13	ENSG00000167536	1	1	1	1	1111	4
500167554	protein_coding	ZNF610	ENSG00000167554	1	1	0	0	1100	2
500167578	protein_coding	RAB4B	ENSG00000167578	1	1	0	0	1100	2
500167633	protein_coding	KIR3DL1	ENSG00000167633	1	1	0	0	1100	2
500167653	protein_coding	PSCA	ENSG00000167653	1	1	1	0	1110	3
500167656	protein_coding	LY6D	ENSG00000167656	1	1	1	0	1110	3
500167670	protein_coding	CHAF1A	ENSG00000167670	1	1	1	1	1111	4
500167815	protein_coding	PRDX2	ENSG00000167815	1	1	1	1	1111	4
500167889	protein_coding	MGAT5B	ENSG00000167889	1	1	1	1	1111	4
500167914	protein_coding	GSDMA	ENSG00000167914	1	1	1	1	1111	4
500167972	protein_coding	ABCA3	ENSG00000167972	1	1	1	1	1111	4
500167981	protein_coding	ZNF597	ENSG00000167981	1	1	1	1	1111	4
500167987	protein_coding	VPS37C	ENSG00000167987	1	1	1	0	1110	3
500168004	protein_coding	HRASLS5	ENSG00000168004	1	1	0	0	1100	2
500168010	protein_coding	ATG16L2	ENSG00000168010	1	1	1	1	1111	4
500168026	protein_coding	TTC21A	ENSG00000168026	1	1	1	0	1110	3
500168038	protein_coding	ULK4	ENSG00000168038	1	1	1	1	1111	4
500168066	protein_coding	SF1	ENSG00000168066	1	1	1	1	1111	4
500168067	protein_coding	MAP4K2	ENSG00000168067	1	1	1	1	1111	4
500168071	protein_coding	CCDC88B	ENSG00000168071	1	1	1	1	1111	4
500168092	protein_coding	PAFAH1B2	ENSG00000168092	1	1	1	1	1111	4
500168152	protein_coding	THAP9	ENSG00000168152	1	1	1	1	1111	4
500168242	protein_coding	HIST1H2BI	ENSG00000168242	1	0	0	0	1000	1
500168264	protein_coding	IRF2BP2	ENSG00000168264	1	1	1	1	1111	4
500168274	protein_coding	HIST1H2AE	ENSG00000168274	1	0	1	0	1010	2
500168280	protein_coding	KIF5C	ENSG00000168280	1	1	1	1	1111	4
500168298	protein_coding	HIST1H1E	ENSG00000168298	1	1	1	0	1110	3
500168300	protein_coding	PCMTD1	ENSG00000168300	1	1	1	1	1111	4
500168309	protein_coding	FAM107A	ENSG00000168309	1	1	1	1	1111	4
500168314	protein_coding	MOBP	ENSG00000168314	1	1	0	0	1100	2
500168329	protein_coding	CX3CR1	ENSG00000168329	1	1	1	1	1111	4
500168334	protein_coding	XIRP1	ENSG00000168334	1	1	1	1	1111	4
500168394	protein_coding	TAP1	ENSG00000168394	1	1	0	1	1101	3
500168421	protein_coding	RHOH	ENSG00000168421	1	1	1	1	1111	4
500168438	protein_coding	CDC40	ENSG00000168438	1	1	1	1	1111	4
500168461	protein_coding	RAB31	ENSG00000168461	1	1	1	0	1110	3
500168477	protein_coding	TNXB	ENSG00000168477	1	0	0	1	1001	2
500168496	protein_coding	FEN1	ENSG00000168496	1	1	1	0	1110	3
500168517	protein_coding	HEXIM2	ENSG00000168517	1	1	1	0	1110	3
500168546	protein_coding	GFRA2	ENSG00000168546	1	1	1	1	1111	4
500168610	protein_coding	STAT3	ENSG00000168610	1	1	1	1	1111	4
500168685	protein_coding	IL7R	ENSG00000168685	1	1	1	1	1111	4
500168702	protein_coding	LRP1B	ENSG00000168702	1	1	1	1	1111	4
500168743	protein_coding	NPNT	ENSG00000168743	1	1	1	1	1111	4
500168754	protein_coding	FAM178B	ENSG00000168754	1	1	1	1	1111	4
500168769	protein_coding	TET2	ENSG00000168769	1	1	1	1	1111	4
500168785	protein_coding	TSPAN5	ENSG00000168785	1	1	1	1	1111	4
500168811	protein_coding	IL12A	ENSG00000168811	1	1	1	1	1111	4
500168824	protein_coding	NSG1	ENSG00000168824	1	1	1	1	1111	4
500168916	protein_coding	ZNF608	ENSG00000168916	1	1	1	1	1111	4
500168944	protein_coding	CEP120	ENSG00000168944	1	1	1	1	1111	4
500168952	protein_coding	STXBP6	ENSG00000168952	1	1	1	0	1110	3
500168961	protein_coding	LGALS9	ENSG00000168961	1	1	0	1	1101	3
500169057	protein_coding	MECP2	ENSG00000169057	1	1	1	1	1111	4
500169087	protein_coding	HSPBAP1	ENSG00000169087	1	1	1	1	1111	4
500169174	protein_coding	PCSK9	ENSG00000169174	1	1	1	1	1111	4
500169181	protein_coding	GSG1L	ENSG00000169181	1	1	1	0	1110	3
500169220	protein_coding	RGS14	ENSG00000169220	1	1	1	1	1111	4
500169224	protein_coding	GCSAML	ENSG00000169224	1	1	1	0	1110	3
500169228	protein_coding	RAB24	ENSG00000169228	1	1	1	1	1111	4
500169242	protein_coding	EFNA1	ENSG00000169242	1	1	1	1	1111	4
500169302	protein_coding	STK32A	ENSG00000169302	1	1	1	1	1111	4
500169398	protein_coding	PTK2	ENSG00000169398	1	1	1	1	1111	4
500169403	protein_coding	PTAFR	ENSG00000169403	1	1	1	1	1111	4
500169429	protein_coding	IL8	ENSG00000169429	1	0	0	0	1000	1
500169508	protein_coding	GPR183	ENSG00000169508	1	1	1	0	1110	3
500169564	protein_coding	PCBP1	ENSG00000169564	1	1	1	1	1111	4
500169744	protein_coding	LDB2	ENSG00000169744	1	1	1	1	1111	4
500169752	protein_coding	NRG4	ENSG00000169752	1	1	1	1	1111	4
500169758	protein_coding	C15orf27	ENSG00000169758	1	0	0	1	1001	2
500169762	protein_coding	TAPT1	ENSG00000169762	1	1	1	1	1111	4
500169826	protein_coding	CSGALNACT2	ENSG00000169826	1	1	1	1	1111	4
500169836	protein_coding	TACR3	ENSG00000169836	1	1	1	0	1110	3
500169862	protein_coding	CTNND2	ENSG00000169862	1	1	1	1	1111	4
500169896	protein_coding	ITGAM	ENSG00000169896	1	1	1	0	1110	3
500169918	protein_coding	OTUD7A	ENSG00000169918	1	1	1	1	1111	4
500169967	protein_coding	MAP3K2	ENSG00000169967	1	1	1	1	1111	4
500169992	protein_coding	NLGN2	ENSG00000169992	1	1	1	1	1111	4
500169994	protein_coding	MYO7B	ENSG00000169994	1	1	1	1	1111	4
500170011	protein_coding	MYRIP	ENSG00000170011	1	1	1	1	1111	4
500170145	protein_coding	SIK2	ENSG00000170145	1	1	1	1	1111	4
500170166	protein_coding	HOXD4	ENSG00000170166	1	1	1	1	1111	4
500170180	protein_coding	GYPA	ENSG00000170180	1	1	0	1	1101	3
500170231	protein_coding	FABP6	ENSG00000170231	1	1	1	1	1111	4
500170293	protein_coding	CMTM8	ENSG00000170293	1	1	1	1	1111	4
500170325	protein_coding	PRDM10	ENSG00000170325	1	1	1	1	1111	4
500170370	protein_coding	EMX2	ENSG00000170370	1	1	1	0	1110	3
500170382	protein_coding	LRRN2	ENSG00000170382	1	1	1	1	1111	4
500170396	protein_coding	ZNF804A	ENSG00000170396	1	1	1	1	1111	4
500170417	protein_coding	TMEM182	ENSG00000170417	1	1	1	0	1110	3
500170426	protein_coding	SDR9C7	ENSG00000170426	1	1	1	0	1110	3
500170454	protein_coding	KRT75	ENSG00000170454	1	1	1	1	1111	4
500170458	protein_coding	CD14	ENSG00000170458	1	1	1	0	1110	3
500170465	protein_coding	KRT6C	ENSG00000170465	1	0	0	0	1000	1
500170476	protein_coding	MZB1	ENSG00000170476	1	1	1	1	1111	4
500170509	protein_coding	HSD17B13	ENSG00000170509	1	1	1	1	1111	4
500170525	protein_coding	PFKFB3	ENSG00000170525	1	1	1	1	1111	4
500170579	protein_coding	DLGAP1	ENSG00000170579	1	1	1	1	1111	4
500170624	protein_coding	SGCD	ENSG00000170624	1	1	1	1	1111	4
500170634	protein_coding	ACYP2	ENSG00000170634	1	1	1	1	1111	4
500170689	protein_coding	HOXB9	ENSG00000170689	1	1	1	1	1111	4
500170703	protein_coding	TTLL6	ENSG00000170703	1	1	1	1	1111	4
500170775	protein_coding	GPR37	ENSG00000170775	1	1	1	1	1111	4
500170837	protein_coding	GPR27	ENSG00000170837	1	1	1	0	1110	3
500170866	protein_coding	LILRA3	ENSG00000170866	1	1	1	0	1110	3
500170871	protein_coding	KIAA0232	ENSG00000170871	1	1	1	1	1111	4
500170892	protein_coding	TSEN34	ENSG00000170892	1	1	1	1	1111	4
500170946	protein_coding	DNAJC24	ENSG00000170946	1	1	1	0	1110	3
500170959	protein_coding	DCDC1	ENSG00000170959	1	0	1	1	1011	3
500171049	protein_coding	FPR2	ENSG00000171049	1	0	1	1	1011	3
500171119	protein_coding	NRTN	ENSG00000171119	1	1	1	1	1111	4
500171124	protein_coding	FUT3	ENSG00000171124	1	1	0	0	1100	2
500171136	protein_coding	RLN3	ENSG00000171136	1	1	1	1	1111	4
500171174	protein_coding	RBKS	ENSG00000171174	1	1	1	1	1111	4
500171189	protein_coding	GRIK1	ENSG00000171189	1	1	1	1	1111	4
500171206	protein_coding	TRIM8	ENSG00000171206	1	1	1	1	1111	4
500171310	protein_coding	CHST11	ENSG00000171310	1	1	1	1	1111	4
500171316	protein_coding	CHD7	ENSG00000171316	1	1	1	1	1111	4
500171368	protein_coding	TPPP	ENSG00000171368	1	1	1	0	1110	3
500171435	protein_coding	KSR2	ENSG00000171435	1	1	1	1	1111	4
500171450	protein_coding	CDK5R2	ENSG00000171450	1	1	1	0	1110	3
500171456	protein_coding	ASXL1	ENSG00000171456	1	1	1	1	1111	4
500171502	protein_coding	COL24A1	ENSG00000171502	1	1	1	1	1111	4
500171552	protein_coding	BCL2L1	ENSG00000171552	1	1	1	1	1111	4
500171557	protein_coding	FGG	ENSG00000171557	1	1	1	1	1111	4
500171560	protein_coding	FGA	ENSG00000171560	1	1	1	0	1110	3
500171564	protein_coding	FGB	ENSG00000171564	1	1	1	1	1111	4
500171570	protein_coding	RAB4B-EGLN2	ENSG00000171570	1	0	0	0	1000	1
500171587	protein_coding	DSCAM	ENSG00000171587	1	1	1	1	1111	4
500171608	protein_coding	PIK3CD	ENSG00000171608	1	1	1	1	1111	4
500171634	protein_coding	BPTF	ENSG00000171634	1	1	1	1	1111	4
500171714	protein_coding	ANO5	ENSG00000171714	1	1	1	1	1111	4
500171723	protein_coding	GPHN	ENSG00000171723	1	1	1	1	1111	4
500171724	protein_coding	VAT1L	ENSG00000171724	1	1	1	1	1111	4
500171766	protein_coding	GATM	ENSG00000171766	1	1	1	1	1111	4
500171772	protein_coding	SYCE1	ENSG00000171772	1	1	0	1	1101	3
500171773	protein_coding	NXNL1	ENSG00000171773	1	1	0	1	1101	3
500171791	protein_coding	BCL2	ENSG00000171791	1	1	1	0	1110	3
500171817	protein_coding	ZNF540	ENSG00000171817	1	1	1	1	1111	4
500171862	protein_coding	PTEN	ENSG00000171862	1	1	0	0	1100	2
500171885	protein_coding	AQP4	ENSG00000171885	1	1	1	1	1111	4
500171914	protein_coding	TLN2	ENSG00000171914	1	1	1	1	1111	4
500171951	protein_coding	SCG2	ENSG00000171951	1	1	1	1	1111	4
500171962	protein_coding	LRRC48	ENSG00000171962	1	0	0	1	1001	2
500171988	protein_coding	JMJD1C	ENSG00000171988	1	1	1	1	1111	4
500172020	protein_coding	GAP43	ENSG00000172020	1	1	1	1	1111	4
500172046	protein_coding	USP19	ENSG00000172046	1	1	1	1	1111	4
500172116	protein_coding	CD8B	ENSG00000172116	1	1	0	1	1101	3
500172175	protein_coding	MALT1	ENSG00000172175	1	1	1	1	1111	4
500172183	protein_coding	ISG20	ENSG00000172183	1	1	1	1	1111	4
500172197	protein_coding	MBOAT1	ENSG00000172197	1	1	1	1	1111	4
500172215	protein_coding	CXCR6	ENSG00000172215	1	1	1	0	1110	3
500172216	protein_coding	CEBPB	ENSG00000172216	1	1	1	0	1110	3
500172247	protein_coding	C1QTNF4	ENSG00000172247	1	0	1	0	1010	2
500172260	protein_coding	NEGR1	ENSG00000172260	1	1	1	1	1111	4
500172264	protein_coding	MACROD2	ENSG00000172264	1	1	1	1	1111	4
500172322	protein_coding	CLEC12A	ENSG00000172322	1	1	1	1	1111	4
500172354	protein_coding	GNB2	ENSG00000172354	1	1	1	1	1111	4
500172456	protein_coding	FGGY	ENSG00000172456	1	1	1	1	1111	4
500172458	protein_coding	IL17D	ENSG00000172458	1	1	1	1	1111	4
500172461	protein_coding	FUT9	ENSG00000172461	1	1	1	0	1110	3
500172530	protein_coding	BANP	ENSG00000172530	1	1	1	0	1110	3
500172575	protein_coding	RASGRP1	ENSG00000172575	1	1	1	1	1111	4
500172653	protein_coding	C17orf66	ENSG00000172653	1	0	0	0	1000	1
500172661	protein_coding	FAM21C	ENSG00000172661	1	0	0	1	1001	2
500172673	protein_coding	THEMIS	ENSG00000172673	1	1	1	1	1111	4
500172765	protein_coding	TMCC1	ENSG00000172765	1	1	1	1	1111	4
500172789	protein_coding	HOXC5	ENSG00000172789	1	1	1	0	1110	3
500172818	protein_coding	OVOL1	ENSG00000172818	1	1	1	1	1111	4
500172869	protein_coding	DMXL1	ENSG00000172869	1	1	1	1	1111	4
500172915	protein_coding	NBEA	ENSG00000172915	1	1	1	1	1111	4
500172955	protein_coding	ADH6	ENSG00000172955	1	1	1	0	1110	3
500172965	lncRNA	ENSG00000172965.10	ENSG00000172965.10	1	1	1	1	1111	4
500172987	protein_coding	HPSE2	ENSG00000172987	1	1	1	1	1111	4
500172995	protein_coding	ARPP21	ENSG00000172995	1	1	1	1	1111	4
500173064	protein_coding	HECTD4	ENSG00000173064	1	1	1	1	1111	4
500173077	protein_coding	DEC1	ENSG00000173077	1	1	0	0	1100	2
500173124	protein_coding	C10orf129	ENSG00000173124	1	0	0	0	1000	1
500173175	protein_coding	ADCY5	ENSG00000173175	1	1	1	1	1111	4
500173193	protein_coding	PARP14	ENSG00000173193	1	1	1	1	1111	4
500173230	protein_coding	GOLGB1	ENSG00000173230	1	1	1	1	1111	4
500173258	protein_coding	ZNF483	ENSG00000173258	1	1	1	1	1111	4
500173273	protein_coding	TNKS	ENSG00000173273	1	1	1	1	1111	4
500173320	protein_coding	STOX2	ENSG00000173320	1	1	1	1	1111	4
500173327	protein_coding	MAP3K11	ENSG00000173327	1	1	1	1	1111	4
500173442	protein_coding	EHBP1L1	ENSG00000173442	1	1	1	1	1111	4
500173457	protein_coding	PPP1R14B	ENSG00000173457	1	1	1	0	1110	3
500173575	protein_coding	CHD2	ENSG00000173575	1	1	1	1	1111	4
500173578	protein_coding	XCR1	ENSG00000173578	1	1	1	1	1111	4
500173585	protein_coding	CCR9	ENSG00000173585	1	1	1	1	1111	4
500173626	protein_coding	TRAPPC3L	ENSG00000173626	1	1	1	1	1111	4
500173638	protein_coding	SLC19A1	ENSG00000173638	1	1	1	1	1111	4
500173641	protein_coding	HSPB7	ENSG00000173641	1	1	1	0	1110	3
500173715	protein_coding	C11orf80	ENSG00000173715	1	0	0	1	1001	2
500173727	protein_coding	AP000769.1	ENSG00000173727	1	0	0	0	1000	1
500173811	lncRNA	ENSG00000173811.6	ENSG00000173811.6	1	1	1	1	1111	4
500173838	protein_coding	MARCH10	ENSG00000173838	1	1	1	1	1111	4
500173868	protein_coding	PHOSPHO1	ENSG00000173868	1	1	1	0	1110	3
500173898	protein_coding	SPTBN2	ENSG00000173898	1	1	1	1	1111	4
500173917	protein_coding	HOXB2	ENSG00000173917	1	1	1	1	1111	4
500173930	protein_coding	SLCO4C1	ENSG00000173930	1	1	1	1	1111	4
500174059	protein_coding	CD34	ENSG00000174059	1	1	1	1	1111	4
500174106	protein_coding	LEMD3	ENSG00000174106	1	1	1	1	1111	4
500174123	protein_coding	TLR10	ENSG00000174123	1	1	1	1	1111	4
500174125	protein_coding	TLR1	ENSG00000174125	1	1	1	1	1111	4
500174130	protein_coding	TLR6	ENSG00000174130	1	1	1	0	1110	3
500174417	protein_coding	TRHR	ENSG00000174417	1	1	1	1	1111	4
500174437	protein_coding	ATP2A2	ENSG00000174437	1	1	1	1	1111	4
500174453	protein_coding	VWC2L	ENSG00000174453	1	1	1	0	1110	3
500174469	protein_coding	CNTNAP2	ENSG00000174469	1	1	1	1	1111	4
500174485	protein_coding	DENND4A	ENSG00000174485	1	1	1	1	1111	4
500174514	protein_coding	MFSD4	ENSG00000174514	1	0	0	1	1001	2
500174579	protein_coding	MSL2	ENSG00000174579	1	1	1	0	1110	3
500174607	protein_coding	UGT8	ENSG00000174607	1	1	1	1	1111	4
500174680	lncRNA	ENSG00000174680.5	ENSG00000174680.5	1	1	1	1	1111	4
500174718	protein_coding	KIAA1551	ENSG00000174718	1	0	0	1	1001	2
500174776	protein_coding	WDR49	ENSG00000174776	1	1	1	1	1111	4
500174839	protein_coding	DENND6A	ENSG00000174839	1	1	1	1	1111	4
500174885	protein_coding	NLRP6	ENSG00000174885	1	1	1	1	1111	4
500174891	protein_coding	RSRC1	ENSG00000174891	1	1	1	1	1111	4
500174898	protein_coding	CATSPERD	ENSG00000174898	1	1	0	1	1101	3
500174938	protein_coding	SEZ6L2	ENSG00000174938	1	1	1	1	1111	4
500174939	protein_coding	ASPHD1	ENSG00000174939	1	1	1	0	1110	3
500175003	protein_coding	SLC22A1	ENSG00000175003	1	1	1	1	1111	4
500175097	protein_coding	RAG2	ENSG00000175097	1	1	1	1	1111	4
500175115	protein_coding	PACS1	ENSG00000175115	1	1	1	1	1111	4
500175161	protein_coding	CADM2	ENSG00000175161	1	1	1	1	1111	4
500175164	lncRNA	ENSG00000175164.9	ENSG00000175164.9	1	1	1	1	1111	4
500175175	protein_coding	PPM1E	ENSG00000175175	1	1	1	1	1111	4
500175189	protein_coding	INHBC	ENSG00000175189	1	1	1	0	1110	3
500175206	protein_coding	NPPA	ENSG00000175206	1	1	1	1	1111	4
500175216	protein_coding	CKAP5	ENSG00000175216	1	1	1	1	1111	4
500175395	protein_coding	ZNF25	ENSG00000175395	1	1	0	0	1100	2
500175426	protein_coding	PCSK1	ENSG00000175426	1	1	1	1	1111	4
500175445	protein_coding	LPL	ENSG00000175445	1	1	1	1	1111	4
500175471	protein_coding	MCTP1	ENSG00000175471	1	1	1	1	1111	4
500175497	protein_coding	DPP10	ENSG00000175497	1	1	1	1	1111	4
500175538	protein_coding	KCNE3	ENSG00000175538	1	1	1	0	1110	3
500175806	protein_coding	MSRA	ENSG00000175806	1	1	0	1	1101	3
500175868	protein_coding	CALCB	ENSG00000175868	1	1	1	0	1110	3
500175874	protein_coding	CREG2	ENSG00000175874	1	1	1	0	1110	3
500175893	protein_coding	ZDHHC21	ENSG00000175893	1	1	1	0	1110	3
500175894	protein_coding	TSPEAR	ENSG00000175894	1	1	1	1	1111	4
500175984	protein_coding	DENND2C	ENSG00000175984	1	1	1	1	1111	4
500176024	protein_coding	ZNF613	ENSG00000176024	1	1	1	0	1110	3
500176049	protein_coding	JAKMIP2	ENSG00000176049	1	1	1	1	1111	4
500176095	protein_coding	IP6K1	ENSG00000176095	1	1	1	1	1111	4
500176204	protein_coding	LRRTM4	ENSG00000176204	1	1	1	1	1111	4
500176244	protein_coding	ACBD7	ENSG00000176244	1	1	1	1	1111	4
500176349	protein_coding	AC110781.3	ENSG00000176349	1	0	0	0	1000	1
500176381	protein_coding	PRR18	ENSG00000176381	1	1	1	1	1111	4
500176386	protein_coding	CDC26	ENSG00000176386	1	1	1	0	1110	3
500176406	protein_coding	RIMS2	ENSG00000176406	1	1	1	1	1111	4
500176463	protein_coding	SLCO3A1	ENSG00000176463	1	1	1	1	1111	4
500176473	protein_coding	WDR25	ENSG00000176473	1	1	1	1	1111	4
500176542	protein_coding	KIAA2018	ENSG00000176542	1	0	0	1	1001	2
500176595	protein_coding	KBTBD11	ENSG00000176595	1	1	0	0	1100	2
500176601	protein_coding	MAP3K19	ENSG00000176601	1	1	1	1	1111	4
500176624	protein_coding	MEX3C	ENSG00000176624	1	1	1	1	1111	4
500176635	protein_coding	HORMAD2	ENSG00000176635	1	1	1	1	1111	4
500176714	protein_coding	CCDC121	ENSG00000176714	1	1	1	1	1111	4
500176723	protein_coding	ZNF843	ENSG00000176723	1	1	0	0	1100	2
500176769	protein_coding	TCERG1L	ENSG00000176769	1	1	1	1	1111	4
500176771	protein_coding	NCKAP5	ENSG00000176771	1	1	1	1	1111	4
500176788	protein_coding	BASP1	ENSG00000176788	1	1	1	0	1110	3
500176840	lncRNA	ENSG00000176840.7	ENSG00000176840.7	1	0	1	1	1011	3
500176920	protein_coding	FUT2	ENSG00000176920	1	1	1	1	1111	4
500176984	protein_coding	AP000679.2	ENSG00000176984	1	0	0	0	1000	1
500176998	protein_coding	HCG4	ENSG00000176998	1	0	0	0	1000	1
500177103	protein_coding	DSCAML1	ENSG00000177103	1	1	1	1	1111	4
500177105	protein_coding	RHOG	ENSG00000177105	1	1	1	0	1110	3
500177108	protein_coding	ZDHHC22	ENSG00000177108	1	1	1	0	1110	3
500177133	lncRNA	ENSG00000177133.6	ENSG00000177133.6	1	1	1	1	1111	4
500177156	protein_coding	TALDO1	ENSG00000177156	1	1	1	1	1111	4
500177169	protein_coding	ULK1	ENSG00000177169	1	0	1	1	1011	3
500177182	protein_coding	CLVS1	ENSG00000177182	1	1	1	0	1110	3
500177398	protein_coding	UMODL1	ENSG00000177398	1	1	1	1	1111	4
500177409	protein_coding	SAMD9L	ENSG00000177409	1	0	1	0	1010	2
500177455	protein_coding	CD19	ENSG00000177455	1	1	1	1	1111	4
500177548	protein_coding	RABEP2	ENSG00000177548	1	1	1	1	1111	4
500177721	protein_coding	ANXA2R	ENSG00000177721	1	1	0	1	1101	3
500177738	lncRNA	ENSG00000177738.3	ENSG00000177738.3	1	1	0	1	1101	3
500177853	lncRNA	ENSG00000177853.10	ENSG00000177853.10	1	1	1	1	1111	4
500177885	protein_coding	GRB2	ENSG00000177885	1	1	1	0	1110	3
500177963	protein_coding	RIC8A	ENSG00000177963	1	1	1	1	1111	4
500177989	protein_coding	ODF3B	ENSG00000177989	1	1	1	1	1111	4
500178082	protein_coding	TWF1P1	ENSG00000178082	1	0	0	0	1000	1
500178233	protein_coding	TMEM151B	ENSG00000178233	1	1	1	1	1111	4
500178381	protein_coding	ZFAND2A	ENSG00000178381	1	0	0	1	1001	2
500178538	protein_coding	CA8	ENSG00000178538	1	1	1	1	1111	4
500178562	protein_coding	CD28	ENSG00000178562	1	1	1	0	1110	3
500178568	protein_coding	ERBB4	ENSG00000178568	1	1	1	1	1111	4
500178623	protein_coding	GPR35	ENSG00000178623	1	1	1	1	1111	4
500178665	protein_coding	ZNF713	ENSG00000178665	1	1	1	0	1110	3
500178719	protein_coding	GRINA	ENSG00000178719	1	1	1	1	1111	4
500178764	protein_coding	ZHX2	ENSG00000178764	1	1	1	1	1111	4
500178796	protein_coding	RIIAD1	ENSG00000178796	1	1	1	1	1111	4
500178804	protein_coding	H1FOO	ENSG00000178804	1	1	1	1	1111	4
500178852	protein_coding	EFCAB13	ENSG00000178852	1	1	1	1	1111	4
500178878	protein_coding	APOLD1	ENSG00000178878	1	1	1	1	1111	4
500178913	protein_coding	TAF7	ENSG00000178913	1	1	1	0	1110	3
500178919	protein_coding	FOXE1	ENSG00000178919	1	1	1	0	1110	3
500178950	protein_coding	GAK	ENSG00000178950	1	1	1	0	1110	3
500178974	protein_coding	FBXO34	ENSG00000178974	1	1	1	1	1111	4
500178977	lncRNA	ENSG00000178977.3	ENSG00000178977.3	1	1	1	0	1110	3
500179008	protein_coding	C14orf39	ENSG00000179008	1	0	0	1	1001	2
500179094	protein_coding	PER1	ENSG00000179094	1	1	1	1	1111	4
500179104	protein_coding	TMTC2	ENSG00000179104	1	1	1	1	1111	4
500179119	protein_coding	SPTY2D1	ENSG00000179119	1	1	1	1	1111	4
500179134	protein_coding	SAMD4B	ENSG00000179134	1	1	1	1	1111	4
500179144	protein_coding	GIMAP7	ENSG00000179144	1	1	1	0	1110	3
500179165	protein_coding	PXT1	ENSG00000179165	1	1	0	0	1100	2
500179242	protein_coding	CDH4	ENSG00000179242	1	1	1	0	1110	3
500179262	protein_coding	RAD23A	ENSG00000179262	1	1	1	1	1111	4
500179292	protein_coding	TMEM151A	ENSG00000179292	1	1	1	1	1111	4
500179295	protein_coding	PTPN11	ENSG00000179295	1	1	1	0	1110	3
500179335	protein_coding	CLK3	ENSG00000179335	1	1	1	1	1111	4
500179344	protein_coding	HLA-DQB1	ENSG00000179344	1	0	0	1	1001	2
500179361	protein_coding	ARID3B	ENSG00000179361	1	1	1	1	1111	4
500179388	protein_coding	EGR3	ENSG00000179388	1	1	1	0	1110	3
500179399	protein_coding	GPC5	ENSG00000179399	1	1	1	1	1111	4
500179454	protein_coding	KLHL28	ENSG00000179454	1	1	1	1	1111	4
500179520	protein_coding	SLC17A8	ENSG00000179520	1	1	1	1	1111	4
500179583	protein_coding	CIITA	ENSG00000179583	1	1	1	1	1111	4
500179630	protein_coding	LACC1	ENSG00000179630	1	1	1	0	1110	3
500179639	protein_coding	FCER1A	ENSG00000179639	1	1	1	1	1111	4
500179750	protein_coding	APOBEC3B	ENSG00000179750	1	1	1	0	1110	3
500179813	protein_coding	FAM216B	ENSG00000179813	1	1	1	1	1111	4
500179818	lncRNA	ENSG00000179818.9	ENSG00000179818.9	1	1	1	0	1110	3
500179841	protein_coding	AKAP5	ENSG00000179841	1	1	1	0	1110	3
500179913	protein_coding	B3GNT3	ENSG00000179913	1	1	1	1	1111	4
500179915	protein_coding	NRXN1	ENSG00000179915	1	1	1	1	1111	4
500179921	protein_coding	GPBAR1	ENSG00000179921	1	1	1	1	1111	4
500179935	lncRNA	ENSG00000179935.5	ENSG00000179935.5	1	1	1	1	1111	4
500179965	protein_coding	ZNF771	ENSG00000179965	1	1	1	1	1111	4
500179988	protein_coding	PSTK	ENSG00000179988	1	1	1	1	1111	4
500180043	protein_coding	FAM71E2	ENSG00000180043	1	0	0	1	1001	2
500180044	protein_coding	C3orf80	ENSG00000180044	1	0	0	0	1000	1
500180210	protein_coding	F2	ENSG00000180210	1	1	1	1	1111	4
500180269	protein_coding	GPR139	ENSG00000180269	1	1	1	1	1111	4
500180287	protein_coding	PLD5	ENSG00000180287	1	1	1	1	1111	4
500180316	protein_coding	PNPLA1	ENSG00000180316	1	1	1	1	1111	4
500180353	protein_coding	HCLS1	ENSG00000180353	1	1	1	1	1111	4
500180354	protein_coding	C7orf41	ENSG00000180354	1	0	0	0	1000	1
500180370	protein_coding	PAK2	ENSG00000180370	1	1	1	1	1111	4
500180458	lncRNA	ENSG00000180458.2	ENSG00000180458.2	1	1	0	0	1100	2
500180509	protein_coding	KCNE1	ENSG00000180509	1	0	0	0	1000	1
500180573	protein_coding	HIST1H2AC	ENSG00000180573	1	1	1	0	1110	3
500180596	protein_coding	HIST1H2BC	ENSG00000180596	1	0	0	0	1000	1
500180720	protein_coding	CHRM4	ENSG00000180720	1	1	1	1	1111	4
500180773	protein_coding	SLC36A4	ENSG00000180773	1	1	1	1	1111	4
500180828	protein_coding	BHLHE22	ENSG00000180828	1	0	1	0	1010	2
500180834	protein_coding	MAP6D1	ENSG00000180834	1	1	1	0	1110	3
500180871	protein_coding	CXCR2	ENSG00000180871	1	1	1	0	1110	3
500180881	protein_coding	CAPS2	ENSG00000180881	1	1	1	1	1111	4
500180998	protein_coding	GPR137C	ENSG00000180998	1	1	1	1	1111	4
500181031	protein_coding	RPH3AL	ENSG00000181031	1	1	1	1	1111	4
500181038	protein_coding	METTL23	ENSG00000181038	1	1	1	1	1111	4
500181085	protein_coding	MAPK15	ENSG00000181085	1	1	1	1	1111	4
500181126	protein_coding	HLA-V	ENSG00000181126	1	0	0	0	1000	1
500181220	protein_coding	ZNF746	ENSG00000181220	1	1	1	1	1111	4
500181381	protein_coding	DDX60L	ENSG00000181381	1	1	1	0	1110	3
500181409	protein_coding	AATK	ENSG00000181409	1	1	1	1	1111	4
500181418	protein_coding	DDN	ENSG00000181418	1	1	1	0	1110	3
500181472	protein_coding	ZBTB2	ENSG00000181472	1	1	1	0	1110	3
500181555	protein_coding	SETD2	ENSG00000181555	1	1	1	1	1111	4
500181634	protein_coding	TNFSF15	ENSG00000181634	1	1	1	0	1110	3
500181666	protein_coding	HKR1	ENSG00000181666	1	1	0	0	1100	2
500181826	protein_coding	RELL1	ENSG00000181826	1	1	1	1	1111	4
500181856	protein_coding	SLC2A4	ENSG00000181856	1	1	1	1	1111	4
500182010	protein_coding	RTKN2	ENSG00000182010	1	1	1	1	1111	4
500182050	protein_coding	MGAT4C	ENSG00000182050	1	1	1	0	1110	3
500182109	protein_coding	RP11-69E11.4	ENSG00000182109	1	0	0	0	1000	1
500182111	protein_coding	ZNF716	ENSG00000182111	1	1	0	0	1100	2
500182132	protein_coding	KCNIP1	ENSG00000182132	1	1	1	1	1111	4
500182134	protein_coding	TDRKH	ENSG00000182134	1	1	1	1	1111	4
500182149	protein_coding	IST1	ENSG00000182149	1	1	1	1	1111	4
500182177	protein_coding	ASB18	ENSG00000182177	1	1	0	1	1101	3
500182183	protein_coding	FAM159A	ENSG00000182183	1	0	0	1	1001	2
500182185	protein_coding	RAD51B	ENSG00000182185	1	1	1	1	1111	4
500182264	protein_coding	IZUMO1	ENSG00000182264	1	1	1	1	1111	4
500182329	protein_coding	AC079354.1	ENSG00000182329	1	0	0	1	1001	2
500182463	protein_coding	TSHZ2	ENSG00000182463	1	1	1	1	1111	4
500182568	protein_coding	SATB1	ENSG00000182568	1	1	1	1	1111	4
500182572	protein_coding	HIST1H3I	ENSG00000182572	1	0	0	0	1000	1
500182578	protein_coding	CSF1R	ENSG00000182578	1	1	1	1	1111	4
500182586	lncRNA	ENSG00000182586.3	ENSG00000182586.3	1	1	0	0	1100	2
500182600	protein_coding	C2orf82	ENSG00000182600	1	0	0	1	1001	2
500182606	protein_coding	TRAK1	ENSG00000182606	1	1	1	1	1111	4
500182611	protein_coding	HIST1H2AJ	ENSG00000182611	1	1	1	0	1110	3
500182612	protein_coding	TSPAN10	ENSG00000182612	1	1	1	1	1111	4
500182621	protein_coding	PLCB1	ENSG00000182621	1	1	1	1	1111	4
500182628	protein_coding	SKA2	ENSG00000182628	1	1	1	1	1111	4
500182667	protein_coding	NTM	ENSG00000182667	1	1	1	1	1111	4
500182674	protein_coding	KCNB2	ENSG00000182674	1	1	1	1	1111	4
500182732	protein_coding	RGS6	ENSG00000182732	1	1	1	1	1111	4
500182771	protein_coding	GRID1	ENSG00000182771	1	1	1	1	1111	4
500182831	protein_coding	C16orf72	ENSG00000182831	1	0	0	0	1000	1
500182836	protein_coding	PLCXD3	ENSG00000182836	1	1	0	1	1101	3
500182901	protein_coding	RGS7	ENSG00000182901	1	1	1	1	1111	4
500182985	protein_coding	CADM1	ENSG00000182985	1	1	1	1	1111	4
500183023	protein_coding	SLC8A1	ENSG00000183023	1	1	1	1	1111	4
500183036	protein_coding	PCP4	ENSG00000183036	1	1	1	0	1110	3
500183049	protein_coding	CAMK1D	ENSG00000183049	1	1	1	1	1111	4
500183066	protein_coding	WBP2NL	ENSG00000183066	1	1	1	1	1111	4
500183067	protein_coding	IGSF5	ENSG00000183067	1	1	1	0	1110	3
500183072	protein_coding	NKX2-5	ENSG00000183072	1	1	1	0	1110	3
500183092	protein_coding	BEGAIN	ENSG00000183092	1	0	1	1	1011	3
500183098	protein_coding	GPC6	ENSG00000183098	1	1	1	1	1111	4
500183117	protein_coding	CSMD1	ENSG00000183117	1	1	1	1	1111	4
500183150	protein_coding	GPR19	ENSG00000183150	1	1	1	1	1111	4
500183166	protein_coding	CALN1	ENSG00000183166	1	1	1	0	1110	3
500183186	protein_coding	C2CD4C	ENSG00000183186	1	1	0	0	1100	2
500183230	protein_coding	CTNNA3	ENSG00000183230	1	1	1	1	1111	4
500183346	protein_coding	C10orf107	ENSG00000183346	1	0	0	1	1001	2
500183354	protein_coding	KIAA2026	ENSG00000183354	1	1	1	0	1110	3
500183454	protein_coding	GRIN2A	ENSG00000183454	1	1	1	1	1111	4
500183473	protein_coding	SSTR3	ENSG00000183473	1	1	1	0	1110	3
500183542	protein_coding	KLRC4	ENSG00000183542	1	0	0	0	1000	1
500183625	protein_coding	CCR3	ENSG00000183625	1	1	1	1	1111	4
500183682	protein_coding	BMP8A	ENSG00000183682	1	0	0	1	1001	2
500183760	protein_coding	PAPL	ENSG00000183760	1	0	1	1	1011	3
500183763	protein_coding	TRAIP	ENSG00000183763	1	1	1	1	1111	4
500183775	protein_coding	KCTD16	ENSG00000183775	1	1	1	1	1111	4
500183778	protein_coding	B3GALT5	ENSG00000183778	1	1	1	1	1111	4
500183831	protein_coding	ANKRD45	ENSG00000183831	1	1	0	0	1100	2
500183844	protein_coding	FAM3B	ENSG00000183844	1	1	0	1	1101	3
500183873	protein_coding	SCN5A	ENSG00000183873	1	1	1	1	1111	4
500183888	protein_coding	C1orf64	ENSG00000183888	1	0	0	1	1001	2
500183929	protein_coding	DUSP5P1	ENSG00000183929	1	0	0	0	1000	1
500184007	protein_coding	PTP4A2	ENSG00000184007	1	1	1	0	1110	3
500184144	protein_coding	CNTN2	ENSG00000184144	1	1	1	1	1111	4
500184156	protein_coding	KCNQ3	ENSG00000184156	1	1	1	1	1111	4
500184226	protein_coding	PCDH9	ENSG00000184226	1	1	1	1	1111	4
500184293	protein_coding	CLECL1	ENSG00000184293	1	1	0	0	1100	2
500184302	protein_coding	SIX6	ENSG00000184302	1	1	1	1	1111	4
500184305	protein_coding	CCSER1	ENSG00000184305	1	1	1	1	1111	4
500184307	protein_coding	ZDHHC23	ENSG00000184307	1	1	1	1	1111	4
500184348	protein_coding	HIST1H2AK	ENSG00000184348	1	0	0	0	1000	1
500184357	protein_coding	HIST1H1B	ENSG00000184357	1	1	1	0	1110	3
500184408	protein_coding	KCND2	ENSG00000184408	1	1	1	1	1111	4
500184524	protein_coding	CEND1	ENSG00000184524	1	1	0	1	1101	3
500184588	protein_coding	PDE4B	ENSG00000184588	1	1	1	1	1111	4
500184730	protein_coding	APOBR	ENSG00000184730	1	0	1	1	1011	3
500184792	protein_coding	OSBP2	ENSG00000184792	1	1	1	1	1111	4
500184825	protein_coding	HIST1H2AH	ENSG00000184825	1	0	1	0	1010	2
500184949	protein_coding	FAM227A	ENSG00000184949	1	1	1	1	1111	4
500184979	protein_coding	USP18	ENSG00000184979	1	1	1	0	1110	3
500184985	protein_coding	SORCS2	ENSG00000184985	1	1	1	1	1111	4
500185008	protein_coding	ROBO2	ENSG00000185008	1	1	1	1	1111	4
500185046	protein_coding	ANKS1B	ENSG00000185046	1	1	1	1	1111	4
500185055	protein_coding	EFCAB10	ENSG00000185055	1	1	1	1	1111	4
500185090	protein_coding	MANEAL	ENSG00000185090	1	1	1	1	1111	4
500185130	protein_coding	HIST1H2BL	ENSG00000185130	1	0	0	0	1000	1
500185219	protein_coding	ZNF445	ENSG00000185219	1	1	1	1	1111	4
500185245	protein_coding	GP1BA	ENSG00000185245	1	1	1	1	1111	4
500185274	protein_coding	WBSCR17	ENSG00000185274	1	0	0	1	1001	2
500185338	protein_coding	SOCS1	ENSG00000185338	1	1	1	0	1110	3
500185352	protein_coding	HS6ST3	ENSG00000185352	1	1	1	0	1110	3
500185404	protein_coding	SP140L	ENSG00000185404	1	1	0	0	1100	2
500185420	protein_coding	SMYD3	ENSG00000185420	1	1	1	1	1111	4
500185436	protein_coding	IFNLR1	ENSG00000185436	1	1	1	1	1111	4
500185442	protein_coding	FAM174B	ENSG00000185442	1	1	1	0	1110	3
500185479	protein_coding	KRT6B	ENSG00000185479	1	0	0	0	1000	1
500185499	protein_coding	MUC1	ENSG00000185499	1	1	1	1	1111	4
500185507	protein_coding	IRF7	ENSG00000185507	1	1	1	1	1111	4
500185519	protein_coding	FAM131C	ENSG00000185519	1	1	1	1	1111	4
500185532	protein_coding	PRKG1	ENSG00000185532	1	1	1	1	1111	4
500185634	protein_coding	SHC4	ENSG00000185634	1	1	1	1	1111	4
500185650	protein_coding	ZFP36L1	ENSG00000185650	1	1	1	0	1110	3
500185666	protein_coding	SYN3	ENSG00000185666	1	1	1	1	1111	4
500185681	protein_coding	MORN5	ENSG00000185681	1	1	1	1	1111	4
500185737	protein_coding	NRG3	ENSG00000185737	1	1	1	0	1110	3
500185745	protein_coding	IFIT1	ENSG00000185745	1	1	1	1	1111	4
500185760	protein_coding	KCNQ5	ENSG00000185760	1	1	1	1	1111	4
500185774	protein_coding	KCNIP4	ENSG00000185774	1	1	1	1	1111	4
500185787	protein_coding	MORF4L1	ENSG00000185787	1	1	1	1	1111	4
500185811	protein_coding	IKZF1	ENSG00000185811	1	1	1	1	1111	4
500185933	protein_coding	CALHM1	ENSG00000185933	1	1	1	1	1111	4
500185942	protein_coding	NKAIN3	ENSG00000185942	1	1	1	0	1110	3
500185950	protein_coding	IRS2	ENSG00000185950	1	1	1	0	1110	3
500185989	protein_coding	RASA3	ENSG00000185989	1	1	1	1	1111	4
500186074	protein_coding	CD300LF	ENSG00000186074	1	1	1	1	1111	4
500186075	protein_coding	ZPBP2	ENSG00000186075	1	1	1	0	1110	3
500186081	protein_coding	KRT5	ENSG00000186081	1	0	1	0	1010	2
500186115	protein_coding	CYP4F2	ENSG00000186115	1	1	0	0	1100	2
500186153	protein_coding	WWOX	ENSG00000186153	1	1	1	1	1111	4
500186162	protein_coding	CIDECP	ENSG00000186162	1	0	0	0	1000	1
500186174	protein_coding	BCL9L	ENSG00000186174	1	1	1	1	1111	4
500186188	protein_coding	FFAR4	ENSG00000186188	1	1	1	1	1111	4
500186205	protein_coding	MARC1	ENSG00000186205	1	1	0	1	1101	3
500186231	protein_coding	KLHL32	ENSG00000186231	1	1	1	1	1111	4
500186234	protein_coding	FAM86MP	ENSG00000186234	1	0	0	0	1000	1
500186297	protein_coding	GABRA5	ENSG00000186297	1	1	1	1	1111	4
500186329	protein_coding	TMEM212	ENSG00000186329	1	1	1	1	1111	4
500186350	protein_coding	RXRA	ENSG00000186350	1	1	1	1	1111	4
500186417	protein_coding	GLDN	ENSG00000186417	1	1	1	1	1111	4
500186431	protein_coding	FCAR	ENSG00000186431	1	1	1	0	1110	3
500186470	protein_coding	BTN3A2	ENSG00000186470	1	0	0	0	1000	1
500186472	protein_coding	PCLO	ENSG00000186472	1	1	1	1	1111	4
500186487	protein_coding	MYT1L	ENSG00000186487	1	1	1	1	1111	4
500186510	protein_coding	CLCNKA	ENSG00000186510	1	1	0	1	1101	3
500186517	protein_coding	ARHGAP30	ENSG00000186517	1	1	1	1	1111	4
500186529	protein_coding	CYP4F3	ENSG00000186529	1	1	0	0	1100	2
500186635	protein_coding	ARAP1	ENSG00000186635	1	1	1	1	1111	4
500186660	protein_coding	ZFP91	ENSG00000186660	1	0	0	1	1001	2
500186684	protein_coding	CYP27C1	ENSG00000186684	1	1	1	1	1111	4
500186704	protein_coding	DTX2P1	ENSG00000186704	1	0	0	0	1000	1
500186862	protein_coding	PDZD7	ENSG00000186862	1	1	1	1	1111	4
500186867	protein_coding	QRFPR	ENSG00000186867	1	1	1	1	1111	4
500186868	protein_coding	MAPT	ENSG00000186868	1	1	1	1	1111	4
500186976	protein_coding	EFCAB6	ENSG00000186976	1	1	1	1	1111	4
500187008	lncRNA	ENSG00000187008.2	ENSG00000187008.2	1	1	1	1	1111	4
500187010	protein_coding	RHD	ENSG00000187010	1	0	0	1	1001	2
500187037	protein_coding	GPR141	ENSG00000187037	1	1	1	1	1111	4
500187045	protein_coding	TMPRSS6	ENSG00000187045	1	1	1	1	1111	4
500187048	protein_coding	CYP4A11	ENSG00000187048	1	0	0	0	1000	1
500187094	protein_coding	CCK	ENSG00000187094	1	1	1	1	1111	4
500187097	protein_coding	ENTPD5	ENSG00000187097	1	1	1	1	1111	4
500187122	protein_coding	SLIT1	ENSG00000187122	1	1	1	1	1111	4
500187123	protein_coding	LYPD6	ENSG00000187123	1	1	1	0	1110	3
500187164	protein_coding	KIAA1598	ENSG00000187164	1	0	0	1	1001	2
500187257	protein_coding	RSBN1L	ENSG00000187257	1	1	1	1	1111	4
500187258	protein_coding	NPSR1	ENSG00000187258	1	1	1	1	1111	4
500187323	protein_coding	DCC	ENSG00000187323	1	1	1	1	1111	4
500187416	protein_coding	LHFPL3	ENSG00000187416	1	1	1	1	1111	4
500187446	protein_coding	CHP1	ENSG00000187446	1	1	1	1	1111	4
500187456	protein_coding	RDM1	ENSG00000187456	1	1	1	0	1110	3
500187486	protein_coding	KCNJ11	ENSG00000187486	1	1	0	0	1100	2
500187534	protein_coding	CTC-471F3.4	ENSG00000187534	1	0	0	0	1000	1
500187605	protein_coding	TET3	ENSG00000187605	1	1	1	1	1111	4
500187664	protein_coding	HAPLN4	ENSG00000187664	1	1	1	0	1110	3
500187741	protein_coding	FANCA	ENSG00000187741	1	1	1	1	1111	4
500187764	protein_coding	SEMA4D	ENSG00000187764	1	1	1	1	1111	4
500187775	protein_coding	DNAH17	ENSG00000187775	1	1	0	1	1101	3
500187796	protein_coding	CARD9	ENSG00000187796	1	1	1	1	1111	4
500187837	protein_coding	HIST1H1C	ENSG00000187837	1	1	1	0	1110	3
500187987	protein_coding	ZSCAN23	ENSG00000187987	1	1	1	1	1111	4
500187990	protein_coding	HIST1H2BG	ENSG00000187990	1	0	0	0	1000	1
500188010	protein_coding	MORN2	ENSG00000188010	1	1	1	0	1110	3
500188038	protein_coding	NRN1L	ENSG00000188038	1	1	1	1	1111	4
500188133	protein_coding	TMEM215	ENSG00000188133	1	1	1	0	1110	3
500188171	protein_coding	ZNF626	ENSG00000188171	1	0	0	0	1000	1
500188227	protein_coding	ZNF793	ENSG00000188227	1	1	1	0	1110	3
500188263	protein_coding	IL17REL	ENSG00000188263	1	1	0	1	1101	3
500188266	protein_coding	HYKK	ENSG00000188266	1	1	1	1	1111	4
500188269	protein_coding	OR7A5	ENSG00000188269	1	1	0	0	1100	2
500188295	protein_coding	ZNF669	ENSG00000188295	1	1	0	0	1100	2
500188316	protein_coding	ENO4	ENSG00000188316	1	1	1	1	1111	4
500188404	protein_coding	SELL	ENSG00000188404	1	1	1	1	1111	4
500188467	protein_coding	SLC24A5	ENSG00000188467	1	1	1	1	1111	4
500188517	protein_coding	COL25A1	ENSG00000188517	1	1	1	1	1111	4
500188536	protein_coding	HBA2	ENSG00000188536	1	1	0	1	1101	3
500188559	protein_coding	RALGAPA2	ENSG00000188559	1	1	1	1	1111	4
500188580	protein_coding	NKAIN2	ENSG00000188580	1	1	1	1	1111	4
500188603	protein_coding	CLN3	ENSG00000188603	1	0	0	1	1001	2
500188660	lncRNA	ENSG00000188660.3	ENSG00000188660.3	1	1	1	0	1110	3
500188672	protein_coding	RHCE	ENSG00000188672	1	0	1	0	1010	2
500188687	protein_coding	SLC4A5	ENSG00000188687	1	1	1	1	1111	4
500188786	protein_coding	MTF1	ENSG00000188786	1	1	1	1	1111	4
500188897	protein_coding	CTD-3088G3.8	ENSG00000188897	1	0	0	0	1000	1
500188906	protein_coding	LRRK2	ENSG00000188906	1	1	1	1	1111	4
500188971	lncRNA	ENSG00000188971.4	ENSG00000188971.4	1	1	1	0	1110	3
500188987	protein_coding	HIST1H4D	ENSG00000188987	1	1	0	0	1100	2
500189067	protein_coding	LITAF	ENSG00000189067	1	1	1	1	1111	4
500189120	protein_coding	SP6	ENSG00000189120	1	1	1	0	1110	3
500189134	protein_coding	NKAPL	ENSG00000189134	1	1	1	1	1111	4
500189144	protein_coding	ZNF573	ENSG00000189144	1	0	1	0	1010	2
500189157	protein_coding	FAM47E	ENSG00000189157	1	0	0	1	1001	2
500189164	protein_coding	ZNF527	ENSG00000189164	1	1	1	1	1111	4
500189195	protein_coding	BTBD8	ENSG00000189195	1	1	1	1	1111	4
500189233	protein_coding	NUGGC	ENSG00000189233	1	1	1	1	1111	4
500189283	protein_coding	FHIT	ENSG00000189283	1	1	1	1	1111	4
500189308	protein_coding	LIN54	ENSG00000189308	1	1	1	1	1111	4
500189319	protein_coding	FAM53B	ENSG00000189319	1	1	1	1	1111	4
500189337	protein_coding	KAZN	ENSG00000189337	1	1	1	1	1111	4
500189350	protein_coding	FAM179A	ENSG00000189350	1	0	0	1	1001	2
500189362	protein_coding	TMEM194B	ENSG00000189362	1	0	0	1	1001	2
500196072	protein_coding	BLOC1S2	ENSG00000196072	1	1	0	1	1101	3
500196083	protein_coding	IL1RAP	ENSG00000196083	1	1	1	1	1111	4
500196092	protein_coding	PAX5	ENSG00000196092	1	1	1	1	1111	4
500196096	lncRNA	ENSG00000196096.3	ENSG00000196096.3	1	1	1	1	1111	4
500196104	protein_coding	SPOCK3	ENSG00000196104	1	1	1	1	1111	4
500196118	protein_coding	C16orf93	ENSG00000196118	1	0	0	1	1001	2
500196126	protein_coding	HLA-DRB1	ENSG00000196126	1	0	0	0	1000	1
500196132	protein_coding	MYT1	ENSG00000196132	1	1	1	0	1110	3
500196176	protein_coding	HIST1H4A	ENSG00000196176	1	0	0	0	1000	1
500196182	protein_coding	STK40	ENSG00000196182	1	1	1	1	1111	4
500196208	protein_coding	GREB1	ENSG00000196208	1	1	1	1	1111	4
500196226	protein_coding	HIST1H2BB	ENSG00000196226	1	1	0	0	1100	2
500196301	protein_coding	HLA-DRB9	ENSG00000196301	1	0	0	0	1000	1
500196326	protein_coding	AKR1CL1	ENSG00000196326	1	0	0	0	1000	1
500196331	protein_coding	HIST1H2BO	ENSG00000196331	1	1	1	0	1110	3
500196374	protein_coding	HIST1H2BM	ENSG00000196374	1	1	1	0	1110	3
500196376	protein_coding	SLC35F1	ENSG00000196376	1	1	1	1	1111	4
500196381	protein_coding	ZNF781	ENSG00000196381	1	1	0	0	1100	2
500196388	protein_coding	INCA1	ENSG00000196388	1	1	1	1	1111	4
500196391	protein_coding	ZNF774	ENSG00000196391	1	1	1	0	1110	3
500196396	protein_coding	PTPN1	ENSG00000196396	1	1	1	1	1111	4
500196428	protein_coding	TSC22D2	ENSG00000196428	1	1	1	0	1110	3
500196437	protein_coding	ZNF569	ENSG00000196437	1	1	1	1	1111	4
500196482	protein_coding	ESRRG	ENSG00000196482	1	1	1	1	1111	4
500196502	protein_coding	SULT1A1	ENSG00000196502	1	0	0	0	1000	1
500196517	protein_coding	SLC6A9	ENSG00000196517	1	1	1	1	1111	4
500196532	protein_coding	HIST1H3C	ENSG00000196532	1	0	0	0	1000	1
500196535	protein_coding	MYO18A	ENSG00000196535	1	1	1	1	1111	4
500196542	protein_coding	SPTSSB	ENSG00000196542	1	1	0	0	1100	2
500196547	protein_coding	MAN2A2	ENSG00000196547	1	1	1	1	1111	4
500196565	protein_coding	HBG2	ENSG00000196565	1	1	0	1	1101	3
500196586	protein_coding	MYO6	ENSG00000196586	1	1	1	1	1111	4
500196588	protein_coding	MKL1	ENSG00000196588	1	0	0	1	1001	2
500196593	protein_coding	ANKRD20A19P	ENSG00000196593	1	0	0	0	1000	1
500196611	protein_coding	MMP1	ENSG00000196611	1	1	1	1	1111	4
500196616	protein_coding	ADH1B	ENSG00000196616	1	1	1	1	1111	4
500196628	protein_coding	TCF4	ENSG00000196628	1	1	1	1	1111	4
500196666	protein_coding	FAM180B	ENSG00000196666	1	1	1	0	1110	3
500196735	protein_coding	HLA-DQA1	ENSG00000196735	1	1	0	0	1100	2
500196747	protein_coding	HIST1H2AI	ENSG00000196747	1	0	0	0	1000	1
500196782	protein_coding	MAML3	ENSG00000196782	1	1	1	1	1111	4
500196787	protein_coding	HIST1H2AG	ENSG00000196787	1	0	0	0	1000	1
500196812	protein_coding	ZSCAN16	ENSG00000196812	1	1	1	1	1111	4
500196821	protein_coding	C6orf106	ENSG00000196821	1	0	1	1	1011	3
500196843	protein_coding	ARID5A	ENSG00000196843	1	1	1	1	1111	4
500196850	protein_coding	PPTC7	ENSG00000196850	1	1	1	0	1110	3
500196866	protein_coding	HIST1H2AD	ENSG00000196866	1	1	0	0	1100	2
500196872	protein_coding	KIAA1211L	ENSG00000196872	1	1	1	1	1111	4
500196912	protein_coding	ANKRD36B	ENSG00000196912	1	0	0	0	1000	1
500196923	protein_coding	PDLIM7	ENSG00000196923	1	1	1	1	1111	4
500196937	protein_coding	FAM3C	ENSG00000196937	1	1	1	1	1111	4
500196954	protein_coding	CASP4	ENSG00000196954	1	1	1	1	1111	4
500196966	protein_coding	HIST1H3E	ENSG00000196966	1	0	0	0	1000	1
500196990	protein_coding	FAM163B	ENSG00000196990	1	1	1	0	1110	3
500197016	protein_coding	ZNF470	ENSG00000197016	1	1	1	0	1110	3
500197054	protein_coding	ZNF763	ENSG00000197054	1	0	0	0	1000	1
500197061	protein_coding	HIST1H4C	ENSG00000197061	1	0	0	0	1000	1
500197062	protein_coding	RP5-874C20.3	ENSG00000197062	1	0	0	1	1001	2
500197081	protein_coding	IGF2R	ENSG00000197081	1	1	1	1	1111	4
500197136	protein_coding	PCNXL3	ENSG00000197136	1	0	0	1	1001	2
500197146	protein_coding	AL133458.1	ENSG00000197146	1	0	0	0	1000	1
500197153	protein_coding	HIST1H3J	ENSG00000197153	1	1	0	0	1100	2
500197165	protein_coding	SULT1A2	ENSG00000197165	1	1	0	0	1100	2
500197183	protein_coding	C20orf112	ENSG00000197183	1	0	1	1	1011	3
500197208	protein_coding	SLC22A4	ENSG00000197208	1	1	1	1	1111	4
500197217	protein_coding	ENTPD4	ENSG00000197217	1	1	1	0	1110	3
500197251	lncRNA	ENSG00000197251.3	ENSG00000197251.3	1	1	1	1	1111	4
500197272	protein_coding	IL27	ENSG00000197272	1	1	0	1	1101	3
500197279	protein_coding	ZNF165	ENSG00000197279	1	1	1	1	1111	4
500197283	protein_coding	SYNGAP1	ENSG00000197283	1	1	1	1	1111	4
500197329	protein_coding	PELI1	ENSG00000197329	1	1	1	1	1111	4
500197343	protein_coding	ZNF655	ENSG00000197343	1	1	1	1	1111	4
500197409	protein_coding	HIST1H3D	ENSG00000197409	1	1	1	0	1110	3
500197442	protein_coding	MAP3K5	ENSG00000197442	1	1	1	1	1111	4
500197445	protein_coding	C16orf47	ENSG00000197445	1	0	0	0	1000	1
500197459	protein_coding	HIST1H2BH	ENSG00000197459	1	1	1	0	1110	3
500197465	protein_coding	GYPE	ENSG00000197465	1	0	0	0	1000	1
500197506	protein_coding	SLC28A3	ENSG00000197506	1	1	1	1	1111	4
500197520	protein_coding	FAM177B	ENSG00000197520	1	1	1	1	1111	4
500197535	protein_coding	MYO5A	ENSG00000197535	1	1	1	1	1111	4
500197536	protein_coding	C5orf56	ENSG00000197536	1	0	0	0	1000	1
500197548	protein_coding	ATG7	ENSG00000197548	1	1	1	1	1111	4
500197555	protein_coding	SIPA1L1	ENSG00000197555	1	1	1	1	1111	4
500197580	protein_coding	BCO2	ENSG00000197580	1	1	1	1	1111	4
500197584	protein_coding	KCNMB2	ENSG00000197584	1	1	1	0	1110	3
500197594	protein_coding	ENPP1	ENSG00000197594	1	1	1	1	1111	4
500197603	protein_coding	C5orf42	ENSG00000197603	1	0	0	1	1001	2
500197616	protein_coding	MYH6	ENSG00000197616	1	1	0	0	1100	2
500197619	protein_coding	ZNF615	ENSG00000197619	1	1	1	1	1111	4
500197653	protein_coding	DNAH10	ENSG00000197653	1	1	1	1	1111	4
500197697	protein_coding	HIST1H2BE	ENSG00000197697	1	1	0	0	1100	2
500197701	protein_coding	ZNF595	ENSG00000197701	1	1	1	0	1110	3
500197705	protein_coding	KLHL14	ENSG00000197705	1	1	1	1	1111	4
500197721	protein_coding	CR1L	ENSG00000197721	1	1	1	1	1111	4
500197748	protein_coding	WDR96	ENSG00000197748	1	0	0	1	1001	2
500197753	protein_coding	LHFPL5	ENSG00000197753	1	1	1	0	1110	3
500197757	protein_coding	HOXC6	ENSG00000197757	1	1	1	0	1110	3
500197813	lncRNA	ENSG00000197813.4	ENSG00000197813.4	1	1	1	0	1110	3
500197818	protein_coding	SLC9A8	ENSG00000197818	1	1	1	1	1111	4
500197846	protein_coding	HIST1H2BF	ENSG00000197846	1	0	0	0	1000	1
500197857	protein_coding	ZNF44	ENSG00000197857	1	1	1	0	1110	3
500197863	protein_coding	ZNF790	ENSG00000197863	1	0	1	1	1011	3
500197872	protein_coding	FAM49A	ENSG00000197872	1	1	1	0	1110	3
500197903	protein_coding	HIST1H2BK	ENSG00000197903	1	0	1	0	1010	2
500197914	protein_coding	HIST1H4K	ENSG00000197914	1	0	0	0	1000	1
500197943	protein_coding	PLCG2	ENSG00000197943	1	1	1	1	1111	4
500197959	protein_coding	DNM3	ENSG00000197959	1	1	1	1	1111	4
500197977	protein_coding	ELOVL2	ENSG00000197977	1	1	1	0	1110	3
500197980	protein_coding	LEKR1	ENSG00000197980	1	1	0	0	1100	2
500197993	protein_coding	KEL	ENSG00000197993	1	1	1	1	1111	4
500198010	protein_coding	DLGAP2	ENSG00000198010	1	1	1	1	1111	4
500198046	protein_coding	ZNF667	ENSG00000198046	1	1	1	1	1111	4
500198053	protein_coding	SIRPA	ENSG00000198053	1	1	0	0	1100	2
500198054	protein_coding	DSCR8	ENSG00000198054	1	0	0	0	1000	1
500198055	protein_coding	GRK6	ENSG00000198055	1	1	1	1	1111	4
500198089	protein_coding	SFI1	ENSG00000198089	1	1	1	1	1111	4
500198099	protein_coding	ADH4	ENSG00000198099	1	1	1	1	1111	4
500198105	protein_coding	ZNF248	ENSG00000198105	1	1	1	0	1110	3
500198108	protein_coding	CHSY3	ENSG00000198108	1	1	1	1	1111	4
500198155	protein_coding	ZNF876P	ENSG00000198155	1	0	0	0	1000	1
500198160	protein_coding	MIER1	ENSG00000198160	1	1	1	1	1111	4
500198208	protein_coding	RPS6KL1	ENSG00000198208	1	1	1	1	1111	4
500198211	protein_coding	TUBB3	ENSG00000198211	1	1	0	1	1101	3
500198216	protein_coding	CACNA1E	ENSG00000198216	1	1	1	1	1111	4
500198327	protein_coding	HIST1H4F	ENSG00000198327	1	0	0	0	1000	1
500198339	protein_coding	HIST1H4I	ENSG00000198339	1	0	0	0	1000	1
500198353	protein_coding	HOXC4	ENSG00000198353	1	1	1	0	1110	3
500198355	protein_coding	PIM3	ENSG00000198355	1	1	1	0	1110	3
500198366	protein_coding	HIST1H3A	ENSG00000198366	1	1	0	0	1100	2
500198373	protein_coding	WWP2	ENSG00000198373	1	1	1	1	1111	4
500198374	protein_coding	HIST1H2AL	ENSG00000198374	1	0	0	0	1000	1
500198382	protein_coding	UVRAG	ENSG00000198382	1	1	1	1	1111	4
500198440	protein_coding	ZNF583	ENSG00000198440	1	1	1	0	1110	3
500198453	protein_coding	ZNF568	ENSG00000198453	1	1	1	1	1111	4
500198478	protein_coding	SH3BGRL2	ENSG00000198478	1	1	1	1	1111	4
500198502	protein_coding	HLA-DRB5	ENSG00000198502	1	0	0	0	1000	1
500198513	protein_coding	ATL1	ENSG00000198513	1	1	1	1	1111	4
500198518	protein_coding	HIST1H4E	ENSG00000198518	1	0	0	0	1000	1
500198523	protein_coding	PLN	ENSG00000198523	1	1	0	0	1100	2
500198556	protein_coding	ZNF789	ENSG00000198556	1	1	1	1	1111	4
500198558	protein_coding	HIST1H4L	ENSG00000198558	1	0	0	0	1000	1
500198597	protein_coding	ZNF536	ENSG00000198597	1	1	1	1	1111	4
500198604	protein_coding	BAZ1A	ENSG00000198604	1	1	1	1	1111	4
500198610	protein_coding	AKR1C4	ENSG00000198610	1	1	0	0	1100	2
500198624	protein_coding	CCDC69	ENSG00000198624	1	0	1	1	1011	3
500198626	protein_coding	RYR2	ENSG00000198626	1	1	1	1	1111	4
500198646	protein_coding	NCOA6	ENSG00000198646	1	1	1	1	1111	4
500198673	protein_coding	FAM19A2	ENSG00000198673	1	0	0	0	1000	1
500198732	protein_coding	SMOC1	ENSG00000198732	1	1	1	1	1111	4
500198734	protein_coding	F5	ENSG00000198734	1	1	1	1	1111	4
500198739	protein_coding	LRRTM3	ENSG00000198739	1	1	1	1	1111	4
500198740	protein_coding	ZNF652	ENSG00000198740	1	0	1	1	1011	3
500198742	protein_coding	SMURF1	ENSG00000198742	1	1	1	0	1110	3
500198756	protein_coding	COLGALT2	ENSG00000198756	1	1	1	1	1111	4
500198785	protein_coding	GRIN3A	ENSG00000198785	1	1	1	1	1111	4
500198794	protein_coding	SCAMP5	ENSG00000198794	1	1	1	1	1111	4
500198821	protein_coding	CD247	ENSG00000198821	1	1	1	1	1111	4
500198829	protein_coding	SUCNR1	ENSG00000198829	1	1	1	0	1110	3
500198838	protein_coding	RYR3	ENSG00000198838	1	1	1	1	1111	4
500198873	protein_coding	GRK5	ENSG00000198873	1	1	1	1	1111	4
500198879	protein_coding	SFMBT2	ENSG00000198879	1	1	1	1	1111	4
500198900	protein_coding	TOP1	ENSG00000198900	1	1	1	1	1111	4
500198914	protein_coding	POU3F3	ENSG00000198914	1	1	0	0	1100	2
500198915	protein_coding	RASGEF1A	ENSG00000198915	1	1	1	1	1111	4
500198919	protein_coding	DZIP3	ENSG00000198919	1	1	1	1	1111	4
500198929	protein_coding	NOS1AP	ENSG00000198929	1	1	0	0	1100	2
500198933	protein_coding	TBKBP1	ENSG00000198933	1	1	1	0	1110	3
500198954	protein_coding	KIAA1279	ENSG00000198954	1	0	0	1	1001	2
500198987	protein_coding	MIR16-2	ENSG00000198987	1	0	0	0	1000	1
500199065	protein_coding	MIR101-2	ENSG00000199065	1	0	1	1	1011	3
500199289	protein_coding	RNU6-502P	ENSG00000199289	1	0	0	0	1000	1
500199562	protein_coding	RNU6-37P	ENSG00000199562	1	0	0	0	1000	1
500199593	protein_coding	SNORD114-14	ENSG00000199593	1	0	1	0	1010	2
500199932	protein_coding	RNU1-18P	ENSG00000199932	1	0	0	1	1001	2
500200058	protein_coding	RNA5SP218	ENSG00000200058	1	0	0	0	1000	1
500200089	protein_coding	SNORD114-31	ENSG00000200089	1	0	1	0	1010	2
500200413	protein_coding	SNORD114-26	ENSG00000200413	1	0	1	0	1010	2
500200530	protein_coding	SNORD35B	ENSG00000200530	1	0	0	0	1000	1
500201240	protein_coding	SNORD114-9	ENSG00000201240	1	0	1	0	1010	2
500201524	protein_coding	RNU6-450P	ENSG00000201524	1	0	0	1	1001	2
500201557	protein_coding	SNORD114-15	ENSG00000201557	1	0	1	0	1010	2
500201680	lncRNA	ENSG00000201680.1	ENSG00000201680.1	1	0	1	1	1011	3
500201823	protein_coding	SNORD48	ENSG00000201823	1	0	1	0	1010	2
500202310	lncRNA	ENSG00000202310.1	ENSG00000202310.1	1	1	1	0	1110	3
500203280	lncRNA	ENSG00000203280.3	ENSG00000203280.3	1	1	1	1	1111	4
500203395	lncRNA	ENSG00000203395.2	ENSG00000203395.2	1	1	1	1	1111	4
500203601	lncRNA	ENSG00000203601.3	ENSG00000203601.3	1	1	1	1	1111	4
500203685	protein_coding	C1orf95	ENSG00000203685	1	0	0	1	1001	2
500203709	lncRNA	ENSG00000203709.5	ENSG00000203709.5	1	1	0	1	1101	3
500203710	protein_coding	CR1	ENSG00000203710	1	1	1	1	1111	4
500203711	protein_coding	C6orf99	ENSG00000203711	1	0	0	0	1000	1
500203799	protein_coding	CCDC162P	ENSG00000203799	1	0	0	0	1000	1
500203804	protein_coding	ADAMTSL4-AS1	ENSG00000203804	1	0	0	0	1000	1
500203809	lncRNA	ENSG00000203809.5	ENSG00000203809.5	1	1	0	1	1101	3
500203863	protein_coding	AL079342.1	ENSG00000203863	1	0	0	0	1000	1
500203896	protein_coding	LIME1	ENSG00000203896	1	0	0	1	1001	2
500203943	protein_coding	SAMD13	ENSG00000203943	1	1	1	0	1110	3
500204031	protein_coding	LCN1P2	ENSG00000204031	1	0	0	0	1000	1
500204044	lncRNA	ENSG00000204044.5	ENSG00000204044.5	1	1	1	1	1111	4
500204060	protein_coding	FOXO6	ENSG00000204060	1	1	1	0	1110	3
500204120	protein_coding	GIGYF2	ENSG00000204120	1	1	1	1	1111	4
500204160	protein_coding	ZDHHC18	ENSG00000204160	1	1	1	1	1111	4
500204178	protein_coding	TMEM57	ENSG00000204178	1	0	0	1	1001	2
500204186	protein_coding	ZDBF2	ENSG00000204186	1	1	1	1	1111	4
500204220	protein_coding	PFDN6	ENSG00000204220	1	1	1	1	1111	4
500204252	protein_coding	HLA-DOA	ENSG00000204252	1	1	0	1	1101	3
500204256	protein_coding	BRD2	ENSG00000204256	1	1	1	1	1111	4
500204257	protein_coding	HLA-DMA	ENSG00000204257	1	0	0	1	1001	2
500204261	lncRNA	ENSG00000204261.4	ENSG00000204261.4	1	1	1	1	1111	4
500204264	protein_coding	PSMB8	ENSG00000204264	1	1	1	1	1111	4
500204267	protein_coding	TAP2	ENSG00000204267	1	0	0	1	1001	2
500204287	protein_coding	HLA-DRA	ENSG00000204287	1	0	1	0	1010	2
500204301	protein_coding	NOTCH4	ENSG00000204301	1	1	1	1	1111	4
500204304	protein_coding	PBX2	ENSG00000204304	1	1	1	1	1111	4
500204308	protein_coding	RNF5	ENSG00000204308	1	1	1	0	1110	3
500204314	protein_coding	PRRT1	ENSG00000204314	1	1	1	1	1111	4
500204344	protein_coding	STK19	ENSG00000204344	1	1	1	1	1111	4
500204351	protein_coding	SKIV2L	ENSG00000204351	1	1	1	1	1111	4
500204385	protein_coding	SLC44A4	ENSG00000204385	1	1	1	1	1111	4
500204387	protein_coding	C6orf48	ENSG00000204387	1	0	0	0	1000	1
500204388	protein_coding	HSPA1B	ENSG00000204388	1	0	0	1	1001	2
500204389	protein_coding	HSPA1A	ENSG00000204389	1	0	0	0	1000	1
500204396	protein_coding	VWA7	ENSG00000204396	1	1	1	1	1111	4
500204410	protein_coding	MSH5	ENSG00000204410	1	0	0	1	1001	2
500204420	protein_coding	C6orf25	ENSG00000204420	1	0	0	1	1001	2
500204422	protein_coding	XXbac-BPG32J3.20	ENSG00000204422	1	0	0	0	1000	1
500204424	protein_coding	LY6G6F	ENSG00000204424	1	0	0	0	1000	1
500204427	protein_coding	ABHD16A	ENSG00000204427	1	1	1	1	1111	4
500204438	protein_coding	GPANK1	ENSG00000204438	1	1	1	1	1111	4
500204442	protein_coding	FAM155A	ENSG00000204442	1	1	1	1	1111	4
500204444	protein_coding	APOM	ENSG00000204444	1	1	1	1	1111	4
500204472	protein_coding	AIF1	ENSG00000204472	1	1	1	1	1111	4
500204475	protein_coding	NCR3	ENSG00000204475	1	1	1	1	1111	4
500204482	protein_coding	LST1	ENSG00000204482	1	1	1	0	1110	3
500204525	protein_coding	HLA-C	ENSG00000204525	1	0	0	0	1000	1
500204538	protein_coding	PSORS1C2	ENSG00000204538	1	1	1	1	1111	4
500204542	protein_coding	C6orf15	ENSG00000204542	1	0	0	1	1001	2
500204569	protein_coding	PPP1R10	ENSG00000204569	1	1	1	1	1111	4
500204599	protein_coding	TRIM39	ENSG00000204599	1	1	1	1	1111	4
500204613	protein_coding	TRIM10	ENSG00000204613	1	1	1	1	1111	4
500204614	protein_coding	TRIM40	ENSG00000204614	1	1	1	1	1111	4
500204618	protein_coding	RNF39	ENSG00000204618	1	1	1	1	1111	4
500204622	protein_coding	HLA-J	ENSG00000204622	1	0	0	0	1000	1
500204623	lncRNA	ENSG00000204623.4	ENSG00000204623.4	1	1	0	0	1100	2
500204625	lncRNA	ENSG00000204625.6	ENSG00000204625.6	1	1	0	0	1100	2
500204642	protein_coding	HLA-F	ENSG00000204642	1	0	1	0	1010	2
500204650	protein_coding	CRHR1-IT1	ENSG00000204650	1	0	0	0	1000	1
500204653	protein_coding	ASPDH	ENSG00000204653	1	1	1	1	1111	4
500204655	protein_coding	MOG	ENSG00000204655	1	1	1	0	1110	3
500204740	protein_coding	C10orf112	ENSG00000204740	1	0	0	1	1001	2
500204764	protein_coding	RANBP17	ENSG00000204764	1	1	1	1	1111	4
500204789	protein_coding	ZNF204P	ENSG00000204789	1	0	0	0	1000	1
500204842	protein_coding	ATXN2	ENSG00000204842	1	1	1	1	1111	4
500204852	protein_coding	TCTN1	ENSG00000204852	1	1	1	1	1111	4
500204860	lncRNA	ENSG00000204860.4	ENSG00000204860.4	1	1	1	0	1110	3
500204929	lncRNA	ENSG00000204929.7	ENSG00000204929.7	1	1	1	1	1111	4
500204961	protein_coding	PCDHA9	ENSG00000204961	1	0	0	0	1000	1
500204962	protein_coding	PCDHA8	ENSG00000204962	1	0	0	0	1000	1
500204963	protein_coding	PCDHA7	ENSG00000204963	1	0	0	0	1000	1
500204965	protein_coding	PCDHA5	ENSG00000204965	1	0	0	0	1000	1
500204967	protein_coding	PCDHA4	ENSG00000204967	1	0	0	0	1000	1
500204969	protein_coding	PCDHA2	ENSG00000204969	1	0	0	0	1000	1
500204970	protein_coding	PCDHA1	ENSG00000204970	1	0	0	0	1000	1
500204991	protein_coding	SPIRE2	ENSG00000204991	1	1	1	0	1110	3
500205035	protein_coding	RP11-707M1.1	ENSG00000205035	1	0	0	0	1000	1
500205189	protein_coding	ZBTB10	ENSG00000205189	1	1	1	1	1111	4
500205220	protein_coding	PSMB10	ENSG00000205220	1	1	1	0	1110	3
500205269	protein_coding	TMEM170B	ENSG00000205269	1	1	1	1	1111	4
500205279	protein_coding	CTXN3	ENSG00000205279	1	1	0	0	1100	2
500205363	protein_coding	C15orf59	ENSG00000205363	1	0	0	0	1000	1
500205420	protein_coding	KRT6A	ENSG00000205420	1	1	0	0	1100	2
500205423	protein_coding	CNEP1R1	ENSG00000205423	1	1	1	1	1111	4
500205436	protein_coding	EXOC3L4	ENSG00000205436	1	1	1	1	1111	4
500205488	lncRNA	ENSG00000205488.4	ENSG00000205488.4	1	1	1	1	1111	4
500205562	lncRNA	ENSG00000205562.1	ENSG00000205562.1	1	1	1	1	1111	4
500205642	protein_coding	VCX3B	ENSG00000205642	1	0	0	1	1001	2
500205683	protein_coding	DPF3	ENSG00000205683	1	1	1	1	1111	4
500205704	protein_coding	LINC00634	ENSG00000205704	1	0	0	0	1000	1
500205716	protein_coding	AC007248.6	ENSG00000205716	1	0	0	0	1000	1
500205726	protein_coding	ITSN1	ENSG00000205726	1	1	1	1	1111	4
500205809	protein_coding	KLRC2	ENSG00000205809	1	0	0	0	1000	1
500205810	protein_coding	KLRC3	ENSG00000205810	1	1	0	0	1100	2
500205838	protein_coding	TTC23L	ENSG00000205838	1	1	1	1	1111	4
500205871	protein_coding	RPS3AP47	ENSG00000205871	1	0	0	0	1000	1
500205955	protein_coding	HSP90AA5P	ENSG00000205955	1	0	0	0	1000	1
500206120	protein_coding	EGFEM1P	ENSG00000206120	1	0	0	0	1000	1
500206177	protein_coding	HBM	ENSG00000206177	1	1	1	1	1111	4
500206187	lncRNA	ENSG00000206187.3	ENSG00000206187.3	1	1	1	0	1110	3
500206337	lncRNA	ENSG00000206337.6	ENSG00000206337.6	1	0	1	0	1010	2
500206344	protein_coding	HCG27	ENSG00000206344	1	0	0	0	1000	1
500206503	protein_coding	HLA-A	ENSG00000206503	1	1	0	0	1100	2
500206530	protein_coding	WDR52	ENSG00000206530	1	0	0	1	1001	2
500206535	protein_coding	LNP1	ENSG00000206535	1	1	1	1	1111	4
500206561	protein_coding	COLQ	ENSG00000206561	1	1	0	0	1100	2
500206603	protein_coding	SNORA22	ENSG00000206603	1	0	0	0	1000	1
500207101	lncRNA	ENSG00000207101.1	ENSG00000207101.1	1	1	1	0	1110	3
500207124	protein_coding	RNU6-163P	ENSG00000207124	1	0	0	0	1000	1
500207128	protein_coding	RNU6-729P	ENSG00000207128	1	0	0	0	1000	1
500207182	protein_coding	RNU1-44P	ENSG00000207182	1	0	0	0	1000	1
500207491	protein_coding	RNU6-423P	ENSG00000207491	1	0	0	0	1000	1
500207523	protein_coding	SNORA66	ENSG00000207523	1	0	1	0	1010	2
500207603	protein_coding	MIR7-1	ENSG00000207603	1	0	0	0	1000	1
500207703	protein_coding	MIR7-2	ENSG00000207703	1	0	0	0	1000	1
500207816	protein_coding	MIR124-2	ENSG00000207816	1	0	0	1	1001	2
500207954	protein_coding	MIR138-1	ENSG00000207954	1	1	0	0	1100	2
500209582	protein_coding	SNORA48	ENSG00000209582	1	0	1	0	1010	2
500211452	protein_coding	DIO1	ENSG00000211452	1	1	1	1	1111	4
500211584	protein_coding	SLC48A1	ENSG00000211584	1	1	1	1	1111	4
500211676	protein_coding	IGLJ2	ENSG00000211676	1	0	0	0	1000	1
500211689	protein_coding	TRGC1	ENSG00000211689	1	0	0	1	1001	2
500211691	protein_coding	TRGJP	ENSG00000211691	1	0	0	0	1000	1
500211692	protein_coding	TRGJP1	ENSG00000211692	1	0	0	0	1000	1
500211693	protein_coding	TRGV11	ENSG00000211693	1	0	0	0	1000	1
500211694	protein_coding	TRGV10	ENSG00000211694	1	1	1	0	1110	3
500211695	protein_coding	TRGV9	ENSG00000211695	1	1	1	0	1110	3
500211696	protein_coding	TRGV8	ENSG00000211696	1	0	0	0	1000	1
500211697	protein_coding	TRGV5	ENSG00000211697	1	0	0	0	1000	1
500211698	protein_coding	TRGV4	ENSG00000211698	1	0	0	0	1000	1
500211699	protein_coding	TRGV3	ENSG00000211699	1	0	0	0	1000	1
500211701	protein_coding	TRGV1	ENSG00000211701	1	0	0	0	1000	1
500211750	protein_coding	TRBV24-1	ENSG00000211750	1	1	1	0	1110	3
500211751	protein_coding	TRBV25-1	ENSG00000211751	1	1	0	0	1100	2
500211752	protein_coding	TRBV27	ENSG00000211752	1	0	1	0	1010	2
500211753	protein_coding	TRBV28	ENSG00000211753	1	1	1	0	1110	3
500211764	protein_coding	TRBJ2-1	ENSG00000211764	1	0	0	0	1000	1
500211765	protein_coding	TRBJ2-2	ENSG00000211765	1	0	0	0	1000	1
500211766	protein_coding	TRBJ2-2P	ENSG00000211766	1	0	0	0	1000	1
500211767	protein_coding	TRBJ2-3	ENSG00000211767	1	0	0	0	1000	1
500211768	protein_coding	TRBJ2-4	ENSG00000211768	1	0	0	0	1000	1
500211769	protein_coding	TRBJ2-5	ENSG00000211769	1	0	0	0	1000	1
500211770	protein_coding	TRBJ2-6	ENSG00000211770	1	0	0	0	1000	1
500211771	protein_coding	TRBJ2-7	ENSG00000211771	1	0	0	0	1000	1
500211772	protein_coding	TRBC2	ENSG00000211772	1	0	0	0	1000	1
500211778	protein_coding	TRAV4	ENSG00000211778	1	0	0	0	1000	1
500211779	protein_coding	TRAV5	ENSG00000211779	1	0	1	0	1010	2
500211780	protein_coding	TRAV6	ENSG00000211780	1	0	0	0	1000	1
500211798	protein_coding	TRAV18	ENSG00000211798	1	0	0	0	1000	1
500211803	protein_coding	TRAV23DV6	ENSG00000211803	1	0	0	0	1000	1
500211804	protein_coding	TRDV1	ENSG00000211804	1	0	0	0	1000	1
500211805	protein_coding	TRAV24	ENSG00000211805	1	0	0	1	1001	2
500211806	protein_coding	TRAV25	ENSG00000211806	1	0	0	0	1000	1
500211816	protein_coding	TRAV38-1	ENSG00000211816	1	1	1	0	1110	3
500211821	protein_coding	TRDV2	ENSG00000211821	1	0	0	0	1000	1
500211825	protein_coding	TRDJ1	ENSG00000211825	1	0	0	0	1000	1
500211826	protein_coding	TRDJ4	ENSG00000211826	1	0	0	0	1000	1
500211827	protein_coding	TRDJ2	ENSG00000211827	1	0	0	0	1000	1
500211828	protein_coding	TRDJ3	ENSG00000211828	1	0	0	0	1000	1
500211829	protein_coding	TRDC	ENSG00000211829	1	0	0	0	1000	1
500211831	protein_coding	TRAJ61	ENSG00000211831	1	0	0	0	1000	1
500211833	protein_coding	TRAJ58	ENSG00000211833	1	0	0	0	1000	1
500211834	protein_coding	TRAJ57	ENSG00000211834	1	0	0	0	1000	1
500211835	protein_coding	TRAJ56	ENSG00000211835	1	0	0	0	1000	1
500211836	protein_coding	TRAJ54	ENSG00000211836	1	0	0	0	1000	1
500211838	protein_coding	TRAJ52	ENSG00000211838	1	0	0	0	1000	1
500211842	protein_coding	TRAJ47	ENSG00000211842	1	0	0	0	1000	1
500211843	protein_coding	TRAJ46	ENSG00000211843	1	0	0	0	1000	1
500211850	protein_coding	TRAJ39	ENSG00000211850	1	0	0	0	1000	1
500211851	protein_coding	TRAJ38	ENSG00000211851	1	0	1	0	1010	2
500211878	protein_coding	TRAJ11	ENSG00000211878	1	0	0	0	1000	1
500211897	protein_coding	IGHG3	ENSG00000211897	1	0	0	0	1000	1
500211899	protein_coding	IGHM	ENSG00000211899	1	0	1	0	1010	2
500211967	protein_coding	IGHV3-53	ENSG00000211967	1	0	0	0	1000	1
500211972	protein_coding	IGHV3-66	ENSG00000211972	1	0	0	0	1000	1
500211973	protein_coding	IGHV1-69	ENSG00000211973	1	0	0	0	1000	1
500211974	protein_coding	IGHV2-70	ENSG00000211974	1	0	0	0	1000	1
500211976	protein_coding	IGHV3-73	ENSG00000211976	1	1	0	0	1100	2
500211997	protein_coding	MIR708	ENSG00000211997	1	0	0	1	1001	2
500212066	protein_coding	AL645941.1	ENSG00000212066	1	0	0	0	1000	1
500212643	protein_coding	ZRSR1	ENSG00000212643	1	0	0	0	1000	1
500212743	protein_coding	DKFZP667F0711	ENSG00000212743	1	0	0	0	1000	1
500213047	protein_coding	DENND1B	ENSG00000213047	1	1	1	1	1111	4
500213062	protein_coding	AL021068.1	ENSG00000213062	1	0	0	0	1000	1
500213085	protein_coding	CCDC19	ENSG00000213085	1	0	0	1	1001	2
500213088	protein_coding	DARC	ENSG00000213088	1	0	0	1	1001	2
500213203	protein_coding	GIMAP1	ENSG00000213203	1	1	0	1	1101	3
500213204	protein_coding	C6orf165	ENSG00000213204	1	0	0	1	1001	2
500213246	protein_coding	SUPT4H1	ENSG00000213246	1	1	1	1	1111	4
500213341	protein_coding	CHUK	ENSG00000213341	1	1	1	1	1111	4
500213347	protein_coding	MXD3	ENSG00000213347	1	1	1	1	1111	4
500213413	protein_coding	PVRIG	ENSG00000213413	1	1	1	1	1111	4
500213462	protein_coding	ERV3-1	ENSG00000213462	1	0	0	0	1000	1
500213516	protein_coding	RBMXL1	ENSG00000213516	1	0	1	0	1010	2
500213523	protein_coding	SRA1	ENSG00000213523	1	1	0	1	1101	3
500213626	protein_coding	LBH	ENSG00000213626	1	1	1	1	1111	4
500213654	protein_coding	GPSM3	ENSG00000213654	1	1	1	1	1111	4
500213658	protein_coding	LAT	ENSG00000213658	1	1	0	1	1101	3
500213689	protein_coding	TREX1	ENSG00000213689	1	1	1	1	1111	4
500213760	protein_coding	ATP6V1G2	ENSG00000213760	1	1	1	0	1110	3
500213809	protein_coding	KLRK1	ENSG00000213809	1	1	1	1	1111	4
500213930	protein_coding	GALT	ENSG00000213930	1	0	0	1	1001	2
500213931	protein_coding	HBE1	ENSG00000213931	1	1	0	0	1100	2
500213949	protein_coding	ITGA1	ENSG00000213949	1	1	1	1	1111	4
500213996	protein_coding	TM6SF2	ENSG00000213996	1	1	1	0	1110	3
500214050	protein_coding	FBXO16	ENSG00000214050	1	1	1	1	1111	4
500214070	protein_coding	AC011999.1	ENSG00000214070	1	0	0	0	1000	1
500214193	protein_coding	SH3D21	ENSG00000214193	1	1	1	1	1111	4
500214255	protein_coding	RPS2P6	ENSG00000214255	1	0	0	0	1000	1
500214279	protein_coding	RP11-108K14.4	ENSG00000214279	1	0	0	0	1000	1
500214401	lncRNA	ENSG00000214401.4	ENSG00000214401.4	1	1	0	1	1101	3
500214432	lncRNA	ENSG00000214432.5	ENSG00000214432.5	1	1	1	0	1110	3
500214435	protein_coding	AS3MT	ENSG00000214435	1	1	1	0	1110	3
500214510	protein_coding	SPINK13	ENSG00000214510	1	1	1	0	1110	3
500214530	protein_coding	STARD10	ENSG00000214530	1	1	1	0	1110	3
500214595	protein_coding	EML6	ENSG00000214595	1	1	1	1	1111	4
500214646	protein_coding	RP11-114H24.4	ENSG00000214646	1	0	0	0	1000	1
500214787	protein_coding	MS4A4E	ENSG00000214787	1	0	0	0	1000	1
500214870	lncRNA	ENSG00000214870.4	ENSG00000214870.4	1	1	1	1	1111	4
500214894	lncRNA	ENSG00000214894.2	ENSG00000214894.2	1	1	0	0	1100	2
500214944	protein_coding	ARHGEF28	ENSG00000214944	1	1	1	1	1111	4
500215018	protein_coding	COL28A1	ENSG00000215018	1	1	1	1	1111	4
500215068	lncRNA	ENSG00000215068.3	ENSG00000215068.3	1	1	0	1	1101	3
500215114	protein_coding	UBXN2B	ENSG00000215114	1	1	1	1	1111	4
500215187	protein_coding	FAM166B	ENSG00000215187	1	1	1	1	1111	4
500215196	lncRNA	ENSG00000215196.4	ENSG00000215196.4	1	1	1	1	1111	4
500215347	protein_coding	SLC25A5P1	ENSG00000215347	1	0	0	0	1000	1
500215386	lncRNA	ENSG00000215386.6	ENSG00000215386.6	1	1	1	1	1111	4
500215421	protein_coding	ZNF407	ENSG00000215421	1	1	1	1	1111	4
500215475	protein_coding	SIAH3	ENSG00000215475	1	1	1	1	1111	4
500215481	protein_coding	BCRP3	ENSG00000215481	1	0	0	0	1000	1
500215529	protein_coding	EFCAB8	ENSG00000215529	1	1	1	0	1110	3
500215533	lncRNA	ENSG00000215533.4	ENSG00000215533.4	1	1	0	1	1101	3
500215840	protein_coding	RP11-122G18.7	ENSG00000215840	1	0	0	0	1000	1
500215979	protein_coding	AL021917.1	ENSG00000215979	1	0	0	0	1000	1
500216331	protein_coding	HIST1H1PS1	ENSG00000216331	1	0	0	0	1000	1
500216490	protein_coding	IFI30	ENSG00000216490	1	1	1	1	1111	4
500216863	lncRNA	ENSG00000216863.5	ENSG00000216863.5	1	1	1	1	1111	4
500216915	protein_coding	RP1-97D16.1	ENSG00000216915	1	0	0	0	1000	1
500217128	protein_coding	FNIP1	ENSG00000217128	1	1	1	1	1111	4
500217646	protein_coding	HIST1H2BPS2	ENSG00000217646	1	0	0	0	1000	1
500218281	protein_coding	HIST1H2APS3	ENSG00000218281	1	0	0	0	1000	1
500218565	protein_coding	RP11-12A2.1	ENSG00000218565	1	0	0	0	1000	1
500218690	protein_coding	HIST1H2APS4	ENSG00000218690	1	0	0	0	1000	1
500219392	protein_coding	RP1-265C24.5	ENSG00000219392	1	0	0	0	1000	1
500219626	protein_coding	FAM228B	ENSG00000219626	1	1	0	1	1101	3
500219891	protein_coding	ZSCAN12P1	ENSG00000219891	1	0	0	0	1000	1
500220201	protein_coding	ZGLP1	ENSG00000220201	1	1	1	1	1111	4
500220378	protein_coding	KRT8P42	ENSG00000220378	1	0	0	0	1000	1
500220412	protein_coding	RP11-95M15.2	ENSG00000220412	1	0	0	0	1000	1
500220804	protein_coding	AC093642.5	ENSG00000220804	1	0	0	0	1000	1
500220875	protein_coding	HIST1H3PS1	ENSG00000220875	1	0	0	0	1000	1
500221160	protein_coding	MIR1281	ENSG00000221160	1	0	0	0	1000	1
500221630	protein_coding	MIR1179	ENSG00000221630	1	0	0	0	1000	1
500221866	protein_coding	PLXNA4	ENSG00000221866	1	1	1	1	1111	4
500221949	protein_coding	C12orf61	ENSG00000221949	1	0	0	0	1000	1
500221995	protein_coding	TIAF1	ENSG00000221995	1	0	0	0	1000	1
500222047	protein_coding	C10orf55	ENSG00000222047	1	1	0	0	1100	2
500222185	protein_coding	SNORD113	ENSG00000222185	1	0	0	0	1000	1
500222675	protein_coding	RNA5SP146	ENSG00000222675	1	0	0	0	1000	1
500223109	protein_coding	MIR1538	ENSG00000223109	1	0	0	0	1000	1
500223224	protein_coding	SNORD71	ENSG00000223224	1	0	1	0	1010	2
500223442	lncRNA	ENSG00000223442.1	ENSG00000223442.1	1	1	1	1	1111	4
500223446	lncRNA	ENSG00000223446.1	ENSG00000223446.1	1	1	1	0	1110	3
500223469	lncRNA	ENSG00000223469.1	ENSG00000223469.1	1	1	1	1	1111	4
500223534	lncRNA	ENSG00000223534.1	ENSG00000223534.1	1	1	1	1	1111	4
500223552	lncRNA	ENSG00000223552.1	ENSG00000223552.1	1	1	1	1	1111	4
500223553	protein_coding	SMPD4P1	ENSG00000223553	1	0	0	0	1000	1
500223609	protein_coding	HBD	ENSG00000223609	1	1	0	1	1101	3
500223665	lncRNA	ENSG00000223665.1	ENSG00000223665.1	1	1	1	1	1111	4
500223799	lncRNA	ENSG00000223799.1	ENSG00000223799.1	1	1	1	1	1111	4
500223820	protein_coding	CFL1P1	ENSG00000223820	1	0	0	0	1000	1
500223837	lncRNA	ENSG00000223837.2	ENSG00000223837.2	1	1	1	1	1111	4
500223865	protein_coding	HLA-DPB1	ENSG00000223865	1	1	0	0	1100	2
500223908	protein_coding	AC068657.2	ENSG00000223908	1	0	0	0	1000	1
500223914	lncRNA	ENSG00000223914.1	ENSG00000223914.1	1	1	1	1	1111	4
500223930	lncRNA	ENSG00000223930.1	ENSG00000223930.1	1	1	1	1	1111	4
500223935	lncRNA	ENSG00000223935.1	ENSG00000223935.1	1	1	1	1	1111	4
500223969	lncRNA	ENSG00000223969.1	ENSG00000223969.1	1	1	0	0	1100	2
500224000	lncRNA	ENSG00000224000.1	ENSG00000224000.1	1	1	1	1	1111	4
500224015	lncRNA	ENSG00000224015.1	ENSG00000224015.1	1	1	1	1	1111	4
500224034	lncRNA	ENSG00000224034.1	ENSG00000224034.1	1	1	0	0	1100	2
500224066	lncRNA	ENSG00000224066.1	ENSG00000224066.1	1	1	1	1	1111	4
500224067	protein_coding	RP11-430K21.2	ENSG00000224067	1	0	0	0	1000	1
500224077	lncRNA	ENSG00000224077.1	ENSG00000224077.1	1	1	1	0	1110	3
500224078	lncRNA	ENSG00000224078.8	ENSG00000224078.8	1	1	1	1	1111	4
500224081	lncRNA	ENSG00000224081.3	ENSG00000224081.3	1	1	1	1	1111	4
500224086	lncRNA	ENSG00000224086.3	ENSG00000224086.3	1	1	1	1	1111	4
500224091	lncRNA	ENSG00000224091.1	ENSG00000224091.1	1	1	1	0	1110	3
500224165	lncRNA	ENSG00000224165.1	ENSG00000224165.1	1	1	1	1	1111	4
500224189	lncRNA	ENSG00000224189.2	ENSG00000224189.2	1	1	1	1	1111	4
500224271	lncRNA	ENSG00000224271.1	ENSG00000224271.1	1	1	1	1	1111	4
500224276	lncRNA	ENSG00000224276.1	ENSG00000224276.1	1	1	1	1	1111	4
500224298	lncRNA	ENSG00000224298.2	ENSG00000224298.2	1	0	0	1	1001	2
500224318	lncRNA	ENSG00000224318.1	ENSG00000224318.1	1	1	0	1	1101	3
500224358	lncRNA	ENSG00000224358.1	ENSG00000224358.1	1	1	1	1	1111	4
500224373	protein_coding	IGHV4-59	ENSG00000224373	1	0	0	0	1000	1
500224441	lncRNA	ENSG00000224441.1	ENSG00000224441.1	1	1	1	1	1111	4
500224467	lncRNA	ENSG00000224467.1	ENSG00000224467.1	1	1	1	1	1111	4
500224470	protein_coding	ATXN1L	ENSG00000224470	1	1	1	1	1111	4
500224505	lncRNA	ENSG00000224505.2	ENSG00000224505.2	1	1	1	1	1111	4
500224550	protein_coding	RP11-270C12.3	ENSG00000224550	1	0	0	0	1000	1
500224557	protein_coding	HLA-DPB2	ENSG00000224557	1	0	0	0	1000	1
500224613	lncRNA	ENSG00000224613.2	ENSG00000224613.2	1	1	1	0	1110	3
500224660	lncRNA	ENSG00000224660.1	ENSG00000224660.1	1	1	1	0	1110	3
500224661	lncRNA	ENSG00000224661.1	ENSG00000224661.1	1	1	0	1	1101	3
500224666	lncRNA	ENSG00000224666.2	ENSG00000224666.2	1	1	1	1	1111	4
500224738	lncRNA	ENSG00000224738.1	ENSG00000224738.1	1	1	1	1	1111	4
500224794	lncRNA	ENSG00000224794.1	ENSG00000224794.1	1	1	0	0	1100	2
500224796	protein_coding	RPL32P1	ENSG00000224796	1	0	0	0	1000	1
500224865	lncRNA	ENSG00000224865.3	ENSG00000224865.3	1	1	1	0	1110	3
500224897	lncRNA	ENSG00000224897.2	ENSG00000224897.2	1	1	1	1	1111	4
500224943	lncRNA	ENSG00000224943.1	ENSG00000224943.1	1	0	1	1	1011	3
500224950	lncRNA	ENSG00000224950.1	ENSG00000224950.1	1	1	1	1	1111	4
500225051	protein_coding	HMGB3P22	ENSG00000225051	1	0	0	0	1000	1
500225179	lncRNA	ENSG00000225179.1	ENSG00000225179.1	1	1	1	1	1111	4
500225180	lncRNA	ENSG00000225180.2	ENSG00000225180.2	1	1	1	1	1111	4
500225205	lncRNA	ENSG00000225205.1	ENSG00000225205.1	1	1	1	1	1111	4
500225206	lncRNA	ENSG00000225206.4	ENSG00000225206.4	1	1	1	1	1111	4
500225231	lncRNA	ENSG00000225231.1	ENSG00000225231.1	1	1	1	1	1111	4
500225330	lncRNA	ENSG00000225330.1	ENSG00000225330.1	1	1	1	0	1110	3
500225331	lncRNA	ENSG00000225331.1	ENSG00000225331.1	1	1	0	0	1100	2
500225342	lncRNA	ENSG00000225342.1	ENSG00000225342.1	1	1	1	1	1111	4
500225357	protein_coding	RPF2P1	ENSG00000225357	1	0	0	0	1000	1
500225434	lncRNA	ENSG00000225434.2	ENSG00000225434.2	1	1	1	1	1111	4
500225506	lncRNA	ENSG00000225506.2	ENSG00000225506.2	1	1	1	1	1111	4
500225544	protein_coding	KB-1027C11.4	ENSG00000225544	1	0	0	0	1000	1
500225603	protein_coding	RP11-325P15.1	ENSG00000225603	1	0	0	0	1000	1
500225611	lncRNA	ENSG00000225611.1	ENSG00000225611.1	1	1	0	0	1100	2
500225746	lncRNA	ENSG00000225746.4	ENSG00000225746.4	1	1	1	1	1111	4
500225783	lncRNA	ENSG00000225783.2	ENSG00000225783.2	1	1	1	1	1111	4
500225864	protein_coding	HCG4P11	ENSG00000225864	1	0	0	0	1000	1
500225873	lncRNA	ENSG00000225873.1	ENSG00000225873.1	1	1	1	1	1111	4
500225889	lncRNA	ENSG00000225889.3	ENSG00000225889.3	1	1	1	1	1111	4
500225914	lncRNA	ENSG00000225914.1	ENSG00000225914.1	1	1	0	0	1100	2
500226004	lncRNA	ENSG00000226004.1	ENSG00000226004.1	1	1	1	1	1111	4
500226026	lncRNA	ENSG00000226026.1	ENSG00000226026.1	1	1	1	1	1111	4
500226053	lncRNA	ENSG00000226053.1	ENSG00000226053.1	1	0	0	1	1001	2
500226124	protein_coding	FTCDNL1	ENSG00000226124	1	1	0	0	1100	2
500226149	lncRNA	ENSG00000226149.1	ENSG00000226149.1	1	1	1	1	1111	4
500226240	lncRNA	ENSG00000226240.1	ENSG00000226240.1	1	1	1	1	1111	4
500226252	lncRNA	ENSG00000226252.1	ENSG00000226252.1	1	1	1	1	1111	4
500226281	lncRNA	ENSG00000226281.2	ENSG00000226281.2	1	0	0	1	1001	2
500226363	lncRNA	ENSG00000226363.3	ENSG00000226363.3	1	1	1	1	1111	4
500226380	lncRNA	ENSG00000226380.3	ENSG00000226380.3	1	1	1	0	1110	3
500226400	protein_coding	CTD-2269E23.2	ENSG00000226400	1	0	0	0	1000	1
500226403	lncRNA	ENSG00000226403.1	ENSG00000226403.1	1	1	1	1	1111	4
500226491	protein_coding	FTOP1	ENSG00000226491	1	0	0	0	1000	1
500226496	lncRNA	ENSG00000226496.1	ENSG00000226496.1	1	1	1	1	1111	4
500226571	lncRNA	ENSG00000226571.1	ENSG00000226571.1	1	1	1	1	1111	4
500226581	lncRNA	ENSG00000226581.1	ENSG00000226581.1	1	1	0	0	1100	2
500226644	lncRNA	ENSG00000226644.1	ENSG00000226644.1	1	1	1	1	1111	4
500226645	lncRNA	ENSG00000226645.1	ENSG00000226645.1	1	1	1	1	1111	4
500226659	lncRNA	ENSG00000226659.1	ENSG00000226659.1	1	1	1	1	1111	4
500226686	lncRNA	ENSG00000226686.3	ENSG00000226686.3	1	1	0	0	1100	2
500226711	lncRNA	ENSG00000226711.2	ENSG00000226711.2	1	1	0	0	1100	2
500226738	lncRNA	ENSG00000226738.1	ENSG00000226738.1	1	1	0	1	1101	3
500226762	lncRNA	ENSG00000226762.1	ENSG00000226762.1	1	1	1	0	1110	3
500226779	lncRNA	ENSG00000226779.1	ENSG00000226779.1	1	1	1	1	1111	4
500226783	protein_coding	TLK1P1	ENSG00000226783	1	0	0	0	1000	1
500226786	lncRNA	ENSG00000226786.2	ENSG00000226786.2	1	1	1	1	1111	4
500226808	lncRNA	ENSG00000226808.1	ENSG00000226808.1	1	1	1	1	1111	4
500226912	protein_coding	ISCA2P1	ENSG00000226912	1	0	0	0	1000	1
500226913	lncRNA	ENSG00000226913.1	ENSG00000226913.1	1	1	1	1	1111	4
500226953	lncRNA	ENSG00000226953.3	ENSG00000226953.3	1	1	1	1	1111	4
500226979	protein_coding	LTA	ENSG00000226979	1	1	1	0	1110	3
500226994	lncRNA	ENSG00000226994.3	ENSG00000226994.3	1	1	1	1	1111	4
500227070	lncRNA	ENSG00000227070.1	ENSG00000227070.1	1	1	1	1	1111	4
500227110	lncRNA	ENSG00000227110.2	ENSG00000227110.2	1	1	1	0	1110	3
500227165	lncRNA	ENSG00000227165.3	ENSG00000227165.3	1	1	1	1	1111	4
500227248	lncRNA	ENSG00000227248.1	ENSG00000227248.1	1	1	1	1	1111	4
500227262	protein_coding	HCG4B	ENSG00000227262	1	0	0	0	1000	1
500227268	protein_coding	KLLN	ENSG00000227268	1	1	1	0	1110	3
500227368	protein_coding	AC079753.5	ENSG00000227368	1	0	0	0	1000	1
500227370	protein_coding	RP4-669P10.19	ENSG00000227370	1	0	0	0	1000	1
500227479	lncRNA	ENSG00000227479.1	ENSG00000227479.1	1	1	1	1	1111	4
500227507	protein_coding	LTB	ENSG00000227507	1	1	1	1	1111	4
500227646	lncRNA	ENSG00000227646.3	ENSG00000227646.3	1	1	0	0	1100	2
500227704	lncRNA	ENSG00000227704.1	ENSG00000227704.1	1	1	0	0	1100	2
500227766	protein_coding	HCG4P5	ENSG00000227766	1	0	0	0	1000	1
500227835	protein_coding	CARM1P1	ENSG00000227835	1	0	0	0	1000	1
500227890	protein_coding	PSMA2P3	ENSG00000227890	1	0	0	0	1000	1
500227896	lncRNA	ENSG00000227896.2	ENSG00000227896.2	1	1	0	0	1100	2
500227906	lncRNA	ENSG00000227906.3	ENSG00000227906.3	1	1	1	1	1111	4
500227910	protein_coding	RP11-73B2.6	ENSG00000227910	1	0	0	0	1000	1
500227959	lncRNA	ENSG00000227959.1	ENSG00000227959.1	1	1	1	1	1111	4
500228013	lncRNA	ENSG00000228013.1	ENSG00000228013.1	1	1	1	1	1111	4
500228022	lncRNA	ENSG00000228022.1	ENSG00000228022.1	1	1	1	1	1111	4
500228044	lncRNA	ENSG00000228044.2	ENSG00000228044.2	1	1	1	1	1111	4
500228078	protein_coding	HLA-U	ENSG00000228078	1	0	0	0	1000	1
500228126	lncRNA	ENSG00000228126.1	ENSG00000228126.1	1	1	1	0	1110	3
500228135	lncRNA	ENSG00000228135.1	ENSG00000228135.1	1	1	1	1	1111	4
500228360	protein_coding	RP11-365F18.1	ENSG00000228360	1	0	0	0	1000	1
500228382	lncRNA	ENSG00000228382.1	ENSG00000228382.1	1	0	1	1	1011	3
500228392	lncRNA	ENSG00000228392.1	ENSG00000228392.1	1	1	1	1	1111	4
500228393	lncRNA	ENSG00000228393.3	ENSG00000228393.3	1	1	1	1	1111	4
500228408	lncRNA	ENSG00000228408.1	ENSG00000228408.1	1	1	1	1	1111	4
500228412	lncRNA	ENSG00000228412.2	ENSG00000228412.2	1	1	1	1	1111	4
500228414	lncRNA	ENSG00000228414.2	ENSG00000228414.2	1	1	0	1	1101	3
500228512	lncRNA	ENSG00000228512.2	ENSG00000228512.2	1	1	1	1	1111	4
500228559	lncRNA	ENSG00000228559.1	ENSG00000228559.1	1	1	0	0	1100	2
500228606	lncRNA	ENSG00000228606.1	ENSG00000228606.1	1	1	1	1	1111	4
500228624	lncRNA	ENSG00000228624.3	ENSG00000228624.3	1	1	1	1	1111	4
500228668	protein_coding	TRGV5P	ENSG00000228668	1	0	0	0	1000	1
500228727	protein_coding	SAPCD1	ENSG00000228727	1	1	1	0	1110	3
500228798	lncRNA	ENSG00000228798.1	ENSG00000228798.1	1	1	1	1	1111	4
500228830	lncRNA	ENSG00000228830.1	ENSG00000228830.1	1	0	0	1	1001	2
500228835	protein_coding	AC012123.1	ENSG00000228835	1	0	0	0	1000	1
500228839	lncRNA	ENSG00000228839.1	ENSG00000228839.1	1	1	1	1	1111	4
500228863	lncRNA	ENSG00000228863.4	ENSG00000228863.4	1	1	1	1	1111	4
500228889	lncRNA	ENSG00000228889.2	ENSG00000228889.2	1	1	1	1	1111	4
500228918	lncRNA	ENSG00000228918.3	ENSG00000228918.3	1	1	0	0	1100	2
500228956	lncRNA	ENSG00000228956.4	ENSG00000228956.4	1	1	1	1	1111	4
500228962	lncRNA	ENSG00000228962.1	ENSG00000228962.1	1	0	0	1	1001	2
500228985	protein_coding	TRDD3	ENSG00000228985	1	0	0	0	1000	1
500229097	protein_coding	CALM2P2	ENSG00000229097	1	0	0	0	1000	1
500229116	lncRNA	ENSG00000229116.1	ENSG00000229116.1	1	0	1	1	1011	3
500229140	lncRNA	ENSG00000229140.4	ENSG00000229140.4	1	1	1	1	1111	4
500229162	lncRNA	ENSG00000229162.1	ENSG00000229162.1	1	1	1	1	1111	4
500229164	protein_coding	TRAC	ENSG00000229164	1	1	1	0	1110	3
500229191	lncRNA	ENSG00000229191.1	ENSG00000229191.1	1	1	1	1	1111	4
500229195	lncRNA	ENSG00000229195.1	ENSG00000229195.1	1	1	1	1	1111	4
500229201	lncRNA	ENSG00000229201.1	ENSG00000229201.1	1	1	1	1	1111	4
500229258	lncRNA	ENSG00000229258.1	ENSG00000229258.1	1	1	1	1	1111	4
500229314	protein_coding	ORM1	ENSG00000229314	1	0	1	1	1011	3
500229391	protein_coding	HLA-DRB6	ENSG00000229391	1	0	0	0	1000	1
500229447	protein_coding	RP11-490K7.4	ENSG00000229447	1	0	0	0	1000	1
500229456	protein_coding	RLIMP1	ENSG00000229456	1	0	0	0	1000	1
500229537	lncRNA	ENSG00000229537.1	ENSG00000229537.1	1	1	1	1	1111	4
500229618	lncRNA	ENSG00000229618.1	ENSG00000229618.1	1	1	1	1	1111	4
500229664	lncRNA	ENSG00000229664.1	ENSG00000229664.1	1	1	1	1	1111	4
500229729	protein_coding	RP11-159G9.5	ENSG00000229729	1	0	0	0	1000	1
500229743	lncRNA	ENSG00000229743.2	ENSG00000229743.2	1	1	1	1	1111	4
500229782	lncRNA	ENSG00000229782.1	ENSG00000229782.1	1	1	1	1	1111	4
500229817	protein_coding	RP11-78H18.2	ENSG00000229817	1	0	0	0	1000	1
500229951	lncRNA	ENSG00000229951.1	ENSG00000229951.1	1	1	1	1	1111	4
500229988	protein_coding	HBBP1	ENSG00000229988	1	0	0	0	1000	1
500230024	lncRNA	ENSG00000230024.1	ENSG00000230024.1	1	1	1	1	1111	4
500230058	lncRNA	ENSG00000230058.1	ENSG00000230058.1	1	1	1	1	1111	4
500230074	lncRNA	ENSG00000230074.1	ENSG00000230074.1	1	1	1	0	1110	3
500230131	lncRNA	ENSG00000230131.1	ENSG00000230131.1	1	1	1	1	1111	4
500230223	lncRNA	ENSG00000230223.2	ENSG00000230223.2	1	1	0	1	1101	3
500230234	lncRNA	ENSG00000230234.1	ENSG00000230234.1	1	1	1	1	1111	4
500230314	lncRNA	ENSG00000230314.2	ENSG00000230314.2	1	1	1	1	1111	4
500230316	lncRNA	ENSG00000230316.2	ENSG00000230316.2	1	1	1	1	1111	4
500230359	protein_coding	TPI1P2	ENSG00000230359	1	0	0	0	1000	1
500230461	lncRNA	ENSG00000230461.4	ENSG00000230461.4	1	1	0	0	1100	2
500230521	protein_coding	HCG4P7	ENSG00000230521	1	0	0	0	1000	1
500230534	lncRNA	ENSG00000230534.2	ENSG00000230534.2	1	1	1	1	1111	4
500230587	lncRNA	ENSG00000230587.1	ENSG00000230587.1	1	1	1	1	1111	4
500230610	protein_coding	AL929472.1	ENSG00000230610	1	0	0	0	1000	1
500230613	lncRNA	ENSG00000230613.1	ENSG00000230613.1	1	1	1	1	1111	4
500230615	lncRNA	ENSG00000230615.2	ENSG00000230615.2	1	1	1	1	1111	4
500230628	lncRNA	ENSG00000230628.1	ENSG00000230628.1	1	1	1	1	1111	4
500230710	lncRNA	ENSG00000230710.1	ENSG00000230710.1	1	1	1	1	1111	4
500230773	lncRNA	ENSG00000230773.2	ENSG00000230773.2	1	1	1	1	1111	4
500230795	protein_coding	HLA-K	ENSG00000230795	1	0	0	0	1000	1
500230832	protein_coding	RP11-325P15.2	ENSG00000230832	1	0	0	0	1000	1
500230839	lncRNA	ENSG00000230839.1	ENSG00000230839.1	1	1	1	1	1111	4
500230841	protein_coding	RP5-915N17.3	ENSG00000230841	1	0	0	0	1000	1
500230876	lncRNA	ENSG00000230876.2	ENSG00000230876.2	1	1	1	1	1111	4
500230910	lncRNA	ENSG00000230910.2	ENSG00000230910.2	1	1	1	1	1111	4
500230951	protein_coding	RP11-573D15.6	ENSG00000230951	1	0	0	0	1000	1
500230952	lncRNA	ENSG00000230952.1	ENSG00000230952.1	1	1	1	1	1111	4
500230960	lncRNA	ENSG00000230960.1	ENSG00000230960.1	1	0	1	0	1010	2
500231028	lncRNA	ENSG00000231028.4	ENSG00000231028.4	1	1	1	1	1111	4
500231031	protein_coding	AC008271.1	ENSG00000231031	1	0	0	0	1000	1
500231064	lncRNA	ENSG00000231064.1	ENSG00000231064.1	1	1	1	1	1111	4
500231074	lncRNA	ENSG00000231074.4	ENSG00000231074.4	1	1	1	1	1111	4
500231100	protein_coding	RP11-740C1.2	ENSG00000231100	1	0	0	0	1000	1
500231105	lncRNA	ENSG00000231105.1	ENSG00000231105.1	1	1	1	1	1111	4
500231121	lncRNA	ENSG00000231121.2	ENSG00000231121.2	1	1	1	1	1111	4
500231128	lncRNA	ENSG00000231128.1	ENSG00000231128.1	1	1	1	1	1111	4
500231162	protein_coding	COX11P1	ENSG00000231162	1	0	0	0	1000	1
500231170	lncRNA	ENSG00000231170.1	ENSG00000231170.1	1	1	1	1	1111	4
500231252	lncRNA	ENSG00000231252.1	ENSG00000231252.1	1	1	1	1	1111	4
500231327	lncRNA	ENSG00000231327.1	ENSG00000231327.1	1	0	1	1	1011	3
500231389	protein_coding	HLA-DPA1	ENSG00000231389	1	1	0	0	1100	2
500231442	protein_coding	LARP1BP1	ENSG00000231442	1	0	0	0	1000	1
500231533	lncRNA	ENSG00000231533.1	ENSG00000231533.1	1	1	1	0	1110	3
500231607	lncRNA	ENSG00000231607.4	ENSG00000231607.4	1	1	0	1	1101	3
500231690	lncRNA	ENSG00000231690.2	ENSG00000231690.2	1	1	0	0	1100	2
500231721	lncRNA	ENSG00000231721.2	ENSG00000231721.2	1	1	1	1	1111	4
500231742	lncRNA	ENSG00000231742.1	ENSG00000231742.1	1	1	1	1	1111	4
500231768	lncRNA	ENSG00000231768.1	ENSG00000231768.1	1	1	1	1	1111	4
500231858	lncRNA	ENSG00000231858.1	ENSG00000231858.1	1	1	1	1	1111	4
500231863	lncRNA	ENSG00000231863.1	ENSG00000231863.1	1	1	1	1	1111	4
500231865	lncRNA	ENSG00000231865.1	ENSG00000231865.1	1	1	1	1	1111	4
500231889	lncRNA	ENSG00000231889.3	ENSG00000231889.3	1	1	1	1	1111	4
500231890	lncRNA	ENSG00000231890.3	ENSG00000231890.3	1	1	0	0	1100	2
500231925	protein_coding	TAPBP	ENSG00000231925	1	1	1	1	1111	4
500231969	lncRNA	ENSG00000231969.1	ENSG00000231969.1	1	1	1	1	1111	4
500231999	lncRNA	ENSG00000231999.2	ENSG00000231999.2	1	1	1	1	1111	4
500232018	lncRNA	ENSG00000232018.4	ENSG00000232018.4	1	1	1	1	1111	4
500232021	lncRNA	ENSG00000232021.2	ENSG00000232021.2	1	1	1	1	1111	4
500232040	protein_coding	SCAND3	ENSG00000232040	1	0	0	1	1001	2
500232044	lncRNA	ENSG00000232044.4	ENSG00000232044.4	1	1	1	1	1111	4
500232124	lncRNA	ENSG00000232124.1	ENSG00000232124.1	1	1	0	1	1101	3
500232132	lncRNA	ENSG00000232132.1	ENSG00000232132.1	1	1	1	1	1111	4
500232197	lncRNA	ENSG00000232197.1	ENSG00000232197.1	1	1	1	0	1110	3
500232498	lncRNA	ENSG00000232498.1	ENSG00000232498.1	1	1	1	1	1111	4
500232499	protein_coding	RP11-512F24.1	ENSG00000232499	1	0	0	0	1000	1
500232504	lncRNA	ENSG00000232504.4	ENSG00000232504.4	1	1	1	1	1111	4
500232528	protein_coding	RP4-673D20.3	ENSG00000232528	1	0	0	0	1000	1
500232591	lncRNA	ENSG00000232591.1	ENSG00000232591.1	1	1	1	0	1110	3
500232629	protein_coding	HLA-DQB2	ENSG00000232629	1	1	0	0	1100	2
500232698	lncRNA	ENSG00000232698.1	ENSG00000232698.1	1	1	1	0	1110	3
500232810	protein_coding	TNF	ENSG00000232810	1	1	1	0	1110	3
500232825	lncRNA	ENSG00000232825.1	ENSG00000232825.1	1	1	0	1	1101	3
500232869	protein_coding	TRBV29-1	ENSG00000232869	1	0	1	0	1010	2
500232912	lncRNA	ENSG00000232912.1	ENSG00000232912.1	1	1	1	1	1111	4
500232952	protein_coding	RP11-90H3.1	ENSG00000232952	1	0	0	0	1000	1
500233005	lncRNA	ENSG00000233005.1	ENSG00000233005.1	1	1	1	1	1111	4
500233017	lncRNA	ENSG00000233017.1	ENSG00000233017.1	1	1	1	1	1111	4
500233061	lncRNA	ENSG00000233061.1	ENSG00000233061.1	1	1	1	1	1111	4
500233101	lncRNA	ENSG00000233101.6	ENSG00000233101.6	1	0	1	0	1010	2
500233154	lncRNA	ENSG00000233154.1	ENSG00000233154.1	1	1	1	1	1111	4
500233224	protein_coding	HIST1H2AM	ENSG00000233224	1	0	0	0	1000	1
500233325	protein_coding	MIPEPP3	ENSG00000233325	1	0	0	0	1000	1
500233334	lncRNA	ENSG00000233334.2	ENSG00000233334.2	1	1	1	1	1111	4
500233360	lncRNA	ENSG00000233360.4	ENSG00000233360.4	1	1	1	1	1111	4
500233431	lncRNA	ENSG00000233431.1	ENSG00000233431.1	1	0	1	1	1011	3
500233438	protein_coding	AC109829.1	ENSG00000233438	1	0	0	0	1000	1
500233554	lncRNA	ENSG00000233554.1	ENSG00000233554.1	1	1	1	1	1111	4
500233639	lncRNA	ENSG00000233639.1	ENSG00000233639.1	1	1	1	1	1111	4
500233642	lncRNA	ENSG00000233642.1	ENSG00000233642.1	1	1	1	1	1111	4
500233723	lncRNA	ENSG00000233723.3	ENSG00000233723.3	1	1	1	1	1111	4
500233800	lncRNA	ENSG00000233800.2	ENSG00000233800.2	1	1	1	0	1110	3
500233822	protein_coding	HIST1H2BN	ENSG00000233822	1	0	1	0	1010	2
500233896	lncRNA	ENSG00000233896.1	ENSG00000233896.1	1	1	1	1	1111	4
500233906	lncRNA	ENSG00000233906.1	ENSG00000233906.1	1	1	1	1	1111	4
500233926	lncRNA	ENSG00000233926.1	ENSG00000233926.1	1	1	1	1	1111	4
500233932	protein_coding	CTXN2	ENSG00000233932	1	1	1	0	1110	3
500233968	lncRNA	ENSG00000233968.2	ENSG00000233968.2	1	1	1	1	1111	4
500234028	lncRNA	ENSG00000234028.3	ENSG00000234028.3	1	1	1	1	1111	4
500234072	lncRNA	ENSG00000234072.1	ENSG00000234072.1	1	1	1	1	1111	4
500234127	protein_coding	TRIM26	ENSG00000234127	1	1	1	0	1110	3
500234226	protein_coding	NDUFS5P2	ENSG00000234226	1	0	0	0	1000	1
500234261	lncRNA	ENSG00000234261.1	ENSG00000234261.1	1	1	1	1	1111	4
500234289	protein_coding	H2BFS	ENSG00000234289	1	0	0	0	1000	1
500234290	lncRNA	ENSG00000234290.2	ENSG00000234290.2	1	1	1	1	1111	4
500234336	lncRNA	ENSG00000234336.2	ENSG00000234336.2	1	1	0	1	1101	3
500234426	lncRNA	ENSG00000234426.1	ENSG00000234426.1	1	1	0	0	1100	2
500234498	protein_coding	RPL13AP20	ENSG00000234498	1	0	0	0	1000	1
500234604	protein_coding	RP1-206D15.5	ENSG00000234604	1	0	0	0	1000	1
500234663	lncRNA	ENSG00000234663.1	ENSG00000234663.1	1	1	1	1	1111	4
500234684	lncRNA	ENSG00000234684.2	ENSG00000234684.2	1	1	1	1	1111	4
500234690	lncRNA	ENSG00000234690.2	ENSG00000234690.2	1	1	1	1	1111	4
500234740	lncRNA	ENSG00000234740.1	ENSG00000234740.1	1	0	0	1	1001	2
500234745	protein_coding	HLA-B	ENSG00000234745	1	0	0	0	1000	1
500234816	protein_coding	U91328.2	ENSG00000234816	1	0	0	0	1000	1
500234838	protein_coding	RP11-5P22.1	ENSG00000234838	1	0	0	0	1000	1
500234899	lncRNA	ENSG00000234899.5	ENSG00000234899.5	1	1	1	1	1111	4
500234921	lncRNA	ENSG00000234921.1	ENSG00000234921.1	1	1	1	1	1111	4
500234933	protein_coding	CDC42P1	ENSG00000234933	1	0	0	0	1000	1
500234936	lncRNA	ENSG00000234936.1	ENSG00000234936.1	1	1	1	1	1111	4
500234956	lncRNA	ENSG00000234956.1	ENSG00000234956.1	1	1	1	1	1111	4
500234965	protein_coding	SHISA8	ENSG00000234965	1	1	1	1	1111	4
500235020	lncRNA	ENSG00000235020.2	ENSG00000235020.2	1	1	1	1	1111	4
500235024	lncRNA	ENSG00000235024.1	ENSG00000235024.1	1	1	1	1	1111	4
500235058	lncRNA	ENSG00000235058.1	ENSG00000235058.1	1	1	1	1	1111	4
500235070	lncRNA	ENSG00000235070.3	ENSG00000235070.3	1	1	1	1	1111	4
500235109	protein_coding	ZSCAN31	ENSG00000235109	1	1	1	0	1110	3
500235169	protein_coding	SMIM1	ENSG00000235169	1	1	1	0	1110	3
500235214	lncRNA	ENSG00000235214.1	ENSG00000235214.1	1	1	1	1	1111	4
500235237	lncRNA	ENSG00000235237.1	ENSG00000235237.1	1	1	1	1	1111	4
500235257	lncRNA	ENSG00000235257.4	ENSG00000235257.4	1	1	0	1	1101	3
500235281	lncRNA	ENSG00000235281.1	ENSG00000235281.1	1	1	1	0	1110	3
500235297	protein_coding	FAUP1	ENSG00000235297	1	0	0	0	1000	1
500235300	lncRNA	ENSG00000235300.3	ENSG00000235300.3	1	1	1	1	1111	4
500235333	protein_coding	PVRIG2P	ENSG00000235333	1	0	0	0	1000	1
500235436	protein_coding	DPY19L2P4	ENSG00000235436	1	0	0	0	1000	1
500235437	lncRNA	ENSG00000235437.3	ENSG00000235437.3	1	1	0	0	1100	2
500235499	lncRNA	ENSG00000235499.1	ENSG00000235499.1	1	1	0	0	1100	2
500235532	lncRNA	ENSG00000235532.1	ENSG00000235532.1	1	1	1	1	1111	4
500235545	lncRNA	ENSG00000235545.1	ENSG00000235545.1	1	1	1	1	1111	4
500235613	protein_coding	NSRP1P1	ENSG00000235613	1	0	0	0	1000	1
500235641	lncRNA	ENSG00000235641.3	ENSG00000235641.3	1	1	1	1	1111	4
500235749	lncRNA	ENSG00000235749.2	ENSG00000235749.2	1	1	1	0	1110	3
500235750	protein_coding	KIAA0040	ENSG00000235750	1	1	1	0	1110	3
500235781	lncRNA	ENSG00000235781.1	ENSG00000235781.1	1	1	0	0	1100	2
500235831	lncRNA	ENSG00000235831.2	ENSG00000235831.2	1	1	1	1	1111	4
500235919	lncRNA	ENSG00000235919.3	ENSG00000235919.3	1	1	1	1	1111	4
500235934	lncRNA	ENSG00000235934.1	ENSG00000235934.1	1	1	0	1	1101	3
500235944	protein_coding	ZNF815P	ENSG00000235944	1	0	0	0	1000	1
500235954	lncRNA	ENSG00000235954.2	ENSG00000235954.2	1	1	1	1	1111	4
500236069	lncRNA	ENSG00000236069.1	ENSG00000236069.1	1	1	1	0	1110	3
500236107	lncRNA	ENSG00000236107.3	ENSG00000236107.3	1	1	1	1	1111	4
500236155	protein_coding	RP11-231P20.2	ENSG00000236155	1	0	0	0	1000	1
500236242	lncRNA	ENSG00000236242.1	ENSG00000236242.1	1	1	1	1	1111	4
500236266	lncRNA	ENSG00000236266.1	ENSG00000236266.1	1	1	1	1	1111	4
500236307	protein_coding	AC104651.1	ENSG00000236307	1	0	0	0	1000	1
500236404	lncRNA	ENSG00000236404.4	ENSG00000236404.4	1	1	0	1	1101	3
500236432	lncRNA	ENSG00000236432.3	ENSG00000236432.3	1	1	1	1	1111	4
500236437	lncRNA	ENSG00000236437.1	ENSG00000236437.1	1	1	0	1	1101	3
500236467	lncRNA	ENSG00000236467.3	ENSG00000236467.3	1	1	0	0	1100	2
500236502	lncRNA	ENSG00000236502.1	ENSG00000236502.1	1	1	1	1	1111	4
500236668	lncRNA	ENSG00000236668.2	ENSG00000236668.2	1	1	1	1	1111	4
500236682	lncRNA	ENSG00000236682.1	ENSG00000236682.1	1	1	1	1	1111	4
500236699	protein_coding	ARHGEF38	ENSG00000236699	1	1	1	1	1111	4
500236703	lncRNA	ENSG00000236703.1	ENSG00000236703.1	1	1	1	1	1111	4
500236736	protein_coding	UQCRC2P1	ENSG00000236736	1	0	0	0	1000	1
500236760	lncRNA	ENSG00000236760.1	ENSG00000236760.1	1	1	1	1	1111	4
500236790	lncRNA	ENSG00000236790.1	ENSG00000236790.1	1	1	1	1	1111	4
500236823	lncRNA	ENSG00000236823.1	ENSG00000236823.1	1	0	1	1	1011	3
500236935	lncRNA	ENSG00000236935.1	ENSG00000236935.1	1	1	0	0	1100	2
500236947	lncRNA	ENSG00000236947.1	ENSG00000236947.1	1	1	1	1	1111	4
500236977	lncRNA	ENSG00000236977.1	ENSG00000236977.1	1	1	1	1	1111	4
500237024	protein_coding	AC010733.7	ENSG00000237024	1	0	0	0	1000	1
500237080	lncRNA	ENSG00000237080.1	ENSG00000237080.1	1	1	1	1	1111	4
500237102	protein_coding	AC040160.1	ENSG00000237102	1	0	0	0	1000	1
500237118	protein_coding	CYP2F1P	ENSG00000237118	1	0	0	0	1000	1
500237125	lncRNA	ENSG00000237125.4	ENSG00000237125.4	1	1	1	1	1111	4
500237166	lncRNA	ENSG00000237166.1	ENSG00000237166.1	1	1	1	1	1111	4
500237372	lncRNA	ENSG00000237372.1	ENSG00000237372.1	1	1	1	1	1111	4
500237398	protein_coding	HLA-DPA3	ENSG00000237398	1	0	0	0	1000	1
500237404	lncRNA	ENSG00000237404.1	ENSG00000237404.1	1	1	1	0	1110	3
500237422	lncRNA	ENSG00000237422.1	ENSG00000237422.1	1	1	1	1	1111	4
500237441	protein_coding	RGL2	ENSG00000237441	1	1	1	1	1111	4
500237470	protein_coding	DCLRE1CP1	ENSG00000237470	1	0	0	0	1000	1
500237499	lncRNA	ENSG00000237499.2	ENSG00000237499.2	1	1	1	1	1111	4
500237505	lncRNA	ENSG00000237505.2	ENSG00000237505.2	1	1	1	1	1111	4
500237513	lncRNA	ENSG00000237513.1	ENSG00000237513.1	1	1	0	0	1100	2
500237515	protein_coding	SHISA9	ENSG00000237515	1	1	1	1	1111	4
500237541	protein_coding	HLA-DQA2	ENSG00000237541	1	1	0	1	1101	3
500237647	lncRNA	ENSG00000237647.4	ENSG00000237647.4	1	1	1	1	1111	4
500237686	lncRNA	ENSG00000237686.2	ENSG00000237686.2	1	1	1	1	1111	4
500237720	lncRNA	ENSG00000237720.1	ENSG00000237720.1	1	1	1	1	1111	4
500237721	lncRNA	ENSG00000237721.1	ENSG00000237721.1	1	1	1	0	1110	3
500237797	lncRNA	ENSG00000237797.1	ENSG00000237797.1	1	1	1	1	1111	4
500237807	lncRNA	ENSG00000237807.3	ENSG00000237807.3	1	1	1	0	1110	3
500237844	lncRNA	ENSG00000237844.1	ENSG00000237844.1	1	1	1	1	1111	4
500237857	lncRNA	ENSG00000237857.2	ENSG00000237857.2	1	1	1	1	1111	4
500237950	lncRNA	ENSG00000237950.1	ENSG00000237950.1	1	1	1	1	1111	4
500238005	lncRNA	ENSG00000238005.2	ENSG00000238005.2	1	1	0	0	1100	2
500238160	lncRNA	ENSG00000238160.1	ENSG00000238160.1	1	1	1	1	1111	4
500238164	lncRNA	ENSG00000238164.2	ENSG00000238164.2	1	1	1	0	1110	3
500238241	protein_coding	CCR12P	ENSG00000238241	1	0	0	0	1000	1
500238243	protein_coding	OR2W3	ENSG00000238243	1	0	1	0	1010	2
500238244	protein_coding	GABARAPL3	ENSG00000238244	1	0	0	0	1000	1
500238331	protein_coding	AC100791.2	ENSG00000238331	1	0	0	0	1000	1
500238449	protein_coding	AC019131.1	ENSG00000238449	1	0	0	0	1000	1
500239002	lncRNA	ENSG00000239002.2	ENSG00000239002.2	1	1	1	1	1111	4
500239219	lncRNA	ENSG00000239219.2	ENSG00000239219.2	1	1	1	1	1111	4
500239389	protein_coding	PCDHA13	ENSG00000239389	1	0	0	0	1000	1
500239498	lncRNA	ENSG00000239498.1	ENSG00000239498.1	1	1	1	1	1111	4
500239552	lncRNA	ENSG00000239552.2	ENSG00000239552.2	1	1	1	1	1111	4
500239593	lncRNA	ENSG00000239593.1	ENSG00000239593.1	1	1	1	1	1111	4
500239636	lncRNA	ENSG00000239636.1	ENSG00000239636.1	1	1	1	1	1111	4
500239642	protein_coding	AC034228.7	ENSG00000239642	1	0	0	0	1000	1
500239828	lncRNA	ENSG00000239828.2	ENSG00000239828.2	1	1	1	1	1111	4
500239961	protein_coding	LILRA4	ENSG00000239961	1	1	0	0	1100	2
500240065	protein_coding	PSMB9	ENSG00000240065	1	1	1	1	1111	4
500240084	protein_coding	RP11-12N13.6	ENSG00000240084	1	0	0	0	1000	1
500240103	protein_coding	RP11-846F4.6	ENSG00000240103	1	0	0	0	1000	1
500240207	lncRNA	ENSG00000240207.2	ENSG00000240207.2	1	1	1	1	1111	4
500240291	lncRNA	ENSG00000240291.1	ENSG00000240291.1	1	1	1	1	1111	4
500240296	protein_coding	AC010492.5	ENSG00000240296	1	0	0	0	1000	1
500240393	protein_coding	RP11-768G7.1	ENSG00000240393	1	0	0	0	1000	1
500240403	protein_coding	KIR3DL2	ENSG00000240403	1	0	1	0	1010	2
500240498	lncRNA	ENSG00000240498.2	ENSG00000240498.2	1	1	1	1	1111	4
500240505	protein_coding	TNFRSF13B	ENSG00000240505	1	1	1	1	1111	4
500240510	protein_coding	AL589765.1	ENSG00000240510	1	0	0	0	1000	1
500240591	lncRNA	ENSG00000240591.1	ENSG00000240591.1	1	1	1	1	1111	4
500240771	protein_coding	ARHGEF25	ENSG00000240771	1	1	1	1	1111	4
500240801	protein_coding	AC132217.4	ENSG00000240801	1	0	0	0	1000	1
500240954	protein_coding	RPL4P1	ENSG00000240954	1	0	0	0	1000	1
500240990	lncRNA	ENSG00000240990.5	ENSG00000240990.5	1	1	1	1	1111	4
500241106	protein_coding	HLA-DOB	ENSG00000241106	1	0	0	1	1001	2
500241119	protein_coding	UGT1A9	ENSG00000241119	1	0	0	0	1000	1
500241135	lncRNA	ENSG00000241135.1	ENSG00000241135.1	1	1	1	1	1111	4
500241345	lncRNA	ENSG00000241345.1	ENSG00000241345.1	1	1	1	1	1111	4
500241388	lncRNA	ENSG00000241388.3	ENSG00000241388.3	1	1	1	1	1111	4
500241404	protein_coding	EGFL8	ENSG00000241404	1	0	1	0	1010	2
500241549	protein_coding	GUSBP2	ENSG00000241549	1	0	0	0	1000	1
500241635	protein_coding	UGT1A1	ENSG00000241635	1	0	1	1	1011	3
500241644	protein_coding	INMT	ENSG00000241644	1	1	0	1	1101	3
500241764	lncRNA	ENSG00000241764.3	ENSG00000241764.3	1	1	1	1	1111	4
500241770	lncRNA	ENSG00000241770.1	ENSG00000241770.1	1	1	1	0	1110	3
500241778	protein_coding	AC005077.9	ENSG00000241778	1	0	0	0	1000	1
500241839	protein_coding	PLEKHO2	ENSG00000241839	1	1	1	0	1110	3
500241913	protein_coding	RP5-1073F15.1	ENSG00000241913	1	0	0	0	1000	1
500241933	lncRNA	ENSG00000241933.1	ENSG00000241933.1	1	1	1	1	1111	4
500241973	protein_coding	PI4KA	ENSG00000241973	1	1	1	1	1111	4
500242082	lncRNA	ENSG00000242082.1	ENSG00000242082.1	1	1	0	0	1100	2
500242178	protein_coding	MTND4P17	ENSG00000242178	1	0	0	0	1000	1
500242220	protein_coding	TCP10L	ENSG00000242220	1	1	0	0	1100	2
500242294	protein_coding	STAG3L5P	ENSG00000242294	1	0	0	0	1000	1
500242337	protein_coding	TFP1	ENSG00000242337	1	0	0	0	1000	1
500242366	protein_coding	UGT1A8	ENSG00000242366	1	0	0	0	1000	1
500242387	protein_coding	HIST1H2APS2	ENSG00000242387	1	0	0	0	1000	1
500242574	protein_coding	HLA-DMB	ENSG00000242574	1	0	0	1	1001	2
500242767	lncRNA	ENSG00000242767.1	ENSG00000242767.1	1	1	1	1	1111	4
500242797	lncRNA	ENSG00000242797.2	ENSG00000242797.2	1	1	1	1	1111	4
500242808	lncRNA	ENSG00000242808.3	ENSG00000242808.3	1	1	1	1	1111	4
500242902	lncRNA	ENSG00000242902.1	ENSG00000242902.1	1	1	1	1	1111	4
500243004	lncRNA	ENSG00000243004.1	ENSG00000243004.1	1	1	1	1	1111	4
500243024	protein_coding	RPS11P6	ENSG00000243024	1	0	0	0	1000	1
500243056	protein_coding	EIF4EBP3	ENSG00000243056	1	1	1	0	1110	3
500243071	protein_coding	RP11-613M5.2	ENSG00000243071	1	0	0	0	1000	1
500243083	lncRNA	ENSG00000243083.1	ENSG00000243083.1	1	1	1	1	1111	4
500243150	lncRNA	ENSG00000243150.1	ENSG00000243150.1	1	1	1	1	1111	4
500243176	lncRNA	ENSG00000243176.1	ENSG00000243176.1	1	1	0	0	1100	2
500243232	protein_coding	PCDHAC2	ENSG00000243232	1	0	1	1	1011	3
500243244	protein_coding	STON1	ENSG00000243244	1	1	0	0	1100	2
500243317	protein_coding	C7orf73	ENSG00000243317	1	0	0	0	1000	1
500243319	lncRNA	ENSG00000243319.3	ENSG00000243319.3	1	1	1	1	1111	4
500243516	protein_coding	RP11-19F9.1	ENSG00000243516	1	0	0	0	1000	1
500243587	protein_coding	C6orf183	ENSG00000243587	1	0	0	0	1000	1
500243620	lncRNA	ENSG00000243620.1	ENSG00000243620.1	1	1	1	0	1110	3
500243646	protein_coding	IL10RB	ENSG00000243646	1	0	0	1	1001	2
500243649	protein_coding	CFB	ENSG00000243649	1	0	0	0	1000	1
500243710	protein_coding	WDR65	ENSG00000243710	1	0	0	1	1001	2
500243753	protein_coding	HLA-L	ENSG00000243753	1	0	0	0	1000	1
500243766	lncRNA	ENSG00000243766.3	ENSG00000243766.3	1	1	1	1	1111	4
500243797	lncRNA	ENSG00000243797.2	ENSG00000243797.2	1	1	1	1	1111	4
500243943	protein_coding	ZNF512	ENSG00000243943	1	1	1	1	1111	4
500244040	lncRNA	ENSG00000244040.1	ENSG00000244040.1	1	1	1	1	1111	4
500244078	protein_coding	RP11-431I8.1	ENSG00000244078	1	0	0	0	1000	1
500244128	lncRNA	ENSG00000244128.1	ENSG00000244128.1	1	1	1	0	1110	3
500244165	protein_coding	P2RY11	ENSG00000244165	1	1	0	0	1100	2
500244255	protein_coding	CFB	ENSG00000244255	1	0	0	0	1000	1
500244405	protein_coding	ETV5	ENSG00000244405	1	1	1	1	1111	4
500244474	protein_coding	UGT1A4	ENSG00000244474	1	0	0	0	1000	1
500244513	lncRNA	ENSG00000244513.2	ENSG00000244513.2	1	1	1	1	1111	4
500244558	lncRNA	ENSG00000244558.1	ENSG00000244558.1	1	1	1	1	1111	4
500244607	protein_coding	CCDC13	ENSG00000244607	1	1	0	1	1101	3
500244609	lncRNA	ENSG00000244609.2	ENSG00000244609.2	1	1	1	1	1111	4
500244625	lncRNA	ENSG00000244625.1	ENSG00000244625.1	1	1	1	1	1111	4
500244649	lncRNA	ENSG00000244649.2	ENSG00000244649.2	1	0	1	0	1010	2
500244676	lncRNA	ENSG00000244676.1	ENSG00000244676.1	1	1	1	0	1110	3
500244703	protein_coding	CD46P1	ENSG00000244703	1	0	0	0	1000	1
500244734	protein_coding	HBB	ENSG00000244734	1	1	0	0	1100	2
500244921	protein_coding	CTB-36O1.7	ENSG00000244921	1	0	0	0	1000	1
500244968	lncRNA	ENSG00000244968.2	ENSG00000244968.2	1	1	1	1	1111	4
500245164	lncRNA	ENSG00000245164.2	ENSG00000245164.2	1	1	1	1	1111	4
500245293	lncRNA	ENSG00000245293.2	ENSG00000245293.2	1	1	1	1	1111	4
500245526	lncRNA	ENSG00000245526.4	ENSG00000245526.4	1	1	1	1	1111	4
500245532	lncRNA	ENSG00000245532.4	ENSG00000245532.4	1	1	1	1	1111	4
500245534	lncRNA	ENSG00000245534.2	ENSG00000245534.2	1	1	1	1	1111	4
500245573	lncRNA	ENSG00000245573.3	ENSG00000245573.3	1	1	1	1	1111	4
500245614	lncRNA	ENSG00000245614.2	ENSG00000245614.2	1	1	1	0	1110	3
500245648	lncRNA	ENSG00000245648.1	ENSG00000245648.1	1	1	1	1	1111	4
500245680	protein_coding	ZNF585B	ENSG00000245680	1	1	0	0	1100	2
500245864	lncRNA	ENSG00000245864.2	ENSG00000245864.2	1	1	1	1	1111	4
500246022	lncRNA	ENSG00000246022.2	ENSG00000246022.2	1	1	0	1	1101	3
500246203	protein_coding	RP11-29H23.5	ENSG00000246203	1	0	0	0	1000	1
500246250	lncRNA	ENSG00000246250.2	ENSG00000246250.2	1	1	1	1	1111	4
500246323	lncRNA	ENSG00000246323.2	ENSG00000246323.2	1	1	0	1	1101	3
500246334	lncRNA	ENSG00000246334.2	ENSG00000246334.2	1	1	1	1	1111	4
500246350	lncRNA	ENSG00000246350.1	ENSG00000246350.1	1	1	1	1	1111	4
500246366	protein_coding	RP11-382J12.1	ENSG00000246366	1	0	0	0	1000	1
500246375	lncRNA	ENSG00000246375.2	ENSG00000246375.2	1	1	1	1	1111	4
500246528	lncRNA	ENSG00000246528.3	ENSG00000246528.3	1	1	1	0	1110	3
500246541	lncRNA	ENSG00000246541.2	ENSG00000246541.2	1	1	1	1	1111	4
500246548	lncRNA	ENSG00000246548.3	ENSG00000246548.3	1	1	1	1	1111	4
500246820	lncRNA	ENSG00000246820.2	ENSG00000246820.2	1	1	1	0	1110	3
500247157	lncRNA	ENSG00000247157.2	ENSG00000247157.2	1	1	1	0	1110	3
500247199	lncRNA	ENSG00000247199.3	ENSG00000247199.3	1	1	1	1	1111	4
500247324	lncRNA	ENSG00000247324.2	ENSG00000247324.2	1	1	1	0	1110	3
500247372	lncRNA	ENSG00000247372.2	ENSG00000247372.2	1	1	0	0	1100	2
500247556	lncRNA	ENSG00000247556.2	ENSG00000247556.2	1	1	1	1	1111	4
500247572	lncRNA	ENSG00000247572.3	ENSG00000247572.3	1	1	1	1	1111	4
500247627	protein_coding	MTND4P12	ENSG00000247627	1	0	0	0	1000	1
500247708	lncRNA	ENSG00000247708.3	ENSG00000247708.3	1	1	0	1	1101	3
500247746	protein_coding	USP51	ENSG00000247746	1	0	1	1	1011	3
500247828	lncRNA	ENSG00000247828.3	ENSG00000247828.3	1	1	1	1	1111	4
500247950	lncRNA	ENSG00000247950.2	ENSG00000247950.2	1	1	1	1	1111	4
500248144	protein_coding	ADH1C	ENSG00000248144	1	0	0	0	1000	1
500248166	lncRNA	ENSG00000248166.1	ENSG00000248166.1	1	1	0	0	1100	2
500248167	protein_coding	TRIM39-RPP21	ENSG00000248167	1	0	0	0	1000	1
500248245	lncRNA	ENSG00000248245.1	ENSG00000248245.1	1	1	1	1	1111	4
500248366	protein_coding	TRAJ51	ENSG00000248366	1	0	0	0	1000	1
500248383	protein_coding	PCDHAC1	ENSG00000248383	1	0	0	0	1000	1
500248441	lncRNA	ENSG00000248441.2	ENSG00000248441.2	1	1	1	1	1111	4
500248531	protein_coding	NDUFA5P12	ENSG00000248531	1	0	0	0	1000	1
500248668	lncRNA	ENSG00000248668.1	ENSG00000248668.1	1	1	0	1	1101	3
500248673	lncRNA	ENSG00000248673.1	ENSG00000248673.1	1	1	1	1	1111	4
500248712	protein_coding	CCDC153	ENSG00000248712	1	1	1	0	1110	3
500248719	lncRNA	ENSG00000248719.1	ENSG00000248719.1	1	1	1	1	1111	4
500248752	lncRNA	ENSG00000248752.1	ENSG00000248752.1	1	1	1	1	1111	4
500248905	protein_coding	FMN1	ENSG00000248905	1	1	1	1	1111	4
500248932	lncRNA	ENSG00000248932.1	ENSG00000248932.1	1	1	1	1	1111	4
500248966	protein_coding	CTD-2089O24.1	ENSG00000248966	1	0	0	0	1000	1
500248993	protein_coding	XXbac-BPG181M17.5	ENSG00000248993	1	0	0	0	1000	1
500249042	lncRNA	ENSG00000249042.1	ENSG00000249042.1	1	1	1	1	1111	4
500249069	lncRNA	ENSG00000249069.3	ENSG00000249069.3	1	1	1	1	1111	4
500249085	lncRNA	ENSG00000249085.1	ENSG00000249085.1	1	1	1	1	1111	4
500249141	protein_coding	RP11-514O12.4	ENSG00000249141	1	0	0	0	1000	1
500249158	protein_coding	PCDHA11	ENSG00000249158	1	0	0	0	1000	1
500249240	protein_coding	AC069368.3	ENSG00000249240	1	0	0	0	1000	1
500249274	protein_coding	PDLIM1P4	ENSG00000249274	1	0	0	0	1000	1
500249306	lncRNA	ENSG00000249306.1	ENSG00000249306.1	1	1	1	1	1111	4
500249334	lncRNA	ENSG00000249334.1	ENSG00000249334.1	1	1	1	0	1110	3
500249487	lncRNA	ENSG00000249487.2	ENSG00000249487.2	1	1	1	1	1111	4
500249494	lncRNA	ENSG00000249494.1	ENSG00000249494.1	1	1	1	0	1110	3
500249624	protein_coding	AP000295.9	ENSG00000249624	1	0	0	0	1000	1
500249650	lncRNA	ENSG00000249650.1	ENSG00000249650.1	1	1	0	0	1100	2
500249700	lncRNA	ENSG00000249700.4	ENSG00000249700.4	1	0	0	0	1000	1
500249710	lncRNA	ENSG00000249710.1	ENSG00000249710.1	1	1	1	1	1111	4
500249715	protein_coding	FER1L5	ENSG00000249715	1	1	1	1	1111	4
500249738	lncRNA	ENSG00000249738.2	ENSG00000249738.2	1	1	1	1	1111	4
500249746	lncRNA	ENSG00000249746.1	ENSG00000249746.1	1	1	1	1	1111	4
500249773	protein_coding	MRPS17	ENSG00000249773	1	1	1	0	1110	3
500249776	lncRNA	ENSG00000249776.1	ENSG00000249776.1	1	1	1	0	1110	3
500249859	lncRNA	ENSG00000249859.3	ENSG00000249859.3	1	1	1	1	1111	4
500249937	lncRNA	ENSG00000249937.1	ENSG00000249937.1	1	1	1	1	1111	4
500249978	protein_coding	TRGV7	ENSG00000249978	1	0	0	0	1000	1
500249984	lncRNA	ENSG00000249984.1	ENSG00000249984.1	1	1	1	1	1111	4
500249993	lncRNA	ENSG00000249993.1	ENSG00000249993.1	1	1	1	0	1110	3
500250030	protein_coding	RP11-584P21.4	ENSG00000250030	1	0	0	0	1000	1
500250056	lncRNA	ENSG00000250056.1	ENSG00000250056.1	1	1	1	1	1111	4
500250120	protein_coding	PCDHA10	ENSG00000250120	1	0	0	0	1000	1
500250159	lncRNA	ENSG00000250159.2	ENSG00000250159.2	1	1	1	1	1111	4
500250260	lncRNA	ENSG00000250260.1	ENSG00000250260.1	1	1	1	1	1111	4
500250264	protein_coding	TAP2	ENSG00000250264	1	0	0	0	1000	1
500250361	protein_coding	GYPB	ENSG00000250361	1	0	0	0	1000	1
500250377	lncRNA	ENSG00000250377.1	ENSG00000250377.1	1	1	1	1	1111	4
500250405	protein_coding	RP11-114H7.2	ENSG00000250405	1	0	0	0	1000	1
500250424	protein_coding	AQP1	ENSG00000250424	1	1	0	0	1100	2
500250461	protein_coding	RP11-631M6.2	ENSG00000250461	1	0	0	0	1000	1
500250486	protein_coding	FAM218A	ENSG00000250486	1	0	0	0	1000	1
500250522	lncRNA	ENSG00000250522.1	ENSG00000250522.1	1	1	1	1	1111	4
500250629	lncRNA	ENSG00000250629.1	ENSG00000250629.1	1	1	1	1	1111	4
500250635	lncRNA	ENSG00000250635.1	ENSG00000250635.1	1	1	0	1	1101	3
500250641	protein_coding	MEGT1	ENSG00000250641	1	0	0	0	1000	1
500250770	lncRNA	ENSG00000250770.2	ENSG00000250770.2	1	1	1	1	1111	4
500250771	protein_coding	RP11-153M7.3	ENSG00000250771	1	0	0	0	1000	1
500250802	lncRNA	ENSG00000250802.2	ENSG00000250802.2	1	1	1	1	1111	4
500250974	lncRNA	ENSG00000250974.1	ENSG00000250974.1	1	1	1	1	1111	4
500250979	protein_coding	RP11-656G20.1	ENSG00000250979	1	0	0	0	1000	1
500251002	lncRNA	ENSG00000251002.3	ENSG00000251002.3	1	1	1	1	1111	4
500251022	lncRNA	ENSG00000251022.2	ENSG00000251022.2	1	1	1	1	1111	4
500251131	lncRNA	ENSG00000251131.1	ENSG00000251131.1	1	1	0	1	1101	3
500251136	lncRNA	ENSG00000251136.4	ENSG00000251136.4	1	1	1	1	1111	4
500251141	lncRNA	ENSG00000251141.1	ENSG00000251141.1	1	1	1	0	1110	3
500251165	lncRNA	ENSG00000251165.1	ENSG00000251165.1	1	1	1	1	1111	4
500251173	lncRNA	ENSG00000251173.1	ENSG00000251173.1	1	1	1	1	1111	4
500251247	protein_coding	ZNF345	ENSG00000251247	1	1	1	0	1110	3
500251279	lncRNA	ENSG00000251279.1	ENSG00000251279.1	1	1	1	1	1111	4
500251301	lncRNA	ENSG00000251301.2	ENSG00000251301.2	1	1	1	1	1111	4
500251323	lncRNA	ENSG00000251323.2	ENSG00000251323.2	1	1	1	1	1111	4
500251364	lncRNA	ENSG00000251364.2	ENSG00000251364.2	1	1	1	1	1111	4
500251381	lncRNA	ENSG00000251381.2	ENSG00000251381.2	1	1	1	1	1111	4
500251409	lncRNA	ENSG00000251409.1	ENSG00000251409.1	1	1	0	0	1100	2
500251497	lncRNA	ENSG00000251497.2	ENSG00000251497.2	1	0	0	1	1001	2
500251562	lncRNA	ENSG00000251562.3	ENSG00000251562.3	1	1	1	1	1111	4
500251578	protein_coding	TRBV21-1	ENSG00000251578	1	0	0	0	1000	1
500251586	lncRNA	ENSG00000251586.1	ENSG00000251586.1	1	1	1	1	1111	4
500251632	lncRNA	ENSG00000251632.1	ENSG00000251632.1	1	1	1	1	1111	4
500251664	protein_coding	PCDHA12	ENSG00000251664	1	0	0	0	1000	1
500251867	lncRNA	ENSG00000251867.2	ENSG00000251867.2	1	1	1	1	1111	4
500251916	protein_coding	RNU1-61P	ENSG00000251916	1	0	0	0	1000	1
500252010	protein_coding	SCARNA5	ENSG00000252010	1	0	0	0	1000	1
500252068	protein_coding	RNU6-390P	ENSG00000252068	1	0	0	1	1001	2
500252812	lncRNA	ENSG00000252812.1	ENSG00000252812.1	1	0	1	1	1011	3
500252859	protein_coding	RNU6-375P	ENSG00000252859	1	0	0	0	1000	1
500253006	lncRNA	ENSG00000253006.1	ENSG00000253006.1	1	1	1	1	1111	4
500253111	lncRNA	ENSG00000253111.1	ENSG00000253111.1	1	1	0	1	1101	3
500253125	lncRNA	ENSG00000253125.1	ENSG00000253125.1	1	1	1	1	1111	4
500253154	lncRNA	ENSG00000253154.1	ENSG00000253154.1	1	1	1	1	1111	4
500253230	lncRNA	ENSG00000253230.2	ENSG00000253230.2	1	1	1	1	1111	4
500253256	lncRNA	ENSG00000253256.1	ENSG00000253256.1	1	1	1	1	1111	4
500253408	lncRNA	ENSG00000253408.1	ENSG00000253408.1	1	1	1	1	1111	4
500253457	protein_coding	SMIM18	ENSG00000253457	1	0	0	0	1000	1
500253477	lncRNA	ENSG00000253477.1	ENSG00000253477.1	1	1	1	1	1111	4
500253535	lncRNA	ENSG00000253535.1	ENSG00000253535.1	1	1	1	1	1111	4
500253547	protein_coding	RP11-959F10.5	ENSG00000253547	1	0	0	0	1000	1
500253549	lncRNA	ENSG00000253549.1	ENSG00000253549.1	1	1	1	1	1111	4
500253553	lncRNA	ENSG00000253553.1	ENSG00000253553.1	1	1	1	1	1111	4
500253554	lncRNA	ENSG00000253554.1	ENSG00000253554.1	1	1	1	1	1111	4
500253596	lncRNA	ENSG00000253596.1	ENSG00000253596.1	1	1	1	1	1111	4
500253619	lncRNA	ENSG00000253619.1	ENSG00000253619.1	1	1	1	1	1111	4
500253641	lncRNA	ENSG00000253641.1	ENSG00000253641.1	1	1	1	0	1110	3
500253649	lncRNA	ENSG00000253649.1	ENSG00000253649.1	1	1	1	1	1111	4
500253661	lncRNA	ENSG00000253661.1	ENSG00000253661.1	1	1	1	1	1111	4
500253704	lncRNA	ENSG00000253704.1	ENSG00000253704.1	1	1	1	0	1110	3
500253771	protein_coding	TPTE2P1	ENSG00000253771	1	0	0	0	1000	1
500253831	protein_coding	ETV3L	ENSG00000253831	1	1	1	1	1111	4
500253944	lncRNA	ENSG00000253944.1	ENSG00000253944.1	1	1	0	0	1100	2
500253948	lncRNA	ENSG00000253948.1	ENSG00000253948.1	1	1	1	1	1111	4
500253974	lncRNA	ENSG00000253974.1	ENSG00000253974.1	1	1	1	1	1111	4
500253988	lncRNA	ENSG00000253988.1	ENSG00000253988.1	1	1	1	0	1110	3
500254006	lncRNA	ENSG00000254006.1	ENSG00000254006.1	1	1	1	1	1111	4
500254056	protein_coding	IGHV3-71	ENSG00000254056	1	0	0	0	1000	1
500254087	protein_coding	LYN	ENSG00000254087	1	1	1	1	1111	4
500254197	lncRNA	ENSG00000254197.1	ENSG00000254197.1	1	1	1	1	1111	4
500254221	protein_coding	PCDHGB1	ENSG00000254221	1	0	0	0	1000	1
500254226	lncRNA	ENSG00000254226.1	ENSG00000254226.1	1	1	1	1	1111	4
500254235	lncRNA	ENSG00000254235.1	ENSG00000254235.1	1	1	1	1	1111	4
500254275	lncRNA	ENSG00000254275.2	ENSG00000254275.2	1	1	1	0	1110	3
500254325	lncRNA	ENSG00000254325.2	ENSG00000254325.2	1	1	0	0	1100	2
500254361	lncRNA	ENSG00000254361.1	ENSG00000254361.1	1	1	1	1	1111	4
500254377	lncRNA	ENSG00000254377.1	ENSG00000254377.1	1	1	1	1	1111	4
500254411	protein_coding	CTD-3051L14.13	ENSG00000254411	1	0	0	0	1000	1
500254414	lncRNA	ENSG00000254414.1	ENSG00000254414.1	1	1	0	0	1100	2
500254473	lncRNA	ENSG00000254473.1	ENSG00000254473.1	1	1	1	1	1111	4
500254498	protein_coding	CTD-2119L1.1	ENSG00000254498	1	0	0	0	1000	1
500254532	lncRNA	ENSG00000254532.1	ENSG00000254532.1	1	1	1	1	1111	4
500254536	protein_coding	RP11-108K14.8	ENSG00000254536	1	0	0	0	1000	1
500254554	lncRNA	ENSG00000254554.1	ENSG00000254554.1	1	1	1	1	1111	4
500254621	protein_coding	SETP16	ENSG00000254621	1	0	0	0	1000	1
500254659	lncRNA	ENSG00000254659.2	ENSG00000254659.2	1	1	1	1	1111	4
500254670	lncRNA	ENSG00000254670.1	ENSG00000254670.1	1	1	1	1	1111	4
500254731	lncRNA	ENSG00000254731.1	ENSG00000254731.1	1	1	1	0	1110	3
500254777	lncRNA	ENSG00000254777.1	ENSG00000254777.1	1	1	1	1	1111	4
500254789	lncRNA	ENSG00000254789.1	ENSG00000254789.1	1	1	1	1	1111	4
500254862	lncRNA	ENSG00000254862.1	ENSG00000254862.1	1	1	1	1	1111	4
500254870	protein_coding	ATP6V1G2-DDX39B	ENSG00000254870	1	0	0	0	1000	1
500254919	lncRNA	ENSG00000254919.1	ENSG00000254919.1	1	1	1	1	1111	4
500254959	protein_coding	INMT-FAM188B	ENSG00000254959	1	0	0	0	1000	1
500254996	protein_coding	ANKHD1-EIF4EBP3	ENSG00000254996	1	0	0	0	1000	1
500255020	lncRNA	ENSG00000255020.1	ENSG00000255020.1	1	1	1	0	1110	3
500255073	protein_coding	ZFP91-CNTF	ENSG00000255073	1	0	0	0	1000	1
500255133	lncRNA	ENSG00000255133.1	ENSG00000255133.1	1	1	0	1	1101	3
500255136	lncRNA	ENSG00000255136.2	ENSG00000255136.2	1	1	0	0	1100	2
500255152	protein_coding	MSH5-SAPCD1	ENSG00000255152	1	0	0	0	1000	1
500255178	lncRNA	ENSG00000255178.1	ENSG00000255178.1	1	1	1	1	1111	4
500255197	lncRNA	ENSG00000255197.1	ENSG00000255197.1	1	1	1	1	1111	4
500255257	lncRNA	ENSG00000255257.1	ENSG00000255257.1	1	1	1	0	1110	3
500255274	lncRNA	ENSG00000255274.4	ENSG00000255274.4	1	1	1	1	1111	4
500255284	protein_coding	AP006621.5	ENSG00000255284	1	0	0	0	1000	1
500255291	protein_coding	RP11-701I24.1	ENSG00000255291	1	0	0	0	1000	1
500255299	lncRNA	ENSG00000255299.1	ENSG00000255299.1	1	1	1	1	1111	4
500255398	protein_coding	HCAR3	ENSG00000255398	1	1	0	0	1100	2
500255408	protein_coding	PCDHA3	ENSG00000255408	1	0	0	0	1000	1
500255422	lncRNA	ENSG00000255422.1	ENSG00000255422.1	1	1	1	1	1111	4
500255436	protein_coding	Z95704.2	ENSG00000255436	1	0	0	0	1000	1
500255442	protein_coding	RP11-347H15.1	ENSG00000255442	1	0	0	0	1000	1
500255507	lncRNA	ENSG00000255507.1	ENSG00000255507.1	1	1	1	1	1111	4
500255529	protein_coding	POLR2M	ENSG00000255529	1	0	0	0	1000	1
500255537	protein_coding	AP000708.1	ENSG00000255537	1	0	0	0	1000	1
500255542	lncRNA	ENSG00000255542.1	ENSG00000255542.1	1	1	1	1	1111	4
500255552	protein_coding	LY6G6E	ENSG00000255552	1	0	1	0	1010	2
500255568	lncRNA	ENSG00000255568.2	ENSG00000255568.2	1	1	1	1	1111	4
500255572	lncRNA	ENSG00000255572.1	ENSG00000255572.1	1	1	1	0	1110	3
500255641	protein_coding	NKG2-E	ENSG00000255641	1	0	0	0	1000	1
500255670	lncRNA	ENSG00000255670.1	ENSG00000255670.1	1	1	1	0	1110	3
500255674	protein_coding	AC013718.1	ENSG00000255674	1	0	0	0	1000	1
500255729	protein_coding	AC005618.1	ENSG00000255729	1	0	0	0	1000	1
500255819	protein_coding	KLRC4-KLRK1	ENSG00000255819	1	0	0	0	1000	1
500255864	lncRNA	ENSG00000255864.1	ENSG00000255864.1	1	1	1	0	1110	3
500255929	lncRNA	ENSG00000255929.1	ENSG00000255929.1	1	1	1	1	1111	4
500255945	lncRNA	ENSG00000255945.1	ENSG00000255945.1	1	1	1	1	1111	4
500255989	lncRNA	ENSG00000255989.1	ENSG00000255989.1	1	1	1	1	1111	4
500256018	protein_coding	HIST1H3G	ENSG00000256018	1	0	0	0	1000	1
500256093	protein_coding	RP11-158L12.2	ENSG00000256093	1	0	0	0	1000	1
500256164	lncRNA	ENSG00000256164.1	ENSG00000256164.1	1	1	1	1	1111	4
500256248	lncRNA	ENSG00000256248.1	ENSG00000256248.1	1	0	0	1	1001	2
500256316	protein_coding	HIST1H3F	ENSG00000256316	1	0	0	0	1000	1
500256390	protein_coding	AC092143.1	ENSG00000256390	1	0	0	0	1000	1
500256463	protein_coding	SALL3	ENSG00000256463	1	1	1	1	1111	4
500256464	protein_coding	RP11-613F22.5	ENSG00000256464	1	0	0	0	1000	1
500256590	protein_coding	TRDV3	ENSG00000256590	1	1	1	0	1110	3
500256618	protein_coding	MTRNR2L1	ENSG00000256618	1	0	0	0	1000	1
500256637	lncRNA	ENSG00000256637.2	ENSG00000256637.2	1	1	1	1	1111	4
500256683	protein_coding	ZNF350	ENSG00000256683	1	1	1	0	1110	3
500256721	lncRNA	ENSG00000256721.1	ENSG00000256721.1	1	1	1	1	1111	4
500256725	lncRNA	ENSG00000256725.1	ENSG00000256725.1	1	1	1	0	1110	3
500256751	lncRNA	ENSG00000256751.1	ENSG00000256751.1	1	1	1	0	1110	3
500256812	protein_coding	CAPNS2	ENSG00000256812	1	0	0	0	1000	1
500256824	lncRNA	ENSG00000256824.1	ENSG00000256824.1	1	1	0	1	1101	3
500257060	lncRNA	ENSG00000257060.2	ENSG00000257060.2	1	1	1	1	1111	4
500257126	lncRNA	ENSG00000257126.1	ENSG00000257126.1	1	1	1	1	1111	4
500257155	lncRNA	ENSG00000257155.1	ENSG00000257155.1	1	1	0	1	1101	3
500257178	lncRNA	ENSG00000257178.2	ENSG00000257178.2	1	1	1	1	1111	4
500257180	lncRNA	ENSG00000257180.1	ENSG00000257180.1	1	1	1	1	1111	4
500257194	lncRNA	ENSG00000257194.2	ENSG00000257194.2	1	1	1	1	1111	4
500257277	lncRNA	ENSG00000257277.1	ENSG00000257277.1	1	1	1	1	1111	4
500257341	protein_coding	CRIP1	ENSG00000257341	1	0	1	1	1011	3
500257545	protein_coding	RP11-144F15.1	ENSG00000257545	1	0	0	0	1000	1
500257582	lncRNA	ENSG00000257582.1	ENSG00000257582.1	1	1	1	1	1111	4
500257585	lncRNA	ENSG00000257585.1	ENSG00000257585.1	1	1	1	1	1111	4
500257595	lncRNA	ENSG00000257595.2	ENSG00000257595.2	1	1	1	1	1111	4
500257703	lncRNA	ENSG00000257703.1	ENSG00000257703.1	1	1	1	1	1111	4
500257735	lncRNA	ENSG00000257735.1	ENSG00000257735.1	1	1	1	0	1110	3
500257779	protein_coding	RP11-848D3.4	ENSG00000257779	1	0	0	0	1000	1
500257842	lncRNA	ENSG00000257842.1	ENSG00000257842.1	1	1	1	1	1111	4
500257913	lncRNA	ENSG00000257913.1	ENSG00000257913.1	1	1	0	1	1101	3
500258001	lncRNA	ENSG00000258001.1	ENSG00000258001.1	1	1	1	1	1111	4
500258017	lncRNA	ENSG00000258017.1	ENSG00000258017.1	1	1	1	1	1111	4
500258057	lncRNA	ENSG00000258057.1	ENSG00000258057.1	1	1	1	1	1111	4
500258162	lncRNA	ENSG00000258162.1	ENSG00000258162.1	1	1	1	1	1111	4
500258168	lncRNA	ENSG00000258168.1	ENSG00000258168.1	1	1	1	1	1111	4
500258216	lncRNA	ENSG00000258216.1	ENSG00000258216.1	1	1	1	1	1111	4
500258240	lncRNA	ENSG00000258240.1	ENSG00000258240.1	1	1	1	1	1111	4
500258302	lncRNA	ENSG00000258302.1	ENSG00000258302.1	1	1	1	1	1111	4
500258337	lncRNA	ENSG00000258337.1	ENSG00000258337.1	1	1	0	1	1101	3
500258342	lncRNA	ENSG00000258342.1	ENSG00000258342.1	1	1	1	1	1111	4
500258343	lncRNA	ENSG00000258343.1	ENSG00000258343.1	1	1	1	1	1111	4
500258386	protein_coding	RP11-187E13.2	ENSG00000258386	1	0	0	0	1000	1
500258399	lncRNA	ENSG00000258399.2	ENSG00000258399.2	1	1	1	1	1111	4
500258413	lncRNA	ENSG00000258413.1	ENSG00000258413.1	1	1	1	1	1111	4
500258444	lncRNA	ENSG00000258444.1	ENSG00000258444.1	1	1	1	1	1111	4
500258484	protein_coding	SPESP1	ENSG00000258484	1	1	1	1	1111	4
500258517	lncRNA	ENSG00000258517.1	ENSG00000258517.1	1	1	1	1	1111	4
500258553	lncRNA	ENSG00000258553.1	ENSG00000258553.1	1	1	1	0	1110	3
500258583	lncRNA	ENSG00000258583.1	ENSG00000258583.1	1	1	1	1	1111	4
500258623	lncRNA	ENSG00000258623.1	ENSG00000258623.1	1	1	1	1	1111	4
500258667	lncRNA	ENSG00000258667.1	ENSG00000258667.1	1	1	1	1	1111	4
500258670	lncRNA	ENSG00000258670.1	ENSG00000258670.1	1	0	0	1	1001	2
500258677	protein_coding	RP11-463D19.2	ENSG00000258677	1	0	0	1	1001	2
500258704	lncRNA	ENSG00000258704.1	ENSG00000258704.1	1	1	1	0	1110	3
500258728	protein_coding	GALT	ENSG00000258728	1	0	0	0	1000	1
500258759	protein_coding	RP11-1012A1.7	ENSG00000258759	1	0	0	0	1000	1
500258760	lncRNA	ENSG00000258760.1	ENSG00000258760.1	1	1	1	1	1111	4
500258777	lncRNA	ENSG00000258777.1	ENSG00000258777.1	1	1	0	1	1101	3
500258789	lncRNA	ENSG00000258789.1	ENSG00000258789.1	1	1	1	1	1111	4
500258819	lncRNA	ENSG00000258819.1	ENSG00000258819.1	1	1	1	1	1111	4
500258826	lncRNA	ENSG00000258826.1	ENSG00000258826.1	1	1	1	1	1111	4
500258830	protein_coding	RP11-123K3.4	ENSG00000258830	1	0	0	0	1000	1
500258839	protein_coding	MC1R	ENSG00000258839	1	0	1	0	1010	2
500258844	lncRNA	ENSG00000258844.1	ENSG00000258844.1	1	1	0	1	1101	3
500258860	lncRNA	ENSG00000258860.1	ENSG00000258860.1	1	1	1	1	1111	4
500258861	lncRNA	ENSG00000258861.1	ENSG00000258861.1	1	1	1	0	1110	3
500258864	protein_coding	CTC-554D6.1	ENSG00000258864	1	0	0	0	1000	1
500258890	protein_coding	CEP95	ENSG00000258890	1	1	1	1	1111	4
500258964	lncRNA	ENSG00000258964.1	ENSG00000258964.1	1	1	1	1	1111	4
500258989	protein_coding	RP11-47I22.4	ENSG00000258989	1	0	0	0	1000	1
500258999	lncRNA	ENSG00000258999.1	ENSG00000258999.1	1	1	0	1	1101	3
500259001	lncRNA	ENSG00000259001.2	ENSG00000259001.2	1	1	1	1	1111	4
500259003	protein_coding	AE000662.92	ENSG00000259003	1	0	0	0	1000	1
500259006	lncRNA	ENSG00000259006.1	ENSG00000259006.1	1	1	1	1	1111	4
500259024	protein_coding	TVP23C-CDRT4	ENSG00000259024	1	0	0	0	1000	1
500259054	lncRNA	ENSG00000259054.1	ENSG00000259054.1	1	1	1	1	1111	4
500259068	protein_coding	TRAV37	ENSG00000259068	1	0	0	0	1000	1
500259070	lncRNA	ENSG00000259070.1	ENSG00000259070.1	1	1	1	0	1110	3
500259080	lncRNA	ENSG00000259080.1	ENSG00000259080.1	1	1	1	1	1111	4
500259104	lncRNA	ENSG00000259104.2	ENSG00000259104.2	1	1	1	1	1111	4
500259116	lncRNA	ENSG00000259116.1	ENSG00000259116.1	1	1	1	1	1111	4
500259132	protein_coding	RP11-298I3.5	ENSG00000259132	1	0	0	1	1001	2
500259146	lncRNA	ENSG00000259146.2	ENSG00000259146.2	1	1	1	1	1111	4
500259153	lncRNA	ENSG00000259153.1	ENSG00000259153.1	1	1	1	1	1111	4
500259164	protein_coding	RP11-463C8.4	ENSG00000259164	1	0	0	0	1000	1
500259202	protein_coding	RP11-342M21.2	ENSG00000259202	1	0	0	0	1000	1
500259222	lncRNA	ENSG00000259222.1	ENSG00000259222.1	1	1	1	0	1110	3
500259234	lncRNA	ENSG00000259234.1	ENSG00000259234.1	1	1	1	1	1111	4
500259235	lncRNA	ENSG00000259235.1	ENSG00000259235.1	1	1	1	1	1111	4
500259251	lncRNA	ENSG00000259251.2	ENSG00000259251.2	1	1	1	1	1111	4
500259288	protein_coding	RP11-133K1.2	ENSG00000259288	1	0	0	0	1000	1
500259326	lncRNA	ENSG00000259326.1	ENSG00000259326.1	1	1	1	1	1111	4
500259332	protein_coding	ST20-MTHFS	ENSG00000259332	1	0	0	0	1000	1
500259354	lncRNA	ENSG00000259354.1	ENSG00000259354.1	1	1	1	1	1111	4
500259377	lncRNA	ENSG00000259377.1	ENSG00000259377.1	1	1	1	1	1111	4
500259380	lncRNA	ENSG00000259380.1	ENSG00000259380.1	1	1	0	0	1100	2
500259402	lncRNA	ENSG00000259402.1	ENSG00000259402.1	1	1	0	0	1100	2
500259404	protein_coding	EFTUD1P1	ENSG00000259404	1	0	0	0	1000	1
500259439	lncRNA	ENSG00000259439.1	ENSG00000259439.1	1	1	1	1	1111	4
500259444	lncRNA	ENSG00000259444.1	ENSG00000259444.1	1	1	1	1	1111	4
500259447	lncRNA	ENSG00000259447.1	ENSG00000259447.1	1	1	1	1	1111	4
500259476	lncRNA	ENSG00000259476.1	ENSG00000259476.1	1	1	1	1	1111	4
500259495	protein_coding	RP11-210M15.2	ENSG00000259495	1	0	0	0	1000	1
500259529	protein_coding	RP11-468E2.4	ENSG00000259529	1	0	0	0	1000	1
500259549	lncRNA	ENSG00000259549.1	ENSG00000259549.1	1	1	1	1	1111	4
500259606	lncRNA	ENSG00000259606.2	ENSG00000259606.2	1	1	1	1	1111	4
500259609	protein_coding	RP11-342A23.1	ENSG00000259609	1	0	0	0	1000	1
500259616	lncRNA	ENSG00000259616.1	ENSG00000259616.1	1	1	1	1	1111	4
500259619	protein_coding	RP11-390M11.1	ENSG00000259619	1	0	0	0	1000	1
500259641	lncRNA	ENSG00000259641.1	ENSG00000259641.1	1	1	1	1	1111	4
500259719	lncRNA	ENSG00000259719.1	ENSG00000259719.1	1	1	1	1	1111	4
500259738	protein_coding	ZNF444P1	ENSG00000259738	1	0	0	0	1000	1
500259747	lncRNA	ENSG00000259747.1	ENSG00000259747.1	1	1	1	1	1111	4
500259802	lncRNA	ENSG00000259802.1	ENSG00000259802.1	1	1	1	1	1111	4
500259887	lncRNA	ENSG00000259887.1	ENSG00000259887.1	1	0	0	1	1001	2
500259905	lncRNA	ENSG00000259905.1	ENSG00000259905.1	1	1	1	0	1110	3
500259912	lncRNA	ENSG00000259912.1	ENSG00000259912.1	1	1	0	1	1101	3
500259974	lncRNA	ENSG00000259974.2	ENSG00000259974.2	1	1	1	1	1111	4
500259984	protein_coding	RP11-335G20.7	ENSG00000259984	1	0	0	0	1000	1
500260017	lncRNA	ENSG00000260017.1	ENSG00000260017.1	1	1	1	1	1111	4
500260027	protein_coding	HOXB7	ENSG00000260027	1	1	1	1	1111	4
500260030	lncRNA	ENSG00000260030.1	ENSG00000260030.1	1	1	1	1	1111	4
500260086	lncRNA	ENSG00000260086.1	ENSG00000260086.1	1	1	1	1	1111	4
500260152	protein_coding	RP11-69H7.4	ENSG00000260152	1	0	0	0	1000	1
500260163	lncRNA	ENSG00000260163.1	ENSG00000260163.1	1	1	1	1	1111	4
500260230	protein_coding	FRRS1L	ENSG00000260230	1	1	1	1	1111	4
500260233	lncRNA	ENSG00000260233.2	ENSG00000260233.2	1	1	1	1	1111	4
500260257	lncRNA	ENSG00000260257.1	ENSG00000260257.1	1	1	1	1	1111	4
500260302	lncRNA	ENSG00000260302.1	ENSG00000260302.1	1	1	0	1	1101	3
500260411	lncRNA	ENSG00000260411.2	ENSG00000260411.2	1	1	1	1	1111	4
500260441	lncRNA	ENSG00000260441.1	ENSG00000260441.1	1	1	1	1	1111	4
500260455	lncRNA	ENSG00000260455.1	ENSG00000260455.1	1	1	1	1	1111	4
500260509	lncRNA	ENSG00000260509.2	ENSG00000260509.2	1	1	1	1	1111	4
500260519	lncRNA	ENSG00000260519.1	ENSG00000260519.1	1	1	1	1	1111	4
500260588	lncRNA	ENSG00000260588.1	ENSG00000260588.1	1	1	1	0	1110	3
500260593	lncRNA	ENSG00000260593.1	ENSG00000260593.1	1	1	0	1	1101	3
500260651	lncRNA	ENSG00000260651.1	ENSG00000260651.1	1	0	0	1	1001	2
500260750	lncRNA	ENSG00000260750.1	ENSG00000260750.1	1	1	1	1	1111	4
500260785	lncRNA	ENSG00000260785.1	ENSG00000260785.1	1	1	1	1	1111	4
500260788	lncRNA	ENSG00000260788.1	ENSG00000260788.1	1	1	1	1	1111	4
500260793	lncRNA	ENSG00000260793.2	ENSG00000260793.2	1	0	1	1	1011	3
500260834	lncRNA	ENSG00000260834.1	ENSG00000260834.1	1	0	0	0	1000	1
500260861	protein_coding	RP4-576H24.4	ENSG00000260861	1	0	0	0	1000	1
500260929	lncRNA	ENSG00000260929.1	ENSG00000260929.1	1	1	1	1	1111	4
500261033	lncRNA	ENSG00000261033.1	ENSG00000261033.1	1	1	1	1	1111	4
500261055	lncRNA	ENSG00000261055.1	ENSG00000261055.1	1	1	1	1	1111	4
500261076	lncRNA	ENSG00000261076.1	ENSG00000261076.1	1	1	1	0	1110	3
500261114	protein_coding	RP11-325K4.2	ENSG00000261114	1	0	0	0	1000	1
500261115	protein_coding	TMEM178B	ENSG00000261115	1	1	1	1	1111	4
500261156	lncRNA	ENSG00000261156.2	ENSG00000261156.2	1	1	1	1	1111	4
500261186	lncRNA	ENSG00000261186.1	ENSG00000261186.1	1	1	1	1	1111	4
500261188	lncRNA	ENSG00000261188.1	ENSG00000261188.1	1	1	1	1	1111	4
500261202	lncRNA	ENSG00000261202.1	ENSG00000261202.1	1	1	1	1	1111	4
500261267	lncRNA	ENSG00000261267.1	ENSG00000261267.1	1	1	1	1	1111	4
500261272	protein_coding	MUC22	ENSG00000261272	1	1	0	0	1100	2
500261359	protein_coding	C16orf98	ENSG00000261359	1	0	0	0	1000	1
500261372	lncRNA	ENSG00000261372.1	ENSG00000261372.1	1	0	1	0	1010	2
500261390	lncRNA	ENSG00000261390.1	ENSG00000261390.1	1	1	1	1	1111	4
500261441	lncRNA	ENSG00000261441.1	ENSG00000261441.1	1	1	1	0	1110	3
500261451	lncRNA	ENSG00000261451.1	ENSG00000261451.1	1	1	1	1	1111	4
500261572	lncRNA	ENSG00000261572.1	ENSG00000261572.1	1	1	1	1	1111	4
500261594	protein_coding	TPBGL	ENSG00000261594	1	1	1	1	1111	4
500261606	lncRNA	ENSG00000261606.1	ENSG00000261606.1	1	1	1	1	1111	4
500261611	protein_coding	AC010547.9	ENSG00000261611	1	0	0	0	1000	1
500261617	lncRNA	ENSG00000261617.1	ENSG00000261617.1	1	0	1	0	1010	2
500261644	lncRNA	ENSG00000261644.1	ENSG00000261644.1	1	1	1	1	1111	4
500261645	lncRNA	ENSG00000261645.1	ENSG00000261645.1	1	1	1	0	1110	3
500261687	lncRNA	ENSG00000261687.1	ENSG00000261687.1	1	1	1	1	1111	4
500261701	protein_coding	HPR	ENSG00000261701	1	1	1	1	1111	4
500261711	protein_coding	RP11-80F22.9	ENSG00000261711	1	0	0	0	1000	1
500261758	lncRNA	ENSG00000261758.1	ENSG00000261758.1	1	1	1	1	1111	4
500261766	lncRNA	ENSG00000261766.1	ENSG00000261766.1	1	1	0	0	1100	2
500261799	lncRNA	ENSG00000261799.1	ENSG00000261799.1	1	1	1	1	1111	4
500261839	lncRNA	ENSG00000261839.1	ENSG00000261839.1	1	1	1	1	1111	4
500261884	protein_coding	CTC-479C5.12	ENSG00000261884	1	0	0	0	1000	1
500262136	lncRNA	ENSG00000262136.1	ENSG00000262136.1	1	1	1	1	1111	4
500262151	lncRNA	ENSG00000262151.1	ENSG00000262151.1	1	1	1	1	1111	4
500262222	lncRNA	ENSG00000262222.1	ENSG00000262222.1	1	1	1	1	1111	4
500262370	lncRNA	ENSG00000262370.1	ENSG00000262370.1	1	1	0	0	1100	2
500262420	lncRNA	ENSG00000262420.2	ENSG00000262420.2	1	1	1	1	1111	4
500262454	lncRNA	ENSG00000262454.1	ENSG00000262454.1	1	1	0	1	1101	3
500262670	lncRNA	ENSG00000262670.1	ENSG00000262670.1	1	1	0	0	1100	2
500262810	lncRNA	ENSG00000262810.1	ENSG00000262810.1	1	1	1	1	1111	4
500262944	lncRNA	ENSG00000262944.1	ENSG00000262944.1	1	1	1	1	1111	4
500263142	protein_coding	LRRC37A17P	ENSG00000263142	1	0	0	0	1000	1
500263146	lncRNA	ENSG00000263146.2	ENSG00000263146.2	1	1	1	0	1110	3
500263155	protein_coding	MYZAP	ENSG00000263155	1	0	0	0	1000	1
500263244	lncRNA	ENSG00000263244.1	ENSG00000263244.1	1	1	1	1	1111	4
500263276	lncRNA	ENSG00000263276.1	ENSG00000263276.1	1	1	1	1	1111	4
500263307	lncRNA	ENSG00000263307.1	ENSG00000263307.1	1	0	1	0	1010	2
500263327	lncRNA	ENSG00000263327.2	ENSG00000263327.2	1	1	1	1	1111	4
500263568	protein_coding	MIR3916	ENSG00000263568	1	0	0	0	1000	1
500263575	protein_coding	MIR4665	ENSG00000263575	1	1	0	0	1100	2
500263606	protein_coding	RP11-737O24.3	ENSG00000263606	1	0	0	0	1000	1
500263709	lncRNA	ENSG00000263709.1	ENSG00000263709.1	1	1	1	1	1111	4
500263724	lncRNA	ENSG00000263724.1	ENSG00000263724.1	1	1	1	1	1111	4
500263766	lncRNA	ENSG00000263766.1	ENSG00000263766.1	1	1	1	1	1111	4
500263816	protein_coding	MIR548AW	ENSG00000263816	1	0	0	0	1000	1
500263923	lncRNA	ENSG00000263923.1	ENSG00000263923.1	1	1	1	1	1111	4
500263963	protein_coding	MIR4461	ENSG00000263963	1	0	0	0	1000	1
500264050	protein_coding	RP11-22N12.2	ENSG00000264050	1	0	0	0	1000	1
500264066	lncRNA	ENSG00000264066.3	ENSG00000264066.3	1	1	1	1	1111	4
500264084	protein_coding	MIR5688	ENSG00000264084	1	0	0	0	1000	1
500264316	protein_coding	RP11-846F4.9	ENSG00000264316	1	0	0	0	1000	1
500264324	protein_coding	RP11-287D1.3	ENSG00000264324	1	0	0	1	1001	2
500264386	protein_coding	MIR4513	ENSG00000264386	1	0	0	0	1000	1
500264458	lncRNA	ENSG00000264458.1	ENSG00000264458.1	1	0	1	1	1011	3
500264482	protein_coding	MIR4705	ENSG00000264482	1	1	0	0	1100	2
500264515	lncRNA	ENSG00000264515.1	ENSG00000264515.1	1	1	1	1	1111	4
500264569	lncRNA	ENSG00000264569.1	ENSG00000264569.1	1	1	1	0	1110	3
500264584	lncRNA	ENSG00000264584.1	ENSG00000264584.1	1	1	1	1	1111	4
500264589	lncRNA	ENSG00000264589.1	ENSG00000264589.1	1	1	1	1	1111	4
500264745	lncRNA	ENSG00000264745.1	ENSG00000264745.1	1	1	1	0	1110	3
500264839	protein_coding	AC113407.1	ENSG00000264839	1	0	0	0	1000	1
500264947	protein_coding	hsa-mir-3181	ENSG00000264947	1	0	0	0	1000	1
500265148	lncRNA	ENSG00000265148.1	ENSG00000265148.1	1	1	1	1	1111	4
500265174	lncRNA	ENSG00000265174.1	ENSG00000265174.1	1	1	1	1	1111	4
500265179	lncRNA	ENSG00000265179.2	ENSG00000265179.2	1	0	1	0	1010	2
500265236	protein_coding	SNORD84	ENSG00000265236	1	0	0	0	1000	1
500265388	lncRNA	ENSG00000265388.1	ENSG00000265388.1	1	0	0	0	1000	1
500265467	protein_coding	AC090559.1	ENSG00000265467	1	0	0	0	1000	1
500265565	protein_coding	MIR3143	ENSG00000265565	1	0	0	0	1000	1
500265710	protein_coding	AL161772.1	ENSG00000265710	1	0	0	0	1000	1
500265752	lncRNA	ENSG00000265752.2	ENSG00000265752.2	1	1	1	0	1110	3
500265817	protein_coding	FSBP	ENSG00000265817	1	0	0	0	1000	1
500265943	lncRNA	ENSG00000265943.1	ENSG00000265943.1	1	1	1	1	1111	4
500266118	protein_coding	RP11-507M3.1	ENSG00000266118	1	0	0	0	1000	1
500266213	lncRNA	ENSG00000266213.1	ENSG00000266213.1	1	1	1	1	1111	4
500266269	protein_coding	AC002395.1	ENSG00000266269	1	0	0	0	1000	1
500266357	lncRNA	ENSG00000266357.1	ENSG00000266357.1	1	1	1	1	1111	4
500266411	lncRNA	ENSG00000266411.1	ENSG00000266411.1	1	1	1	1	1111	4
500266421	protein_coding	MIR4451	ENSG00000266421	1	0	0	0	1000	1
500266446	lncRNA	ENSG00000266446.1	ENSG00000266446.1	1	1	1	1	1111	4
500266501	protein_coding	RP11-766H1.1	ENSG00000266501	1	0	0	0	1000	1
500266529	protein_coding	RP11-846F4.1	ENSG00000266529	1	0	0	0	1000	1
500266573	lncRNA	ENSG00000266573.1	ENSG00000266573.1	1	1	1	1	1111	4
500266677	lncRNA	ENSG00000266677.1	ENSG00000266677.1	1	1	1	1	1111	4
500266714	protein_coding	MYO15B	ENSG00000266714	1	1	0	1	1101	3
500266721	protein_coding	MIR5695	ENSG00000266721	1	0	0	0	1000	1
500266852	protein_coding	MIR4482-1	ENSG00000266852	1	0	0	0	1000	1
500266916	lncRNA	ENSG00000266916.1	ENSG00000266916.1	1	1	0	1	1101	3
500266970	lncRNA	ENSG00000266970.1	ENSG00000266970.1	1	1	1	0	1110	3
500266978	lncRNA	ENSG00000266978.1	ENSG00000266978.1	1	1	1	1	1111	4
500267002	lncRNA	ENSG00000267002.1	ENSG00000267002.1	1	1	0	0	1100	2
500267007	lncRNA	ENSG00000267007.1	ENSG00000267007.1	1	1	1	1	1111	4
500267030	lncRNA	ENSG00000267030.1	ENSG00000267030.1	1	1	0	0	1100	2
500267040	lncRNA	ENSG00000267040.2	ENSG00000267040.2	1	1	1	1	1111	4
500267045	lncRNA	ENSG00000267045.1	ENSG00000267045.1	1	1	1	1	1111	4
500267062	protein_coding	CTD-2659N19.10	ENSG00000267062	1	0	0	0	1000	1
500267097	lncRNA	ENSG00000267097.1	ENSG00000267097.1	1	1	1	1	1111	4
500267125	lncRNA	ENSG00000267125.1	ENSG00000267125.1	1	1	1	1	1111	4
500267212	protein_coding	CTD-2659N19.9	ENSG00000267212	1	0	0	0	1000	1
500267219	lncRNA	ENSG00000267219.1	ENSG00000267219.1	1	1	0	0	1100	2
500267257	lncRNA	ENSG00000267257.1	ENSG00000267257.1	1	1	1	1	1111	4
500267261	protein_coding	CTD-2132N18.3	ENSG00000267261	1	0	0	0	1000	1
500267265	lncRNA	ENSG00000267265.1	ENSG00000267265.1	1	1	0	0	1100	2
500267318	protein_coding	RP11-178C3.1	ENSG00000267318	1	0	0	0	1000	1
500267319	protein_coding	CTD-2528L19.3	ENSG00000267319	1	0	0	0	1000	1
500267345	lncRNA	ENSG00000267345.1	ENSG00000267345.1	1	1	1	0	1110	3
500267360	protein_coding	CTC-454I21.3	ENSG00000267360	1	0	0	0	1000	1
500267432	lncRNA	ENSG00000267432.1	ENSG00000267432.1	1	1	1	1	1111	4
500267454	lncRNA	ENSG00000267454.1	ENSG00000267454.1	1	1	0	0	1100	2
500267470	lncRNA	ENSG00000267470.1	ENSG00000267470.1	1	1	1	0	1110	3
500267506	lncRNA	ENSG00000267506.1	ENSG00000267506.1	1	1	1	1	1111	4
500267519	lncRNA	ENSG00000267519.2	ENSG00000267519.2	1	1	1	1	1111	4
500267520	protein_coding	RP11-373L24.1	ENSG00000267520	1	0	0	0	1000	1
500267575	lncRNA	ENSG00000267575.2	ENSG00000267575.2	1	1	0	0	1100	2
500267578	lncRNA	ENSG00000267578.1	ENSG00000267578.1	1	1	1	1	1111	4
500267586	lncRNA	ENSG00000267586.2	ENSG00000267586.2	1	1	1	1	1111	4
500267594	protein_coding	CYP4F24P	ENSG00000267594	1	0	0	0	1000	1
500267607	lncRNA	ENSG00000267607.1	ENSG00000267607.1	1	1	1	1	1111	4
500267629	lncRNA	ENSG00000267629.2	ENSG00000267629.2	1	1	1	1	1111	4
500267640	lncRNA	ENSG00000267640.1	ENSG00000267640.1	1	1	0	0	1100	2
500267654	lncRNA	ENSG00000267654.1	ENSG00000267654.1	1	1	1	1	1111	4
500267714	lncRNA	ENSG00000267714.1	ENSG00000267714.1	1	1	1	1	1111	4
500267737	lncRNA	ENSG00000267737.1	ENSG00000267737.1	1	1	1	1	1111	4
500267898	lncRNA	ENSG00000267898.1	ENSG00000267898.1	1	1	1	1	1111	4
500268024	protein_coding	AC005549.3	ENSG00000268024	1	0	0	0	1000	1
500268171	protein_coding	AC068620.1	ENSG00000268171	1	0	0	0	1000	1
500268457	protein_coding	AL160175.1	ENSG00000268457	1	0	0	0	1000	1
500268518	lncRNA	ENSG00000268518.1	ENSG00000268518.1	1	1	1	1	1111	4
500268583	lncRNA	ENSG00000268583.1	ENSG00000268583.1	1	1	0	0	1100	2
500268635	protein_coding	DKFZP434E1119	ENSG00000268635	1	0	0	0	1000	1
500268797	protein_coding	CTC-490E21.12	ENSG00000268797	1	0	0	0	1000	1
500268804	lncRNA	ENSG00000268804.1	ENSG00000268804.1	1	1	1	1	1111	4
500269028	protein_coding	MTRNR2L12	ENSG00000269028	1	0	0	0	1000	1
500269093	protein_coding	AC007773.3	ENSG00000269093	1	0	0	0	1000	1
500269235	lncRNA	ENSG00000269235.1	ENSG00000269235.1	1	1	1	0	1110	3
500269404	protein_coding	SPIB	ENSG00000269404	1	0	1	0	1010	2
500269473	lncRNA	ENSG00000269473.1	ENSG00000269473.1	1	1	1	1	1111	4
500269514	protein_coding	DKFZP779L1853	ENSG00000269514	1	0	0	0	1000	1
500269620	protein_coding	AL590560.1	ENSG00000269620	1	0	0	0	1000	1
500269693	protein_coding	CTD-2192J16.20	ENSG00000269693	1	0	0	1	1001	2
500269707	lncRNA	ENSG00000269707.1	ENSG00000269707.1	1	1	0	1	1101	3
500269889	lncRNA	ENSG00000269889.1	ENSG00000269889.1	1	1	1	1	1111	4
500269891	protein_coding	ARHGAP19-SLIT1	ENSG00000269891	1	0	0	1	1001	2
500269927	lncRNA	ENSG00000269927.1	ENSG00000269927.1	1	1	1	1	1111	4
500269998	lncRNA	ENSG00000269998.1	ENSG00000269998.1	1	1	1	1	1111	4
500270049	lncRNA	ENSG00000270049.1	ENSG00000270049.1	1	1	1	0	1110	3
500270117	protein_coding	AP000769.7	ENSG00000270117	1	0	0	0	1000	1
500270195	lncRNA	ENSG00000270195.1	ENSG00000270195.1	1	1	1	0	1110	3
500270210	lncRNA	ENSG00000270210.1	ENSG00000270210.1	1	1	1	0	1110	3
500270225	protein_coding	RP11-475J5.4	ENSG00000270225	1	0	0	0	1000	1
500270230	protein_coding	RP11-475J5.11	ENSG00000270230	1	0	0	0	1000	1
500270299	protein_coding	RP5-850E9.3	ENSG00000270299	1	0	0	0	1000	1
500270344	lncRNA	ENSG00000270344.1	ENSG00000270344.1	1	1	0	1	1101	3
500270361	lncRNA	ENSG00000270361.1	ENSG00000270361.1	1	1	1	0	1110	3
500270388	protein_coding	RP11-475J5.8	ENSG00000270388	1	0	0	0	1000	1
500270457	lncRNA	ENSG00000270457.1	ENSG00000270457.1	1	1	1	0	1110	3
500270640	lncRNA	ENSG00000270640.1	ENSG00000270640.1	1	1	1	1	1111	4
500270820	lncRNA	ENSG00000270820.1	ENSG00000270820.1	1	1	1	1	1111	4
500270898	protein_coding	ASB3	ENSG00000270898	1	1	1	0	1110	3
500270906	protein_coding	RP11-475J5.6	ENSG00000270906	1	0	0	0	1000	1
500270987	protein_coding	RP3-467N11.2	ENSG00000270987	1	0	0	0	1000	1
500271155	lncRNA	ENSG00000271155.1	ENSG00000271155.1	1	1	1	1	1111	4
500271207	protein_coding	RP11-475J5.5	ENSG00000271207	1	0	0	0	1000	1
500271303	protein_coding	SRXN1	ENSG00000271303	1	1	1	1	1111	4
500271314	lncRNA	ENSG00000271314.1	ENSG00000271314.1	1	1	1	1	1111	4
500271327	lncRNA	ENSG00000271327.1	ENSG00000271327.1	1	1	1	1	1111	4
500271417	lncRNA	ENSG00000271417.1	ENSG00000271417.1	1	1	1	1	1111	4
500271480	protein_coding	RP11-475J5.10	ENSG00000271480	1	0	0	0	1000	1
500271484	protein_coding	RP11-132J14.3	ENSG00000271484	1	0	0	0	1000	1
500271555	lncRNA	ENSG00000271555.1	ENSG00000271555.1	1	1	1	0	1110	3
500271581	protein_coding	XXbac-BPG248L24.12	ENSG00000271581	1	0	0	0	1000	1
500271687	protein_coding	MTND5P10	ENSG00000271687	1	0	0	0	1000	1
500271780	lncRNA	ENSG00000271780.1	ENSG00000271780.1	1	1	1	1	1111	4
500271840	lncRNA	ENSG00000271840.1	ENSG00000271840.1	1	1	1	0	1110	3
500271855	lncRNA	ENSG00000271855.1	ENSG00000271855.1	1	1	1	1	1111	4
500271860	lncRNA	ENSG00000271860.1	ENSG00000271860.1	1	1	1	1	1111	4
500271875	protein_coding	RP11-430N14.4	ENSG00000271875	1	0	0	0	1000	1
500271913	lncRNA	ENSG00000271913.1	ENSG00000271913.1	1	1	1	1	1111	4
500271937	lncRNA	ENSG00000271937.1	ENSG00000271937.1	1	1	1	1	1111	4
500271945	lncRNA	ENSG00000271945.1	ENSG00000271945.1	1	1	1	1	1111	4
500272009	lncRNA	ENSG00000272009.1	ENSG00000272009.1	1	1	1	1	1111	4
500272070	lncRNA	ENSG00000272070.1	ENSG00000272070.1	1	1	1	1	1111	4
500272078	lncRNA	ENSG00000272078.1	ENSG00000272078.1	1	1	1	1	1111	4
500272145	lncRNA	ENSG00000272145.1	ENSG00000272145.1	1	1	1	1	1111	4
500272146	lncRNA	ENSG00000272146.1	ENSG00000272146.1	1	1	1	0	1110	3
500272148	lncRNA	ENSG00000272148.1	ENSG00000272148.1	1	1	1	1	1111	4
500272154	lncRNA	ENSG00000272154.1	ENSG00000272154.1	1	1	1	1	1111	4
500272168	lncRNA	ENSG00000272168.1	ENSG00000272168.1	1	1	1	1	1111	4
500272180	lncRNA	ENSG00000272180.1	ENSG00000272180.1	1	1	1	1	1111	4
500272192	lncRNA	ENSG00000272192.1	ENSG00000272192.1	1	1	1	1	1111	4
500272236	lncRNA	ENSG00000272236.1	ENSG00000272236.1	1	1	0	0	1100	2
500272278	protein_coding	AL121932.1	ENSG00000272278	1	0	0	0	1000	1
500272297	protein_coding	RP11-215A19.2	ENSG00000272297	1	0	0	0	1000	1
500272323	lncRNA	ENSG00000272323.1	ENSG00000272323.1	1	1	1	1	1111	4
500272324	lncRNA	ENSG00000272324.1	ENSG00000272324.1	1	0	0	1	1001	2
500272325	protein_coding	NUDT3	ENSG00000272325	1	1	1	0	1110	3
500272333	protein_coding	KMT2B	ENSG00000272333	1	1	1	1	1111	4
500272335	lncRNA	ENSG00000272335.1	ENSG00000272335.1	1	1	1	1	1111	4
500272377	lncRNA	ENSG00000272377.1	ENSG00000272377.1	1	1	1	1	1111	4
500272382	lncRNA	ENSG00000272382.1	ENSG00000272382.1	1	1	1	1	1111	4
500272414	protein_coding	FAM47E	ENSG00000272414	1	0	0	0	1000	1
500272449	lncRNA	ENSG00000272449.1	ENSG00000272449.1	1	1	0	0	1100	2
500272462	lncRNA	ENSG00000272462.2	ENSG00000272462.2	1	1	1	0	1110	3
500272501	lncRNA	ENSG00000272501.1	ENSG00000272501.1	1	1	1	1	1111	4
500272568	lncRNA	ENSG00000272568.1	ENSG00000272568.1	1	1	0	0	1100	2
500272666	lncRNA	ENSG00000272666.1	ENSG00000272666.1	1	1	1	1	1111	4
500272752	lncRNA	ENSG00000272752.1	ENSG00000272752.1	1	1	1	0	1110	3
500272763	lncRNA	ENSG00000272763.1	ENSG00000272763.1	1	0	1	0	1010	2
500272781	protein_coding	MDGA2	ENSG00000272781	1	0	0	0	1000	1
500272846	lncRNA	ENSG00000272846.1	ENSG00000272846.1	1	1	1	1	1111	4
500272894	lncRNA	ENSG00000272894.1	ENSG00000272894.1	1	1	0	0	1100	2
500272908	lncRNA	ENSG00000272908.1	ENSG00000272908.1	1	1	0	0	1100	2
500272916	protein_coding	RP11-574K11.31	ENSG00000272916	1	0	0	0	1000	1
500272933	lncRNA	ENSG00000272933.1	ENSG00000272933.1	1	1	0	1	1101	3
500272991	lncRNA	ENSG00000272991.1	ENSG00000272991.1	1	1	0	1	1101	3
500272994	lncRNA	ENSG00000272994.1	ENSG00000272994.1	1	1	1	1	1111	4
500273002	lncRNA	ENSG00000273002.1	ENSG00000273002.1	1	1	1	1	1111	4
500273025	protein_coding	CELF6	ENSG00000273025	1	0	0	0	1000	1
500273046	lncRNA	ENSG00000273046.1	ENSG00000273046.1	1	0	1	1	1011	3
500273088	protein_coding	RP11-201K10.3	ENSG00000273088	1	0	0	0	1000	1
500273125	lncRNA	ENSG00000273125.1	ENSG00000273125.1	1	1	1	0	1110	3
500273129	lncRNA	ENSG00000273129.1	ENSG00000273129.1	1	1	0	0	1100	2
500273173	protein_coding	SNURF	ENSG00000273173	1	0	0	1	1001	2
500273176	lncRNA	ENSG00000273176.1	ENSG00000273176.1	1	1	1	0	1110	3
500273189	lncRNA	ENSG00000273189.1	ENSG00000273189.1	1	1	1	1	1111	4
500273210	lncRNA	ENSG00000273210.1	ENSG00000273210.1	1	1	0	1	1101	3
500273217	protein_coding	CTC-432M15.3	ENSG00000273217	1	0	0	0	1000	1
500273269	protein_coding	RP11-761B3.1	ENSG00000273269	1	0	0	0	1000	1
500273272	lncRNA	ENSG00000273272.1	ENSG00000273272.1	1	1	1	1	1111	4
500273318	protein_coding	AC018755.2	ENSG00000273318	1	0	0	0	1000	1
500273319	lncRNA	ENSG00000273319.1	ENSG00000273319.1	1	1	1	1	1111	4
500273341	lncRNA	ENSG00000273341.1	ENSG00000273341.1	1	1	0	0	1100	2
500273416	lncRNA	ENSG00000273416.1	ENSG00000273416.1	1	1	0	0	1100	2
500273492	lncRNA	ENSG00000273492.1	ENSG00000273492.1	1	1	0	1	1101	3
